# Blender v2.78 (sub 0) OBJ File: 'Blok.blend'
# www.blender.org
mtllib Blok.mtl
o Blok_Circle.001
v 0.990683 2.674891 -0.011212
v 0.990683 2.638993 -0.191683
v 0.990683 2.536765 -0.344679
v 0.990683 2.383769 -0.446907
v 0.990683 2.203298 -0.482805
v 0.990683 2.022827 -0.446907
v 0.990683 1.869832 -0.344679
v 0.990683 1.767603 -0.191683
v 0.990682 1.731705 -0.011212
v 0.990682 1.767603 0.169258
v 0.990682 1.869832 0.322254
v 0.990683 2.022827 0.424483
v 0.990683 2.203298 0.460380
v 0.990683 2.383769 0.424483
v 0.990682 2.536765 0.322254
v 0.990682 2.638994 0.169258
v 1.036074 2.533413 -0.011212
v 1.036074 2.508285 -0.137542
v 1.036074 2.436725 -0.244639
v 1.036074 2.329628 -0.316199
v 1.036074 2.203298 -0.341327
v 1.036074 2.076969 -0.316199
v 1.036074 1.969872 -0.244639
v 1.036074 1.898312 -0.137542
v 1.036074 1.873183 -0.011212
v 1.036074 1.898312 0.115117
v 1.036074 1.969872 0.222214
v 1.036074 2.076969 0.293774
v 1.036074 2.203298 0.318903
v 1.036074 2.329628 0.293774
v 1.036074 2.436725 0.222214
v 1.036074 2.508285 0.115117
v 1.070338 2.401367 -0.011212
v 1.070338 2.386290 -0.087010
v 1.070338 2.343354 -0.151268
v 1.070338 2.279096 -0.194204
v 1.070338 2.203298 -0.209281
v 1.070338 2.127501 -0.194204
v 1.070338 2.063242 -0.151268
v 1.070338 2.020306 -0.087010
v 1.070338 2.005229 -0.011212
v 1.070338 2.020306 0.064585
v 1.070338 2.063242 0.128844
v 1.070338 2.127501 0.171780
v 1.070338 2.203298 0.186857
v 1.070338 2.279096 0.171780
v 1.070338 2.343354 0.128844
v 1.070338 2.386290 0.064585
v 1.089242 2.282526 -0.011212
v 1.089242 2.276495 -0.041531
v 1.089242 2.259321 -0.067235
v 1.089242 2.233617 -0.084409
v 1.089242 2.203298 -0.090440
v 1.089242 2.172979 -0.084409
v 1.089242 2.147276 -0.067235
v 1.089242 2.130102 -0.041531
v 1.089242 2.124071 -0.011212
v 1.089242 2.130102 0.019107
v 1.089242 2.147276 0.044810
v 1.089242 2.172979 0.061984
v 1.089242 2.203298 0.068015
v 1.089242 2.233617 0.061984
v 1.089242 2.259321 0.044810
v 1.089242 2.276495 0.019107
v 1.093241 2.203298 -0.011212
v -0.979320 2.674891 -0.011213
v -0.979320 2.638993 -0.191684
v -0.979320 2.536765 -0.344679
v -0.979320 2.383769 -0.446908
v -0.979320 2.203298 -0.482806
v -0.979320 2.022827 -0.446908
v -0.979320 1.869832 -0.344679
v -0.979320 1.767603 -0.191684
v -0.979320 1.731705 -0.011213
v -0.979320 1.767603 0.169258
v -0.979321 1.869831 0.322254
v -0.979320 2.022827 0.424482
v -0.979320 2.203298 0.460380
v -0.979320 2.383769 0.424482
v -0.979321 2.536765 0.322254
v -0.979321 2.638993 0.169258
v -1.024712 2.533413 -0.011213
v -1.024712 2.508285 -0.137542
v -1.024712 2.436725 -0.244639
v -1.024712 2.329628 -0.316199
v -1.024712 2.203298 -0.341328
v -1.024712 2.076969 -0.316199
v -1.024712 1.969872 -0.244639
v -1.024712 1.898312 -0.137542
v -1.024712 1.873183 -0.011213
v -1.024712 1.898312 0.115117
v -1.024712 1.969872 0.222214
v -1.024712 2.076969 0.293774
v -1.024712 2.203298 0.318902
v -1.024712 2.329628 0.293774
v -1.024712 2.436725 0.222214
v -1.024712 2.508285 0.115117
v -1.058976 2.401367 -0.011213
v -1.058976 2.386290 -0.087010
v -1.058976 2.343354 -0.151269
v -1.058976 2.279096 -0.194205
v -1.058976 2.203298 -0.209282
v -1.058976 2.127501 -0.194205
v -1.058976 2.063242 -0.151269
v -1.058976 2.020306 -0.087010
v -1.058976 2.005229 -0.011213
v -1.058976 2.020306 0.064585
v -1.058976 2.063242 0.128843
v -1.058976 2.127501 0.171779
v -1.058976 2.203298 0.186856
v -1.058976 2.279096 0.171779
v -1.058976 2.343354 0.128843
v -1.058976 2.386290 0.064585
v -1.077880 2.282526 -0.011213
v -1.077880 2.276495 -0.041532
v -1.077880 2.259320 -0.067235
v -1.077880 2.233617 -0.084409
v -1.077880 2.203298 -0.090440
v -1.077880 2.172979 -0.084409
v -1.077880 2.147276 -0.067235
v -1.077880 2.130101 -0.041532
v -1.077880 2.124070 -0.011213
v -1.077880 2.130101 0.019106
v -1.077880 2.147276 0.044810
v -1.077880 2.172979 0.061984
v -1.077880 2.203298 0.068015
v -1.077880 2.233617 0.061984
v -1.077880 2.259320 0.044810
v -1.077880 2.276495 0.019106
v -1.081879 2.203298 -0.011213
v 0.005681 2.674891 0.985001
v 0.186152 2.638993 0.985001
v 0.339148 2.536765 0.985001
v 0.441376 2.383769 0.985001
v 0.477274 2.203298 0.985001
v 0.441376 2.022827 0.985001
v 0.339148 1.869832 0.985001
v 0.186152 1.767603 0.985001
v 0.005681 1.731705 0.985001
v -0.174790 1.767603 0.985001
v -0.327785 1.869832 0.985002
v -0.430014 2.022827 0.985002
v -0.465912 2.203298 0.985002
v -0.430014 2.383769 0.985002
v -0.327785 2.536765 0.985001
v -0.174790 2.638994 0.985001
v 0.005681 2.533413 1.030393
v 0.132011 2.508285 1.030393
v 0.239108 2.436725 1.030393
v 0.310667 2.329628 1.030393
v 0.335796 2.203298 1.030393
v 0.310667 2.076969 1.030393
v 0.239108 1.969872 1.030393
v 0.132011 1.898312 1.030393
v 0.005681 1.873183 1.030393
v -0.120648 1.898312 1.030393
v -0.227745 1.969872 1.030393
v -0.299305 2.076969 1.030393
v -0.324434 2.203298 1.030393
v -0.299305 2.329628 1.030393
v -0.227745 2.436725 1.030393
v -0.120648 2.508285 1.030393
v 0.005681 2.401367 1.064657
v 0.081479 2.386290 1.064657
v 0.145737 2.343354 1.064657
v 0.188673 2.279096 1.064657
v 0.203750 2.203298 1.064657
v 0.188673 2.127501 1.064657
v 0.145737 2.063242 1.064657
v 0.081479 2.020306 1.064657
v 0.005681 2.005229 1.064657
v -0.070117 2.020306 1.064657
v -0.134375 2.063242 1.064657
v -0.177311 2.127501 1.064657
v -0.192388 2.203298 1.064657
v -0.177311 2.279096 1.064657
v -0.134375 2.343354 1.064657
v -0.070117 2.386290 1.064657
v 0.005681 2.282526 1.083561
v 0.036000 2.276495 1.083561
v 0.061703 2.259321 1.083561
v 0.078878 2.233617 1.083561
v 0.084909 2.203298 1.083561
v 0.078878 2.172979 1.083561
v 0.061703 2.147276 1.083561
v 0.036000 2.130101 1.083561
v 0.005681 2.124071 1.083561
v -0.024638 2.130101 1.083561
v -0.050341 2.147276 1.083561
v -0.067516 2.172979 1.083561
v -0.073547 2.203298 1.083561
v -0.067516 2.233617 1.083561
v -0.050341 2.259321 1.083561
v -0.024638 2.276495 1.083561
v 0.005681 2.203298 1.087560
v 0.005680 2.674891 -0.985002
v 0.186151 2.638993 -0.985002
v 0.339147 2.536765 -0.985002
v 0.441375 2.383769 -0.985002
v 0.477273 2.203298 -0.985002
v 0.441375 2.022827 -0.985002
v 0.339147 1.869832 -0.985002
v 0.186151 1.767603 -0.985002
v 0.005680 1.731705 -0.985002
v -0.174790 1.767603 -0.985001
v -0.327786 1.869832 -0.985002
v -0.430015 2.022827 -0.985001
v -0.465913 2.203298 -0.985001
v -0.430015 2.383769 -0.985001
v -0.327786 2.536765 -0.985002
v -0.174790 2.638993 -0.985001
v 0.005680 2.533413 -1.030393
v 0.132010 2.508285 -1.030393
v 0.239107 2.436725 -1.030393
v 0.310667 2.329628 -1.030393
v 0.335795 2.203298 -1.030393
v 0.310667 2.076969 -1.030393
v 0.239107 1.969872 -1.030393
v 0.132010 1.898312 -1.030393
v 0.005680 1.873183 -1.030393
v -0.120649 1.898312 -1.030393
v -0.227746 1.969872 -1.030393
v -0.299306 2.076969 -1.030393
v -0.324435 2.203298 -1.030393
v -0.299306 2.329628 -1.030393
v -0.227746 2.436725 -1.030393
v -0.120649 2.508285 -1.030393
v 0.005680 2.401367 -1.064657
v 0.081478 2.386290 -1.064657
v 0.145736 2.343354 -1.064657
v 0.188672 2.279096 -1.064657
v 0.203749 2.203298 -1.064657
v 0.188672 2.127501 -1.064657
v 0.145736 2.063242 -1.064657
v 0.081478 2.020306 -1.064657
v 0.005680 2.005229 -1.064657
v -0.070117 2.020306 -1.064657
v -0.134376 2.063242 -1.064657
v -0.177312 2.127501 -1.064657
v -0.192389 2.203298 -1.064657
v -0.177312 2.279096 -1.064657
v -0.134376 2.343354 -1.064657
v -0.070117 2.386290 -1.064657
v 0.005680 2.282526 -1.083561
v 0.035999 2.276495 -1.083561
v 0.061703 2.259320 -1.083560
v 0.078877 2.233617 -1.083561
v 0.084908 2.203298 -1.083561
v 0.078877 2.172979 -1.083561
v 0.061703 2.147276 -1.083561
v 0.035999 2.130101 -1.083561
v 0.005680 2.124071 -1.083561
v -0.024639 2.130101 -1.083561
v -0.050342 2.147276 -1.083561
v -0.067516 2.172979 -1.083561
v -0.073547 2.203298 -1.083561
v -0.067516 2.233617 -1.083561
v -0.050342 2.259320 -1.083561
v -0.024639 2.276495 -1.083561
v 0.005680 2.203298 -1.087560
v 0.814004 0.816316 -1.083721
v 0.801242 0.767798 -1.110510
v 0.864928 0.575633 -1.204751
v 0.822526 0.665390 -1.154587
v 0.827951 0.816027 -1.100067
v 0.823496 0.779849 -1.125939
v 0.880736 0.596233 -1.225383
v 0.847130 0.700261 -1.163262
v 0.943762 0.457291 -1.280979
v 0.932262 0.442780 -1.262759
v 0.835683 0.640612 -1.170871
v 0.852967 0.657805 -1.192024
v 0.807190 0.725475 -1.129545
v 0.828236 0.738859 -1.148431
v 0.898349 0.515270 -1.233871
v 0.912374 0.533262 -1.254115
v 0.990730 0.346773 -1.295412
v 0.847453 0.850909 -1.050070
v 0.897250 0.820467 -1.043637
v 0.929987 0.774218 -1.048518
v 0.979537 0.581349 -1.149565
v 0.959449 0.672219 -1.088657
v 0.868569 0.772705 -1.085826
v 0.890324 0.684893 -1.121911
v 0.926126 0.576458 -1.185032
v 0.991618 0.363299 -1.298968
v 0.874974 0.822394 -1.104272
v 0.901375 0.819689 -1.064713
v 0.927248 0.785023 -1.075981
v 0.984164 0.601391 -1.175581
v 0.948137 0.705298 -1.114625
v 0.945926 0.631113 -1.231814
v 0.907367 0.726756 -1.161642
v 0.888043 0.799172 -1.129009
v 0.999673 0.460080 -1.254057
v 0.979959 0.476597 -1.286489
v 0.966265 0.444826 -1.254760
v 0.993763 0.445847 -1.233145
v 0.855461 0.845749 -1.066167
v 0.965995 0.647110 -1.108125
v 0.904740 0.641793 -1.147386
v 0.970387 0.663661 -1.135485
v 0.927285 0.687653 -1.198957
v 0.944569 0.732326 -1.063396
v 0.879466 0.728087 -1.103834
v 0.945167 0.744690 -1.092128
v 0.901204 0.756731 -1.151947
v 0.986404 0.519662 -1.191472
v 0.945949 0.516706 -1.220013
v 0.992044 0.537235 -1.215753
v 0.962351 0.559515 -1.258510
v 0.622671 0.680281 -0.649124
v 0.642972 0.688837 -0.637265
v 0.601303 0.684625 -0.661391
v 0.584592 0.700705 -0.670779
v 0.577018 0.724211 -0.674774
v 0.580608 0.748847 -0.672303
v 0.594402 0.768009 -0.664030
v 0.614702 0.776565 -0.652172
v 0.636071 0.772221 -0.639905
v 0.652781 0.756142 -0.630516
v 0.660356 0.732635 -0.626522
v 0.656765 0.708000 -0.628992
v 0.585845 0.689385 -0.587207
v 0.601645 0.696044 -0.577977
v 0.569214 0.692766 -0.596755
v 0.556207 0.705281 -0.604062
v 0.550312 0.723577 -0.607171
v 0.553106 0.742751 -0.605248
v 0.563842 0.757666 -0.598809
v 0.579643 0.764325 -0.589579
v 0.596274 0.760944 -0.580032
v 0.609280 0.748429 -0.572724
v 0.615176 0.730133 -0.569616
v 0.612381 0.710959 -0.571538
v 0.690312 0.688176 -0.767143
v 0.708536 0.695856 -0.756498
v 0.671130 0.692075 -0.778155
v 0.656129 0.706510 -0.786583
v 0.649329 0.727612 -0.790168
v 0.652552 0.749727 -0.787951
v 0.664935 0.766929 -0.780524
v 0.683159 0.774609 -0.769879
v 0.702341 0.770710 -0.758867
v 0.717342 0.756276 -0.750439
v 0.724141 0.735174 -0.746854
v 0.720918 0.713059 -0.749071
v 0.791920 0.667872 -0.940691
v 0.816025 0.678031 -0.926611
v 0.766547 0.673030 -0.955257
v 0.746705 0.692123 -0.966405
v 0.737636 0.730772 -0.971018
v 0.741899 0.760024 -0.968085
v 0.758278 0.782778 -0.958262
v 0.782383 0.792937 -0.944181
v 0.807755 0.787779 -0.929615
v 0.827598 0.768686 -0.918467
v 0.836592 0.740774 -0.913724
v 0.832404 0.700785 -0.916787
v 0.828791 0.684080 -1.006060
v 0.849270 0.692710 -0.994098
v 0.807236 0.688462 -1.018434
v 0.790379 0.704682 -1.027905
v 0.782705 0.733166 -1.031876
v 0.786327 0.758017 -1.029384
v 0.800241 0.777348 -1.021040
v 0.820720 0.785978 -1.009077
v 0.842275 0.781596 -0.996703
v 0.859132 0.765376 -0.987232
v 0.866773 0.741664 -0.983203
v 0.863184 0.712041 -0.985753
v 0.841042 0.679456 -0.967864
v 0.857959 0.699880 -0.957768
v 0.862273 0.741985 -0.954598
v 0.852995 0.770777 -0.959491
v 0.764593 0.761842 -1.010674
v 0.760195 0.731667 -1.013699
v 0.781488 0.785313 -1.000541
v 0.806354 0.795793 -0.986016
v 0.769557 0.690944 -1.008952
v 0.790003 0.674298 -0.997415
v 0.832527 0.790472 -0.970990
v 0.814217 0.664748 -0.978996
v 0.645647 0.732189 -0.593192
v 0.641764 0.705544 -0.595864
v 0.604889 0.675565 -0.617638
v 0.626845 0.684819 -0.604812
v 0.581778 0.680263 -0.630905
v 0.637455 0.757612 -0.597513
v 0.619381 0.775003 -0.607667
v 0.555513 0.723078 -0.645379
v 0.563705 0.697654 -0.641059
v 0.559396 0.749722 -0.642707
v 0.574314 0.770447 -0.633760
v 0.596271 0.779701 -0.620934
v 0.785763 0.738255 -0.837803
v 0.777722 0.763209 -0.842043
v 0.701104 0.755465 -0.886403
v 0.697292 0.729313 -0.889025
v 0.715747 0.775808 -0.877621
v 0.737298 0.784890 -0.865032
v 0.705334 0.704358 -0.884785
v 0.723073 0.687289 -0.874818
v 0.759982 0.780279 -0.852010
v 0.781951 0.712103 -0.840425
v 0.745757 0.682677 -0.861796
v 0.767308 0.691760 -0.849207
v 0.677548 0.710217 -0.670184
v 0.680926 0.733391 -0.667861
v 0.645476 0.684142 -0.689122
v 0.664572 0.692190 -0.677967
v 0.625374 0.688228 -0.700661
v 0.673800 0.755504 -0.671618
v 0.658081 0.770629 -0.680450
v 0.602530 0.725466 -0.713251
v 0.609655 0.703354 -0.709493
v 0.605907 0.748641 -0.710927
v 0.618883 0.766667 -0.703145
v 0.637980 0.774716 -0.691989
v 0.832387 0.702359 -1.015447
v 0.845251 0.707780 -1.007933
v 0.818846 0.705111 -1.023221
v 0.808257 0.715300 -1.029170
v 0.803424 0.734968 -1.031643
v 0.805699 0.750579 -1.030078
v 0.814440 0.762722 -1.024836
v 0.827304 0.768144 -1.017321
v 0.840845 0.765391 -1.009548
v 0.851434 0.755202 -1.003599
v 0.856234 0.740306 -1.001067
v 0.853992 0.719923 -1.002690
v 0.833460 0.737794 -1.022689
v 0.631557 0.731309 -0.579423
v 0.594961 0.680468 -0.601372
v 0.574210 0.684687 -0.613284
v 0.624201 0.754137 -0.583302
v 0.550627 0.723129 -0.626280
v 0.554113 0.747052 -0.623881
v 0.567508 0.765661 -0.615848
v 0.587222 0.773970 -0.604331
v 0.628070 0.707386 -0.581822
v 0.614675 0.688777 -0.589856
v 0.607973 0.769752 -0.592419
v 0.557982 0.700301 -0.622401
v 0.580119 0.699664 -0.579125
v 0.591495 0.704459 -0.572480
v 0.568144 0.702099 -0.585999
v 0.558780 0.711110 -0.591260
v 0.554535 0.724283 -0.593499
v 0.556547 0.738088 -0.592114
v 0.564277 0.748827 -0.587479
v 0.575653 0.753621 -0.580833
v 0.587628 0.751187 -0.573959
v 0.596992 0.742176 -0.568698
v 0.601237 0.729003 -0.566459
v 0.599225 0.715198 -0.567844
v 0.575091 0.726520 -0.575180
v 0.569798 0.669762 -0.552052
v 0.518399 0.672800 -0.455746
v 0.477522 0.663649 -0.377187
v 0.399340 0.815265 -0.255740
v 0.554995 0.683401 -0.526489
v 0.579581 0.699592 -0.473917
v 0.574008 0.692470 -0.433752
v 0.566761 0.686504 -0.389845
v 0.553486 0.690518 -0.347142
v 0.535088 0.704238 -0.308553
v 0.512821 0.726729 -0.276707
v 0.488201 0.756459 -0.253775
v 0.462907 0.791400 -0.241319
v 0.438662 0.829173 -0.240188
v 0.417119 0.867203 -0.250460
v 0.591305 0.696244 -0.512128
v 0.521389 0.689922 -0.549244
v 0.614623 0.734012 -0.471381
v 0.618859 0.736525 -0.430506
v 0.621693 0.740461 -0.385870
v 0.614754 0.750699 -0.342709
v 0.598517 0.766541 -0.303963
v 0.574088 0.786910 -0.272273
v 0.543132 0.810415 -0.249800
v 0.507758 0.835456 -0.238073
v 0.470377 0.860325 -0.237893
v 0.433536 0.883328 -0.249272
v 0.499493 0.714059 -0.574295
v 0.631870 0.778262 -0.484173
v 0.640934 0.793161 -0.446878
v 0.648729 0.809826 -0.405922
v 0.644909 0.828065 -0.365073
v 0.629736 0.846638 -0.327116
v 0.604244 0.864277 -0.294638
v 0.570169 0.879780 -0.269851
v 0.529833 0.892092 -0.254445
v 0.485986 0.900373 -0.249470
v 0.441616 0.904059 -0.255264
v 0.495173 0.749346 -0.594930
v 0.626701 0.820484 -0.508864
v 0.634318 0.847203 -0.478481
v 0.640626 0.876013 -0.444627
v 0.635872 0.901888 -0.408244
v 0.620380 0.923064 -0.371810
v 0.595206 0.938099 -0.337808
v 0.562066 0.945968 -0.308557
v 0.523217 0.946134 -0.286048
v 0.481308 0.938586 -0.271817
v 0.439195 0.923839 -0.266832
v 0.509587 0.786326 -0.605620
v 0.600501 0.849365 -0.538839
v 0.600784 0.884170 -0.516847
v 0.599555 0.921288 -0.491616
v 0.590063 0.952385 -0.460652
v 0.572955 0.975343 -0.426068
v 0.549398 0.988597 -0.390217
v 0.520994 0.991243 -0.355545
v 0.489683 0.983101 -0.324414
v 0.457596 0.964726 -0.298946
v 0.426920 0.937370 -0.280875
v 0.538873 0.815092 -0.603501
v 0.560290 0.857168 -0.566065
v 0.549317 0.894156 -0.551695
v 0.536521 0.933519 -0.534297
v 0.519758 0.966027 -0.508257
v 0.500170 0.989466 -0.475351
v 0.479092 1.002239 -0.437822
v 0.457960 1.003474 -0.398226
v 0.438216 0.993087 -0.359263
v 0.421203 0.971787 -0.323587
v 0.408082 0.941026 -0.293630
v 0.575183 0.827935 -0.589140
v 0.516843 0.841800 -0.583249
v 0.493707 0.874487 -0.573689
v 0.468414 0.909429 -0.561233
v 0.443794 0.939158 -0.538301
v 0.421526 0.961649 -0.506455
v 0.403128 0.975369 -0.467866
v 0.389853 0.979383 -0.425163
v 0.382606 0.973418 -0.381257
v 0.381881 0.957879 -0.339139
v 0.387727 0.933826 -0.301681
v 0.608788 0.821415 -0.566385
v 0.481802 0.807380 -0.585785
v 0.448856 0.830431 -0.576935
v 0.413482 0.855472 -0.565209
v 0.382526 0.878977 -0.542735
v 0.358097 0.899346 -0.511046
v 0.341860 0.915189 -0.472300
v 0.334922 0.925427 -0.429139
v 0.337755 0.929362 -0.384503
v 0.350167 0.926727 -0.341434
v 0.371311 0.917701 -0.302869
v 0.630685 0.797277 -0.541334
v 0.464554 0.763131 -0.572994
v 0.426781 0.773795 -0.560563
v 0.386446 0.786107 -0.545157
v 0.352370 0.801611 -0.520370
v 0.326878 0.819250 -0.487892
v 0.311705 0.837822 -0.449935
v 0.307885 0.856062 -0.409087
v 0.315680 0.872726 -0.368130
v 0.334557 0.886679 -0.329858
v 0.363231 0.896970 -0.296876
v 0.635005 0.761991 -0.520699
v 0.469724 0.720909 -0.548303
v 0.433397 0.719753 -0.528960
v 0.394549 0.719919 -0.506451
v 0.361408 0.727788 -0.477200
v 0.336234 0.742823 -0.443199
v 0.320743 0.763999 -0.406765
v 0.315988 0.789874 -0.370381
v 0.322296 0.818684 -0.336528
v 0.339235 0.848466 -0.307511
v 0.365652 0.877190 -0.285309
v 0.620591 0.725010 -0.510009
v 0.495924 0.692027 -0.518328
v 0.466931 0.682786 -0.490594
v 0.435620 0.674645 -0.459463
v 0.407217 0.677291 -0.424791
v 0.383659 0.690544 -0.388941
v 0.366551 0.713502 -0.354356
v 0.357059 0.744599 -0.323393
v 0.355830 0.781717 -0.298162
v 0.362948 0.822326 -0.280382
v 0.377927 0.863659 -0.271266
v 0.536134 0.684225 -0.491101
v 0.498654 0.662414 -0.416782
v 0.456445 0.676421 -0.339657
v 0.436856 0.699860 -0.306751
v 0.420093 0.732368 -0.280712
v 0.407297 0.771731 -0.263313
v 0.396765 0.860003 -0.258510
v 0.399747 0.902898 -0.271434
v 0.606313 0.682678 -0.537610
v 0.536004 0.676319 -0.574934
v 0.513985 0.700593 -0.600126
v 0.509640 0.736078 -0.620877
v 0.524135 0.773266 -0.631628
v 0.553586 0.802194 -0.629496
v 0.590100 0.815109 -0.615054
v 0.623894 0.808552 -0.592172
v 0.645914 0.784279 -0.566980
v 0.650258 0.748794 -0.546229
v 0.635763 0.711605 -0.535479
v 0.576629 0.696365 -0.569450
v 0.598537 0.704114 -0.560785
v 0.556352 0.700299 -0.583179
v 0.543140 0.714863 -0.598295
v 0.540534 0.736154 -0.610746
v 0.549231 0.758467 -0.617196
v 0.566901 0.775824 -0.615917
v 0.588810 0.783573 -0.607252
v 0.609086 0.779639 -0.593522
v 0.622298 0.765075 -0.578407
v 0.624905 0.743784 -0.565957
v 0.616208 0.721471 -0.559506
v 0.837540 0.780650 -1.097365
v 0.844493 0.722721 -1.124849
v 0.818938 0.749318 -1.033926
v 0.829414 0.692422 -1.061822
v 0.893582 0.783024 -1.070629
v 0.914546 0.725688 -1.091429
v 0.858168 0.750980 -1.015211
v 0.878451 0.694499 -1.038429
v 0.822567 0.759914 -1.056917
v 0.830296 0.702102 -1.084231
v 0.873005 0.762051 -1.032855
v 0.893343 0.704773 -1.054154
v 0.833626 0.744368 -1.013728
v 0.849598 0.688015 -1.039735
v 0.860791 0.801003 -1.075700
v 0.884553 0.703566 -1.116857
v 0.866853 0.682799 -1.077910
v 0.843091 0.780236 -1.036753
v 0.837366 0.751948 -1.112504
v 0.818632 0.718084 -1.043148
v 0.867669 0.720161 -1.019754
v 0.907419 0.754915 -1.079085
v 0.886216 0.734000 -1.041808
v 0.823169 0.731328 -1.071886
v 0.872392 0.753431 -1.095794
v 0.836992 0.711897 -1.017900
v 0.905850 0.646052 -1.104400
v 0.924084 0.658572 -1.123515
v 0.901063 0.635866 -1.145452
v 0.868042 0.656198 -1.150251
v 0.865499 0.644342 -1.123650
v 0.881903 0.640771 -1.105725
v 0.924042 0.686751 -1.107876
v 0.889015 0.685267 -1.124586
v 0.901249 0.671100 -1.083982
v 0.850811 0.668964 -1.108045
v 0.871315 0.664500 -1.085639
v 0.853989 0.683784 -1.141296
v -0.817795 0.816316 -1.077155
v -0.805033 0.767798 -1.103944
v -0.868719 0.575633 -1.198185
v -0.826317 0.665390 -1.148021
v -0.831743 0.816027 -1.093501
v -0.827287 0.779849 -1.119373
v -0.884527 0.596233 -1.218817
v -0.850922 0.700261 -1.156695
v -0.947553 0.457291 -1.274413
v -0.936053 0.442780 -1.256193
v -0.839474 0.640612 -1.164305
v -0.856758 0.657805 -1.185458
v -0.810981 0.725475 -1.122979
v -0.832028 0.738859 -1.141865
v -0.902140 0.515270 -1.227305
v -0.916165 0.533262 -1.247548
v -0.994521 0.346773 -1.288846
v -0.851244 0.850909 -1.043504
v -0.901041 0.820467 -1.037071
v -0.933779 0.774218 -1.041952
v -0.983329 0.581349 -1.142999
v -0.963240 0.672219 -1.082091
v -0.872361 0.772705 -1.079260
v -0.894116 0.684893 -1.115345
v -0.929917 0.576458 -1.178466
v -0.995409 0.363299 -1.292402
v -0.878765 0.822395 -1.097706
v -0.905166 0.819689 -1.058146
v -0.931039 0.785024 -1.069415
v -0.987955 0.601391 -1.169015
v -0.951928 0.705298 -1.108059
v -0.949717 0.631113 -1.225248
v -0.911159 0.726756 -1.155076
v -0.891834 0.799172 -1.122443
v -1.003464 0.460080 -1.247491
v -0.983750 0.476597 -1.279923
v -0.970056 0.444826 -1.248193
v -0.997555 0.445847 -1.226579
v -0.859252 0.845749 -1.059601
v -0.969786 0.647110 -1.101559
v -0.908531 0.641793 -1.140820
v -0.974178 0.663661 -1.128919
v -0.931076 0.687653 -1.192391
v -0.948361 0.732326 -1.056830
v -0.883257 0.728087 -1.097268
v -0.948958 0.744691 -1.085561
v -0.904996 0.756731 -1.145381
v -0.990196 0.519662 -1.184906
v -0.949740 0.516706 -1.213446
v -0.995835 0.537235 -1.209187
v -0.966142 0.559515 -1.251943
v -0.626462 0.680281 -0.642558
v -0.646763 0.688837 -0.630699
v -0.605094 0.684625 -0.654825
v -0.588383 0.700705 -0.664213
v -0.580808 0.724212 -0.668208
v -0.584399 0.748847 -0.665738
v -0.598193 0.768010 -0.657465
v -0.618493 0.776565 -0.645606
v -0.639862 0.772222 -0.633339
v -0.656572 0.756142 -0.623950
v -0.664147 0.732635 -0.619956
v -0.660556 0.708000 -0.622427
v -0.589636 0.689385 -0.580641
v -0.605436 0.696044 -0.571411
v -0.573004 0.692766 -0.590189
v -0.559998 0.705281 -0.597496
v -0.554103 0.723577 -0.600605
v -0.556897 0.742751 -0.598682
v -0.567633 0.757666 -0.592243
v -0.583434 0.764325 -0.583014
v -0.600065 0.760944 -0.573466
v -0.613071 0.748429 -0.566159
v -0.618967 0.730133 -0.563050
v -0.616172 0.710959 -0.564972
v -0.694103 0.688176 -0.760577
v -0.712327 0.695857 -0.749932
v -0.674921 0.692076 -0.771589
v -0.659920 0.706510 -0.780017
v -0.653120 0.727612 -0.783603
v -0.656343 0.749727 -0.781385
v -0.668726 0.766929 -0.773958
v -0.686949 0.774610 -0.763313
v -0.706132 0.770710 -0.752301
v -0.721133 0.756276 -0.743873
v -0.727932 0.735174 -0.740288
v -0.724709 0.713059 -0.742505
v -0.795711 0.667872 -0.934126
v -0.819816 0.678031 -0.920044
v -0.770338 0.673030 -0.948691
v -0.750496 0.692123 -0.959839
v -0.741427 0.730772 -0.964452
v -0.745690 0.760024 -0.961519
v -0.762069 0.782778 -0.951696
v -0.786174 0.792937 -0.937615
v -0.811547 0.787779 -0.923049
v -0.831389 0.768686 -0.911901
v -0.840383 0.740774 -0.907158
v -0.836194 0.700786 -0.910221
v -0.832582 0.684080 -0.999494
v -0.853061 0.692711 -0.987532
v -0.811027 0.688462 -1.011868
v -0.794170 0.704682 -1.021339
v -0.786496 0.733166 -1.025310
v -0.790118 0.758017 -1.022819
v -0.804032 0.777348 -1.014474
v -0.824511 0.785978 -1.002511
v -0.846066 0.781596 -0.990137
v -0.862923 0.765376 -0.980666
v -0.870564 0.741664 -0.976637
v -0.866975 0.712041 -0.979187
v -0.844833 0.679457 -0.961298
v -0.861750 0.699880 -0.951202
v -0.866064 0.741985 -0.948032
v -0.856786 0.770777 -0.952925
v -0.768384 0.761842 -1.004108
v -0.763986 0.731667 -1.007134
v -0.785279 0.785314 -0.993975
v -0.810145 0.795793 -0.979450
v -0.773347 0.690944 -1.002386
v -0.793794 0.674298 -0.990849
v -0.836318 0.790473 -0.964425
v -0.818008 0.664748 -0.972430
v -0.649438 0.732189 -0.586627
v -0.645555 0.705544 -0.589298
v -0.608680 0.675565 -0.611072
v -0.630636 0.684819 -0.598246
v -0.585569 0.680264 -0.624339
v -0.641245 0.757612 -0.590947
v -0.623172 0.775003 -0.601101
v -0.559303 0.723078 -0.638813
v -0.567496 0.697654 -0.634493
v -0.563187 0.749722 -0.636141
v -0.578105 0.770448 -0.627194
v -0.600061 0.779701 -0.614368
v -0.789554 0.738255 -0.831237
v -0.781513 0.763209 -0.835477
v -0.704895 0.755465 -0.879837
v -0.701084 0.729313 -0.882459
v -0.719538 0.775808 -0.871055
v -0.741089 0.784891 -0.858466
v -0.709125 0.704358 -0.878219
v -0.726864 0.687289 -0.868253
v -0.763773 0.780279 -0.845443
v -0.785742 0.712103 -0.833859
v -0.749548 0.682678 -0.855230
v -0.771099 0.691760 -0.842641
v -0.681339 0.710217 -0.663619
v -0.684717 0.733391 -0.661295
v -0.649266 0.684142 -0.682556
v -0.668363 0.692190 -0.671401
v -0.629165 0.688228 -0.694095
v -0.677591 0.755504 -0.665052
v -0.661871 0.770630 -0.673884
v -0.606320 0.725467 -0.706685
v -0.613446 0.703354 -0.702927
v -0.609698 0.748641 -0.704361
v -0.622674 0.766668 -0.696579
v -0.641770 0.774716 -0.685423
v -0.836178 0.702359 -1.008881
v -0.849042 0.707780 -1.001367
v -0.822637 0.705112 -1.016655
v -0.812048 0.715301 -1.022604
v -0.807215 0.734968 -1.025078
v -0.809490 0.750579 -1.023512
v -0.818231 0.762722 -1.018270
v -0.831095 0.768144 -1.010755
v -0.844635 0.765391 -1.002982
v -0.855224 0.755202 -0.997033
v -0.860024 0.740306 -0.994502
v -0.857782 0.719923 -0.996124
v -0.837251 0.737795 -1.016123
v -0.635347 0.731309 -0.572857
v -0.598752 0.680468 -0.594806
v -0.578001 0.684687 -0.606718
v -0.627991 0.754137 -0.576736
v -0.554417 0.723129 -0.619714
v -0.557904 0.747052 -0.617315
v -0.571299 0.765662 -0.609282
v -0.591013 0.773970 -0.597766
v -0.631861 0.707386 -0.575256
v -0.618466 0.688777 -0.583290
v -0.611764 0.769752 -0.585853
v -0.561773 0.700302 -0.615835
v -0.583910 0.699665 -0.572559
v -0.595286 0.704459 -0.565914
v -0.571935 0.702099 -0.579433
v -0.562571 0.711110 -0.584695
v -0.558326 0.724283 -0.586933
v -0.560338 0.738088 -0.585549
v -0.568068 0.748827 -0.580913
v -0.579444 0.753621 -0.574267
v -0.591419 0.751187 -0.567393
v -0.600783 0.742176 -0.562132
v -0.605028 0.729003 -0.559893
v -0.603016 0.715198 -0.561278
v -0.578882 0.726520 -0.568614
v -0.573589 0.669762 -0.545486
v -0.522189 0.672800 -0.449180
v -0.481313 0.663649 -0.370621
v -0.403131 0.815265 -0.249174
v -0.558786 0.683401 -0.519924
v -0.583372 0.699592 -0.467351
v -0.577799 0.692470 -0.427186
v -0.570552 0.686504 -0.383280
v -0.557277 0.690518 -0.340577
v -0.538879 0.704238 -0.301987
v -0.516611 0.726729 -0.270141
v -0.491991 0.756459 -0.247209
v -0.466698 0.791400 -0.234753
v -0.442453 0.829173 -0.233622
v -0.420910 0.867203 -0.243894
v -0.595096 0.696244 -0.505563
v -0.525180 0.689922 -0.542678
v -0.618413 0.734012 -0.464815
v -0.622650 0.736525 -0.423940
v -0.625483 0.740461 -0.379304
v -0.618545 0.750699 -0.336143
v -0.602308 0.766542 -0.297397
v -0.577879 0.786910 -0.265707
v -0.546923 0.810415 -0.243234
v -0.511549 0.835456 -0.231507
v -0.474168 0.860325 -0.231327
v -0.437327 0.883329 -0.242706
v -0.503284 0.714059 -0.567729
v -0.635661 0.778262 -0.477607
v -0.644725 0.793161 -0.440312
v -0.652520 0.809826 -0.399356
v -0.648700 0.828066 -0.358507
v -0.633527 0.846638 -0.320551
v -0.608034 0.864277 -0.288072
v -0.573959 0.879780 -0.263285
v -0.533624 0.892092 -0.247880
v -0.489777 0.900373 -0.242904
v -0.445407 0.904059 -0.248698
v -0.498964 0.749346 -0.588364
v -0.630491 0.820484 -0.502298
v -0.638109 0.847203 -0.471915
v -0.644417 0.876013 -0.438061
v -0.639663 0.901888 -0.401678
v -0.624171 0.923064 -0.365244
v -0.598997 0.938099 -0.331243
v -0.565856 0.945968 -0.301991
v -0.527008 0.946134 -0.279482
v -0.485099 0.938586 -0.265251
v -0.442986 0.923840 -0.260266
v -0.513378 0.786326 -0.599054
v -0.604292 0.849365 -0.532273
v -0.604575 0.884170 -0.510281
v -0.603346 0.921288 -0.485050
v -0.593854 0.952386 -0.454087
v -0.576746 0.975343 -0.419502
v -0.553188 0.988597 -0.383651
v -0.524785 0.991243 -0.348979
v -0.493474 0.983101 -0.317848
v -0.461387 0.964726 -0.292380
v -0.430711 0.937370 -0.274309
v -0.542664 0.815092 -0.596935
v -0.564081 0.857168 -0.559499
v -0.553108 0.894157 -0.545130
v -0.540312 0.933519 -0.527730
v -0.523549 0.966027 -0.501691
v -0.503960 0.989466 -0.468785
v -0.482883 1.002239 -0.431256
v -0.461751 1.003474 -0.391660
v -0.442007 0.993087 -0.352697
v -0.424994 0.971788 -0.317021
v -0.411873 0.941026 -0.287064
v -0.578974 0.827935 -0.582574
v -0.520634 0.841800 -0.576683
v -0.497498 0.874487 -0.567124
v -0.472205 0.909429 -0.554668
v -0.447585 0.939158 -0.531735
v -0.425317 0.961649 -0.499889
v -0.406919 0.975370 -0.461300
v -0.393644 0.979383 -0.418597
v -0.386397 0.973418 -0.374691
v -0.385672 0.957879 -0.332573
v -0.391518 0.933826 -0.295115
v -0.612579 0.821415 -0.559820
v -0.485593 0.807380 -0.579219
v -0.452647 0.830432 -0.570369
v -0.417273 0.855472 -0.558643
v -0.386317 0.878977 -0.536169
v -0.361888 0.899346 -0.504480
v -0.345651 0.915189 -0.465734
v -0.338713 0.925427 -0.422573
v -0.341546 0.929362 -0.377937
v -0.353958 0.926727 -0.334868
v -0.375102 0.917701 -0.296303
v -0.634475 0.797277 -0.534768
v -0.468345 0.763131 -0.566428
v -0.430572 0.773795 -0.553997
v -0.390237 0.786107 -0.538591
v -0.356162 0.801611 -0.513804
v -0.330669 0.819250 -0.481326
v -0.315496 0.837822 -0.443369
v -0.311676 0.856062 -0.402521
v -0.319471 0.872726 -0.361565
v -0.338348 0.886679 -0.323292
v -0.367022 0.896970 -0.290310
v -0.638796 0.761991 -0.514133
v -0.473515 0.720909 -0.541737
v -0.437188 0.719753 -0.522394
v -0.398340 0.719920 -0.499886
v -0.365199 0.727788 -0.470634
v -0.340025 0.742823 -0.436633
v -0.324533 0.763999 -0.400199
v -0.319779 0.789874 -0.363815
v -0.326087 0.818684 -0.329962
v -0.343026 0.848466 -0.300945
v -0.369443 0.877190 -0.278743
v -0.624381 0.725010 -0.503443
v -0.499714 0.692027 -0.511762
v -0.470722 0.682787 -0.484028
v -0.439411 0.674645 -0.452897
v -0.411008 0.677291 -0.418225
v -0.387450 0.690544 -0.382375
v -0.370342 0.713502 -0.347790
v -0.360850 0.744599 -0.316827
v -0.359621 0.781717 -0.291596
v -0.366738 0.822326 -0.273816
v -0.381718 0.863659 -0.264700
v -0.539925 0.684225 -0.484535
v -0.502444 0.662414 -0.410217
v -0.460235 0.676421 -0.333091
v -0.440647 0.699860 -0.300186
v -0.423884 0.732368 -0.274146
v -0.411088 0.771731 -0.256747
v -0.400556 0.860004 -0.251944
v -0.403537 0.902898 -0.264868
v -0.610104 0.682678 -0.531044
v -0.539795 0.676320 -0.568368
v -0.517775 0.700593 -0.593560
v -0.513431 0.736078 -0.614311
v -0.527926 0.773266 -0.625062
v -0.557377 0.802194 -0.622930
v -0.593891 0.815110 -0.608489
v -0.627685 0.808552 -0.585606
v -0.649705 0.784279 -0.560414
v -0.654049 0.748794 -0.539663
v -0.639554 0.711605 -0.528913
v -0.580420 0.696365 -0.562884
v -0.602328 0.704114 -0.554219
v -0.560143 0.700299 -0.576614
v -0.546931 0.714863 -0.591729
v -0.544325 0.736154 -0.604180
v -0.553022 0.758468 -0.610630
v -0.570692 0.775824 -0.609351
v -0.592601 0.783573 -0.600686
v -0.612877 0.779639 -0.586957
v -0.626089 0.765075 -0.571842
v -0.628696 0.743784 -0.559391
v -0.619998 0.721471 -0.552941
v -0.841331 0.780650 -1.090799
v -0.848285 0.722721 -1.118283
v -0.822729 0.749318 -1.027360
v -0.833205 0.692422 -1.055256
v -0.897373 0.783024 -1.064063
v -0.918337 0.725689 -1.084863
v -0.861959 0.750980 -1.008646
v -0.882242 0.694499 -1.031863
v -0.826358 0.759914 -1.050351
v -0.834087 0.702102 -1.077665
v -0.876797 0.762051 -1.026289
v -0.897134 0.704773 -1.047587
v -0.837417 0.744369 -1.007162
v -0.853389 0.688015 -1.033168
v -0.864582 0.801003 -1.069134
v -0.888344 0.703566 -1.110291
v -0.870644 0.682799 -1.071344
v -0.846882 0.780236 -1.030187
v -0.841157 0.751948 -1.105938
v -0.822423 0.718084 -1.036582
v -0.871460 0.720161 -1.013188
v -0.911210 0.754915 -1.072518
v -0.890007 0.734000 -1.035242
v -0.826960 0.731329 -1.065320
v -0.876184 0.753431 -1.089228
v -0.840783 0.711897 -1.011334
v -0.909641 0.646052 -1.097834
v -0.927875 0.658572 -1.116949
v -0.904854 0.635866 -1.138886
v -0.871833 0.656198 -1.143685
v -0.869291 0.644342 -1.117084
v -0.885694 0.640771 -1.099159
v -0.927833 0.686751 -1.101310
v -0.892807 0.685268 -1.118020
v -0.905040 0.671101 -1.077416
v -0.854602 0.668964 -1.101478
v -0.875106 0.664500 -1.079073
v -0.857780 0.683784 -1.134730
v 0.892039 0.816316 1.074026
v 0.921620 0.767798 1.076369
v 0.971392 0.575633 1.178643
v 0.949150 0.665390 1.116839
v 0.899221 0.816027 1.094278
v 0.923855 0.779849 1.103355
v 0.981356 0.596233 1.202648
v 0.944360 0.700261 1.142485
v 0.997991 0.457291 1.285028
v 0.987962 0.442780 1.265959
v 0.956674 0.640612 1.136376
v 0.966351 0.657805 1.161921
v 0.935131 0.725475 1.091037
v 0.940963 0.738859 1.118707
v 0.979901 0.515270 1.222146
v 0.990419 0.533262 1.244414
v 0.987006 0.346773 1.332921
v 0.846172 0.850909 1.086168
v 0.815702 0.820467 1.126077
v 0.803560 0.774218 1.156869
v 0.866295 0.581349 1.250304
v 0.823591 0.672219 1.202453
v 0.866580 0.772705 1.122334
v 0.886953 0.684893 1.159216
v 0.923716 0.576458 1.221781
v 0.989642 0.363299 1.335467
v 0.879352 0.822394 1.137103
v 0.831892 0.819689 1.140188
v 0.828715 0.785023 1.168228
v 0.886512 0.601391 1.267319
v 0.851737 0.705298 1.205641
v 0.954331 0.631113 1.262321
v 0.912839 0.726756 1.193842
v 0.894240 0.799172 1.160789
v 0.946720 0.460080 1.319988
v 0.984664 0.476597 1.319131
v 0.964033 0.444826 1.291407
v 0.931564 0.445847 1.304414
v 0.856109 0.845749 1.101152
v 0.837178 0.647110 1.217856
v 0.901806 0.641793 1.184438
v 0.858676 0.663661 1.235340
v 0.935196 0.687653 1.229749
v 0.809155 0.732326 1.176937
v 0.876727 0.728087 1.140774
v 0.833738 0.744690 1.191820
v 0.907525 0.756731 1.183657
v 0.899154 0.519662 1.277204
v 0.944099 0.516706 1.256440
v 0.917362 0.537235 1.294229
v 0.969237 0.559515 1.289893
v 0.611334 0.680281 0.691028
v 0.590914 0.688837 0.702680
v 0.632641 0.684625 0.678656
v 0.649127 0.700705 0.668878
v 0.656374 0.724211 0.664316
v 0.652439 0.748847 0.666190
v 0.638378 0.768009 0.673999
v 0.617958 0.776565 0.685651
v 0.596650 0.772221 0.698023
v 0.580164 0.756142 0.707800
v 0.572918 0.732635 0.712363
v 0.576852 0.708000 0.710489
v 0.576125 0.689385 0.628177
v 0.560232 0.696044 0.637246
v 0.592709 0.692766 0.618548
v 0.605541 0.705281 0.610938
v 0.611181 0.723577 0.607386
v 0.608118 0.742751 0.608845
v 0.597174 0.757666 0.614924
v 0.581281 0.764325 0.623992
v 0.564697 0.760944 0.633622
v 0.551865 0.748429 0.641231
v 0.546225 0.730133 0.644783
v 0.549287 0.710959 0.643324
v 0.679721 0.688176 0.808616
v 0.661390 0.695856 0.819076
v 0.698848 0.692075 0.797510
v 0.713648 0.706510 0.788733
v 0.720153 0.727612 0.784637
v 0.716621 0.749727 0.786319
v 0.703998 0.766929 0.793330
v 0.685667 0.774609 0.803789
v 0.666539 0.770710 0.814896
v 0.651740 0.756276 0.823673
v 0.645235 0.735174 0.827769
v 0.648767 0.713059 0.826086
v 0.779214 0.667872 0.983386
v 0.754967 0.678031 0.997221
v 0.804515 0.673030 0.968695
v 0.824090 0.692123 0.957085
v 0.832620 0.730772 0.951537
v 0.827948 0.760024 0.953763
v 0.811252 0.782778 0.963036
v 0.787005 0.792937 0.976871
v 0.761704 0.787779 0.991562
v 0.742128 0.768686 1.003171
v 0.733524 0.740774 1.008589
v 0.738271 0.700785 1.006493
v 0.817389 0.684080 1.048002
v 0.796790 0.692710 1.059755
v 0.838883 0.688462 1.035521
v 0.855514 0.704682 1.025658
v 0.862790 0.733166 1.020998
v 0.858821 0.758017 1.022889
v 0.844637 0.777348 1.030766
v 0.824038 0.785978 1.042520
v 0.802544 0.781596 1.055000
v 0.785914 0.765376 1.064863
v 0.778604 0.741664 1.069466
v 0.782606 0.712041 1.067633
v 0.778186 0.679456 1.039513
v 0.760984 0.699880 1.049115
v 0.756081 0.741985 1.051267
v 0.764957 0.770777 1.045678
v 0.853484 0.761842 0.994711
v 0.858304 0.731667 0.992415
v 0.836261 0.785313 1.004277
v 0.811249 0.795793 1.018548
v 0.849511 0.690944 0.998149
v 0.829296 0.674298 1.010087
v 0.785150 0.790472 1.033702
v 0.801238 0.664748 1.021847
v 0.551408 0.732189 0.682960
v 0.555663 0.705544 0.680933
v 0.592957 0.675565 0.659885
v 0.570871 0.684819 0.672487
v 0.616002 0.680263 0.646504
v 0.559245 0.757612 0.678025
v 0.577076 0.775003 0.667450
v 0.641670 0.723078 0.630994
v 0.633832 0.697654 0.635930
v 0.637414 0.749722 0.633022
v 0.622206 0.770447 0.641468
v 0.600121 0.779701 0.654070
v 0.693189 0.738255 0.926609
v 0.700881 0.763209 0.921765
v 0.777607 0.755465 0.877593
v 0.781784 0.729313 0.875603
v 0.762680 0.775808 0.885883
v 0.741002 0.784890 0.898252
v 0.774091 0.704358 0.880446
v 0.756590 0.687289 0.890826
v 0.718382 0.780279 0.911386
v 0.697365 0.712103 0.924619
v 0.733970 0.682677 0.903960
v 0.712293 0.691760 0.916329
v 0.602134 0.710216 0.749083
v 0.598433 0.733391 0.750846
v 0.634571 0.684142 0.730776
v 0.615362 0.692190 0.741737
v 0.654615 0.688228 0.719138
v 0.605250 0.755504 0.746554
v 0.620758 0.770629 0.737356
v 0.676940 0.725466 0.705648
v 0.670123 0.703354 0.709940
v 0.673239 0.748641 0.707411
v 0.660011 0.766667 0.714757
v 0.640802 0.774716 0.725718
v 0.823721 0.702359 1.055809
v 0.810781 0.707780 1.063192
v 0.837224 0.705111 1.047969
v 0.847670 0.715300 1.041773
v 0.852229 0.734968 1.038824
v 0.849736 0.750579 1.040012
v 0.840825 0.762722 1.044961
v 0.827885 0.768144 1.052344
v 0.814383 0.765391 1.060184
v 0.803937 0.755202 1.066379
v 0.799345 0.740306 1.069271
v 0.801871 0.719923 1.068141
v 0.829456 0.737794 1.060360
v 0.546528 0.731309 0.663873
v 0.583834 0.680468 0.643154
v 0.604526 0.684687 0.631139
v 0.553566 0.754137 0.659442
v 0.627573 0.723129 0.617214
v 0.623752 0.747052 0.619034
v 0.610097 0.765661 0.626617
v 0.590267 0.773970 0.637932
v 0.550349 0.707386 0.662053
v 0.564004 0.688777 0.654469
v 0.569575 0.769752 0.649947
v 0.620536 0.700301 0.621645
v 0.571989 0.699664 0.619177
v 0.560546 0.704459 0.625707
v 0.583930 0.702099 0.612244
v 0.593168 0.711110 0.606765
v 0.597229 0.724283 0.604208
v 0.595024 0.738088 0.605258
v 0.587144 0.748827 0.609635
v 0.575701 0.753621 0.616164
v 0.563761 0.751187 0.623097
v 0.554522 0.742176 0.628576
v 0.550461 0.729003 0.631133
v 0.552666 0.715198 0.630083
v 0.571086 0.726520 0.612851
v 0.553703 0.669762 0.596703
v 0.495999 0.672800 0.504036
v 0.448404 0.663649 0.429357
v 0.382319 0.815265 0.300926
v 0.538967 0.683401 0.571101
v 0.481145 0.699592 0.566108
v 0.449147 0.692470 0.541198
v 0.414747 0.686504 0.512969
v 0.384402 0.690518 0.480121
v 0.360182 0.704238 0.444894
v 0.343737 0.726729 0.409686
v 0.336187 0.756459 0.376899
v 0.338046 0.791400 0.348766
v 0.349190 0.829173 0.327204
v 0.368856 0.867203 0.313683
v 0.508375 0.696244 0.595366
v 0.575476 0.689921 0.553376
v 0.461428 0.734012 0.595187
v 0.423911 0.736525 0.578418
v 0.383839 0.740461 0.558554
v 0.349929 0.750699 0.530964
v 0.324492 0.766542 0.497530
v 0.309263 0.786910 0.460529
v 0.305278 0.810415 0.422483
v 0.312810 0.835456 0.385985
v 0.331345 0.860325 0.353522
v 0.359619 0.883328 0.327306
v 0.608119 0.714059 0.546938
v 0.463882 0.778261 0.616519
v 0.427052 0.793161 0.605721
v 0.387685 0.809826 0.591994
v 0.354220 0.828065 0.568262
v 0.328934 0.846638 0.536143
v 0.313554 0.864277 0.497826
v 0.309125 0.879780 0.455923
v 0.315951 0.892092 0.413289
v 0.333566 0.900373 0.372828
v 0.360769 0.904059 0.337300
v 0.628149 0.749345 0.553515
v 0.487850 0.820484 0.624387
v 0.457729 0.847203 0.615793
v 0.425257 0.876013 0.604329
v 0.396125 0.901888 0.582020
v 0.372318 0.923064 0.550387
v 0.355459 0.938099 0.511585
v 0.346697 0.945968 0.468258
v 0.346628 0.946134 0.423360
v 0.355258 0.938586 0.379950
v 0.371997 0.923839 0.340987
v 0.630200 0.786326 0.571343
v 0.526909 0.849365 0.616685
v 0.507722 0.884170 0.605935
v 0.486486 0.921288 0.592255
v 0.464417 0.952385 0.568553
v 0.443019 0.975343 0.536445
v 0.423751 0.988597 0.498118
v 0.407926 0.991243 0.456184
v 0.396621 0.983101 0.413502
v 0.390608 0.964726 0.372979
v 0.390296 0.937370 0.337378
v 0.613722 0.815092 0.595645
v 0.570593 0.857168 0.595475
v 0.563635 0.894156 0.578787
v 0.554965 0.933519 0.559006
v 0.540796 0.966027 0.531469
v 0.522093 0.989466 0.498052
v 0.500130 1.002239 0.461034
v 0.476405 1.003474 0.422935
v 0.452535 0.993087 0.386354
v 0.430145 0.971787 0.353783
v 0.410762 0.941026 0.327441
v 0.583130 0.827935 0.619910
v 0.607198 0.841800 0.566441
v 0.610488 0.874487 0.541625
v 0.612347 0.909429 0.513492
v 0.604797 0.939158 0.480704
v 0.588351 0.961649 0.445497
v 0.564132 0.975369 0.410269
v 0.533787 0.979383 0.377421
v 0.499387 0.973418 0.349192
v 0.463274 0.957879 0.327506
v 0.427911 0.933826 0.313839
v 0.546621 0.821415 0.637636
v 0.626915 0.807380 0.537362
v 0.635724 0.830431 0.504406
v 0.643256 0.855472 0.467907
v 0.639271 0.878977 0.429862
v 0.624042 0.899346 0.392861
v 0.598605 0.915189 0.359427
v 0.564696 0.925427 0.331837
v 0.524623 0.929362 0.311973
v 0.481119 0.926727 0.301187
v 0.437148 0.917701 0.300216
v 0.513978 0.797277 0.644073
v 0.624461 0.763131 0.516030
v 0.632583 0.773795 0.477102
v 0.639408 0.786107 0.434468
v 0.634980 0.801611 0.392564
v 0.619600 0.819250 0.354248
v 0.594315 0.837822 0.322129
v 0.560849 0.856062 0.298397
v 0.521482 0.872726 0.284669
v 0.478898 0.886679 0.281881
v 0.435999 0.896970 0.290222
v 0.493948 0.761991 0.637497
v 0.600494 0.720909 0.508161
v 0.601906 0.719753 0.467030
v 0.601837 0.719919 0.422132
v 0.593075 0.727788 0.378806
v 0.576215 0.742823 0.340004
v 0.552409 0.763999 0.308371
v 0.523277 0.789874 0.286061
v 0.490805 0.818684 0.274597
v 0.457206 0.848466 0.274759
v 0.424770 0.877190 0.286536
v 0.491897 0.725010 0.619669
v 0.561435 0.692027 0.515863
v 0.551913 0.682786 0.476888
v 0.540608 0.674645 0.434206
v 0.524783 0.677291 0.392273
v 0.505515 0.690544 0.353946
v 0.484117 0.713502 0.321838
v 0.462048 0.744599 0.298136
v 0.440812 0.781717 0.284456
v 0.421856 0.822326 0.281730
v 0.406471 0.863659 0.290144
v 0.517750 0.684225 0.537073
v 0.472129 0.662414 0.467455
v 0.426441 0.676421 0.392338
v 0.407738 0.699860 0.358922
v 0.393569 0.732368 0.331385
v 0.384899 0.771731 0.311603
v 0.386005 0.860003 0.300081
v 0.395707 0.902898 0.309125
v 0.522939 0.682678 0.621104
v 0.590417 0.676319 0.578877
v 0.623244 0.700593 0.572404
v 0.643387 0.736078 0.579017
v 0.645449 0.773266 0.596945
v 0.628878 0.802194 0.621384
v 0.598114 0.815109 0.645786
v 0.561400 0.808552 0.663611
v 0.528574 0.784279 0.670085
v 0.508431 0.748794 0.663472
v 0.506368 0.711605 0.645543
v 0.565355 0.696365 0.611317
v 0.546897 0.704114 0.625958
v 0.587384 0.700299 0.600622
v 0.607080 0.714863 0.596738
v 0.619166 0.736154 0.600706
v 0.620403 0.758467 0.611463
v 0.610461 0.775824 0.626126
v 0.592002 0.783573 0.640767
v 0.569974 0.779639 0.651462
v 0.550278 0.765075 0.655346
v 0.538192 0.743784 0.651379
v 0.536954 0.721471 0.640622
v 0.892087 0.780650 1.101231
v 0.912412 0.722721 1.120995
v 0.846449 0.749318 1.053402
v 0.865369 0.692422 1.076422
v 0.840912 0.783024 1.136397
v 0.848444 0.725688 1.164953
v 0.810627 0.750980 1.078018
v 0.820592 0.694499 1.107193
v 0.864544 0.759914 1.068040
v 0.884335 0.702102 1.088390
v 0.818487 0.762051 1.099690
v 0.826763 0.704773 1.127952
v 0.821613 0.744368 1.056023
v 0.836149 0.688015 1.082858
v 0.861700 0.801003 1.110534
v 0.885461 0.703566 1.151691
v 0.860582 0.682799 1.116889
v 0.836821 0.780236 1.075732
v 0.905285 0.751948 1.108649
v 0.854588 0.718084 1.057747
v 0.809810 0.720161 1.088518
v 0.841316 0.754915 1.152607
v 0.819636 0.734000 1.115607
v 0.877207 0.731328 1.076045
v 0.873301 0.753431 1.130628
v 0.823543 0.711897 1.061024
v 0.864025 0.646052 1.163906
v 0.871462 0.658572 1.189255
v 0.901971 0.635866 1.180287
v 0.922637 0.656198 1.154089
v 0.900871 0.644342 1.138587
v 0.877146 0.640771 1.143830
v 0.857939 0.686751 1.181399
v 0.889924 0.685268 1.159420
v 0.848643 0.671100 1.149713
v 0.894700 0.668964 1.118064
v 0.865045 0.664500 1.124618
v 0.921908 0.683784 1.137441
v -0.895829 0.816316 1.067460
v -0.925410 0.767798 1.069803
v -0.975183 0.575633 1.172076
v -0.952940 0.665390 1.110273
v -0.903012 0.816027 1.087712
v -0.927646 0.779849 1.096789
v -0.985146 0.596233 1.196082
v -0.948151 0.700261 1.135919
v -1.001781 0.457291 1.278462
v -0.991752 0.442780 1.259393
v -0.960464 0.640612 1.129810
v -0.970141 0.657805 1.155355
v -0.938922 0.725475 1.084471
v -0.944754 0.738859 1.112141
v -0.983691 0.515270 1.215580
v -0.994210 0.533262 1.237848
v -0.990797 0.346773 1.326355
v -0.849963 0.850909 1.079602
v -0.819493 0.820467 1.119511
v -0.807351 0.774218 1.150303
v -0.870085 0.581349 1.243738
v -0.827382 0.672219 1.195887
v -0.870370 0.772705 1.115768
v -0.890743 0.684893 1.152650
v -0.927507 0.576458 1.215215
v -0.993432 0.363299 1.328901
v -0.883143 0.822395 1.130537
v -0.835682 0.819689 1.133621
v -0.832505 0.785024 1.161662
v -0.890302 0.601391 1.260753
v -0.855527 0.705298 1.199075
v -0.958121 0.631113 1.255755
v -0.916630 0.726756 1.187276
v -0.898031 0.799172 1.154223
v -0.950511 0.460080 1.313422
v -0.988454 0.476597 1.312565
v -0.967823 0.444826 1.284841
v -0.935355 0.445847 1.297848
v -0.859899 0.845749 1.094586
v -0.840969 0.647110 1.211290
v -0.905597 0.641793 1.177872
v -0.862467 0.663661 1.228774
v -0.938986 0.687653 1.223183
v -0.812945 0.732326 1.170370
v -0.880517 0.728087 1.134208
v -0.837528 0.744691 1.185254
v -0.911315 0.756731 1.177091
v -0.902944 0.519662 1.270638
v -0.947889 0.516706 1.249874
v -0.921152 0.537235 1.287663
v -0.973028 0.559515 1.283327
v -0.615124 0.680281 0.684462
v -0.594704 0.688837 0.696113
v -0.636432 0.684625 0.672090
v -0.652918 0.700705 0.662312
v -0.660164 0.724212 0.657750
v -0.656230 0.748847 0.659624
v -0.642169 0.768010 0.667433
v -0.621748 0.776565 0.679085
v -0.600441 0.772222 0.691457
v -0.583955 0.756142 0.701234
v -0.576708 0.732635 0.705797
v -0.580643 0.708000 0.703923
v -0.579916 0.689385 0.621611
v -0.564022 0.696044 0.630680
v -0.596500 0.692766 0.611982
v -0.609331 0.705281 0.604372
v -0.614971 0.723577 0.600820
v -0.611909 0.742751 0.602279
v -0.600965 0.757666 0.608357
v -0.585071 0.764325 0.617426
v -0.568487 0.760944 0.627055
v -0.555656 0.748429 0.634665
v -0.550016 0.730133 0.638217
v -0.553078 0.710959 0.636758
v -0.683511 0.688176 0.802050
v -0.665180 0.695857 0.812510
v -0.702639 0.692076 0.790944
v -0.717438 0.706510 0.782167
v -0.723943 0.727612 0.778071
v -0.720411 0.749727 0.779753
v -0.707789 0.766929 0.786764
v -0.689458 0.774610 0.797223
v -0.670330 0.770710 0.808330
v -0.655531 0.756276 0.817106
v -0.649025 0.735174 0.821203
v -0.652557 0.713059 0.819520
v -0.783005 0.667872 0.976819
v -0.758758 0.678031 0.990654
v -0.808306 0.673030 0.962129
v -0.827881 0.692123 0.950519
v -0.836411 0.730772 0.944971
v -0.831739 0.760024 0.947197
v -0.815042 0.782778 0.956470
v -0.790795 0.792937 0.970305
v -0.765494 0.787779 0.984995
v -0.745919 0.768686 0.996605
v -0.737314 0.740774 1.002023
v -0.742061 0.700786 0.999927
v -0.821180 0.684080 1.041435
v -0.800581 0.692711 1.053189
v -0.842674 0.688462 1.028955
v -0.859304 0.704682 1.019092
v -0.866581 0.733166 1.014432
v -0.862612 0.758017 1.016322
v -0.848427 0.777348 1.024200
v -0.827829 0.785978 1.035954
v -0.806334 0.781597 1.048434
v -0.789704 0.765376 1.058297
v -0.782394 0.741664 1.062900
v -0.786397 0.712041 1.061067
v -0.781976 0.679457 1.032947
v -0.764774 0.699880 1.042549
v -0.759871 0.741985 1.044701
v -0.768748 0.770777 1.039112
v -0.857275 0.761842 0.988145
v -0.862094 0.731667 0.985849
v -0.840051 0.785314 0.997710
v -0.815040 0.795793 1.011982
v -0.853301 0.690944 0.991582
v -0.833087 0.674298 1.003521
v -0.788941 0.790473 1.027136
v -0.805028 0.664748 1.015281
v -0.555198 0.732189 0.676394
v -0.559454 0.705544 0.674367
v -0.596747 0.675565 0.653319
v -0.574662 0.684819 0.665921
v -0.619792 0.680264 0.639938
v -0.563036 0.757612 0.671459
v -0.580866 0.775003 0.660884
v -0.645460 0.723078 0.624428
v -0.637623 0.697654 0.629363
v -0.641205 0.749722 0.626455
v -0.625997 0.770448 0.634902
v -0.603911 0.779701 0.647503
v -0.696979 0.738255 0.920043
v -0.704672 0.763210 0.915199
v -0.781397 0.755465 0.871026
v -0.785574 0.729313 0.869037
v -0.766470 0.775808 0.879317
v -0.744792 0.784891 0.891686
v -0.777881 0.704358 0.873880
v -0.760380 0.687289 0.884260
v -0.722173 0.780279 0.904819
v -0.701156 0.712103 0.918053
v -0.737760 0.682678 0.897394
v -0.716083 0.691760 0.909763
v -0.605925 0.710217 0.742517
v -0.602224 0.733391 0.744280
v -0.638361 0.684142 0.724210
v -0.619152 0.692190 0.735171
v -0.658405 0.688228 0.712572
v -0.609040 0.755504 0.739988
v -0.624548 0.770630 0.730790
v -0.680730 0.725467 0.699082
v -0.673914 0.703354 0.703374
v -0.677029 0.748641 0.700845
v -0.663802 0.766668 0.708191
v -0.644593 0.774716 0.719152
v -0.827512 0.702359 1.049243
v -0.814572 0.707780 1.056626
v -0.841014 0.705112 1.041403
v -0.851461 0.715301 1.035207
v -0.856019 0.734968 1.032258
v -0.853526 0.750579 1.033446
v -0.844616 0.762722 1.038395
v -0.831676 0.768144 1.045778
v -0.818174 0.765391 1.053618
v -0.807727 0.755202 1.059813
v -0.803135 0.740306 1.062705
v -0.805661 0.719923 1.061575
v -0.833247 0.737795 1.053794
v -0.550319 0.731310 0.657307
v -0.587625 0.680468 0.636588
v -0.608317 0.684687 0.624573
v -0.557356 0.754137 0.652876
v -0.631363 0.723129 0.610648
v -0.627543 0.747052 0.612468
v -0.613888 0.765662 0.620051
v -0.594057 0.773970 0.631366
v -0.554140 0.707386 0.655486
v -0.567795 0.688777 0.647903
v -0.573366 0.769752 0.643381
v -0.624326 0.700302 0.615079
v -0.575780 0.699665 0.612611
v -0.564336 0.704459 0.619140
v -0.587720 0.702099 0.605678
v -0.596959 0.711110 0.600199
v -0.601020 0.724283 0.597642
v -0.598815 0.738088 0.598692
v -0.590935 0.748827 0.603068
v -0.579492 0.753621 0.609598
v -0.567551 0.751187 0.616531
v -0.558313 0.742176 0.622010
v -0.554252 0.729003 0.624567
v -0.556457 0.715198 0.623517
v -0.574877 0.726520 0.606285
v -0.557494 0.669762 0.590137
v -0.499790 0.672800 0.497470
v -0.452194 0.663649 0.422791
v -0.386110 0.815265 0.294360
v -0.542758 0.683401 0.564535
v -0.484936 0.699592 0.559541
v -0.452938 0.692470 0.534632
v -0.418538 0.686504 0.506403
v -0.388193 0.690518 0.473555
v -0.363973 0.704238 0.438328
v -0.347527 0.726729 0.403120
v -0.339978 0.756459 0.370332
v -0.341837 0.791400 0.342199
v -0.352980 0.829173 0.320638
v -0.372647 0.867203 0.307117
v -0.512166 0.696244 0.588800
v -0.579266 0.689922 0.546809
v -0.465219 0.734012 0.588620
v -0.427702 0.736525 0.571852
v -0.387629 0.740461 0.551987
v -0.353720 0.750699 0.524398
v -0.328283 0.766542 0.490963
v -0.313054 0.786910 0.453963
v -0.309069 0.810415 0.415917
v -0.316601 0.835456 0.379419
v -0.335135 0.860325 0.346956
v -0.363410 0.883329 0.320740
v -0.611909 0.714059 0.540372
v -0.467673 0.778262 0.609953
v -0.430843 0.793161 0.599155
v -0.391476 0.809826 0.585427
v -0.358010 0.828066 0.561695
v -0.332725 0.846638 0.529577
v -0.317344 0.864277 0.491260
v -0.312916 0.879780 0.449357
v -0.319742 0.892092 0.406722
v -0.337356 0.900373 0.366262
v -0.364559 0.904059 0.330734
v -0.631940 0.749346 0.546948
v -0.491641 0.820484 0.617821
v -0.461519 0.847203 0.609227
v -0.429047 0.876013 0.597763
v -0.399916 0.901888 0.575454
v -0.376109 0.923064 0.543821
v -0.359250 0.938099 0.505018
v -0.350487 0.945968 0.461692
v -0.350419 0.946134 0.416794
v -0.359048 0.938587 0.373384
v -0.375788 0.923840 0.334421
v -0.633991 0.786326 0.564776
v -0.530699 0.849365 0.610119
v -0.511512 0.884170 0.599369
v -0.490276 0.921288 0.585689
v -0.468207 0.952386 0.561987
v -0.446810 0.975343 0.529879
v -0.427542 0.988597 0.491552
v -0.411716 0.991243 0.449618
v -0.400412 0.983101 0.406936
v -0.394399 0.964726 0.366413
v -0.394087 0.937370 0.330812
v -0.617513 0.815092 0.589079
v -0.574384 0.857168 0.588909
v -0.567426 0.894157 0.572221
v -0.558756 0.933519 0.552440
v -0.544587 0.966027 0.524903
v -0.525883 0.989466 0.491486
v -0.503921 1.002239 0.454467
v -0.480196 1.003474 0.416369
v -0.456325 0.993087 0.379788
v -0.433936 0.971788 0.347217
v -0.414553 0.941026 0.320875
v -0.586921 0.827936 0.613344
v -0.610989 0.841800 0.559875
v -0.614278 0.874487 0.535059
v -0.616138 0.909429 0.506926
v -0.608588 0.939158 0.474138
v -0.592142 0.961649 0.438931
v -0.567922 0.975370 0.403703
v -0.537578 0.979383 0.370855
v -0.503177 0.973418 0.342626
v -0.467065 0.957879 0.320939
v -0.431702 0.933826 0.307273
v -0.550412 0.821415 0.631070
v -0.630706 0.807380 0.530796
v -0.639514 0.830432 0.497839
v -0.647046 0.855472 0.461341
v -0.643062 0.878978 0.423296
v -0.627832 0.899346 0.386295
v -0.602396 0.915189 0.352860
v -0.568486 0.925427 0.325271
v -0.528414 0.929363 0.305407
v -0.484910 0.926727 0.294621
v -0.440939 0.917701 0.293650
v -0.517769 0.797277 0.637507
v -0.628252 0.763131 0.509464
v -0.636373 0.773795 0.470536
v -0.643199 0.786107 0.427902
v -0.638771 0.801611 0.385998
v -0.623390 0.819250 0.347682
v -0.598105 0.837822 0.315563
v -0.564639 0.856062 0.291831
v -0.525273 0.872726 0.278103
v -0.482689 0.886679 0.275315
v -0.439789 0.896971 0.283656
v -0.497738 0.761991 0.630931
v -0.604284 0.720909 0.501595
v -0.605696 0.719753 0.460464
v -0.605628 0.719920 0.415566
v -0.596865 0.727788 0.372240
v -0.580006 0.742823 0.333438
v -0.556199 0.764000 0.301805
v -0.527068 0.789874 0.279495
v -0.494596 0.818684 0.268031
v -0.460997 0.848466 0.268193
v -0.428561 0.877190 0.279969
v -0.495688 0.725010 0.613103
v -0.565225 0.692027 0.509297
v -0.555704 0.682787 0.470322
v -0.544399 0.674645 0.427640
v -0.528574 0.677291 0.385707
v -0.509306 0.690544 0.347380
v -0.487908 0.713502 0.315272
v -0.465839 0.744599 0.291570
v -0.444603 0.781717 0.277890
v -0.425647 0.822326 0.275164
v -0.410262 0.863659 0.283578
v -0.521541 0.684225 0.530507
v -0.475919 0.662414 0.460889
v -0.430232 0.676421 0.385772
v -0.411529 0.699860 0.352356
v -0.397359 0.732369 0.324818
v -0.388689 0.771731 0.305037
v -0.389796 0.860004 0.293515
v -0.399498 0.902898 0.302559
v -0.526730 0.682678 0.614538
v -0.594208 0.676320 0.572311
v -0.627034 0.700593 0.565838
v -0.647178 0.736078 0.572451
v -0.649240 0.773266 0.590379
v -0.632669 0.802194 0.614818
v -0.601905 0.815110 0.639220
v -0.565191 0.808552 0.657045
v -0.532364 0.784279 0.663519
v -0.512221 0.748794 0.656905
v -0.510159 0.711605 0.638977
v -0.569146 0.696365 0.604751
v -0.550688 0.704114 0.619392
v -0.591174 0.700299 0.594056
v -0.610870 0.714863 0.590172
v -0.622956 0.736154 0.594140
v -0.624194 0.758468 0.604897
v -0.614251 0.775824 0.619560
v -0.595793 0.783573 0.634201
v -0.573764 0.779639 0.644896
v -0.554068 0.765075 0.648781
v -0.541982 0.743784 0.644812
v -0.540745 0.721471 0.634056
v -0.895878 0.780650 1.094665
v -0.916203 0.722721 1.114429
v -0.850239 0.749318 1.046836
v -0.869160 0.692422 1.069856
v -0.844703 0.783024 1.129830
v -0.852234 0.725689 1.158386
v -0.814417 0.750980 1.071452
v -0.824382 0.694499 1.100627
v -0.868335 0.759914 1.061474
v -0.888125 0.702102 1.081824
v -0.822278 0.762051 1.093124
v -0.830554 0.704773 1.121386
v -0.825403 0.744369 1.049457
v -0.839939 0.688015 1.076292
v -0.865490 0.801003 1.103969
v -0.889252 0.703566 1.145125
v -0.864373 0.682799 1.110323
v -0.840611 0.780236 1.069166
v -0.909075 0.751948 1.102084
v -0.858378 0.718084 1.051181
v -0.813600 0.720161 1.081951
v -0.845107 0.754915 1.146041
v -0.823426 0.734000 1.109041
v -0.880998 0.731329 1.069479
v -0.877091 0.753431 1.124063
v -0.827333 0.711897 1.054458
v -0.867815 0.646052 1.157340
v -0.875252 0.658572 1.182689
v -0.905761 0.635866 1.173721
v -0.926427 0.656198 1.147523
v -0.904661 0.644342 1.132021
v -0.880937 0.640771 1.137264
v -0.861730 0.686751 1.174833
v -0.893714 0.685268 1.152854
v -0.852434 0.671101 1.143147
v -0.898491 0.668964 1.111498
v -0.868835 0.664500 1.118052
v -0.925698 0.683784 1.130875
v -1.247713 0.816316 -0.026773
v -1.264532 0.767798 -0.051220
v -1.377990 0.575633 -0.043187
v -1.313346 0.665391 -0.054826
v -1.268843 0.816027 -0.022868
v -1.289021 0.779850 -0.039663
v -1.403762 0.596233 -0.039813
v -1.333161 0.700261 -0.037856
v -1.483422 0.457291 -0.013029
v -1.461893 0.442780 -0.013878
v -1.334027 0.640612 -0.051574
v -1.360988 0.657805 -0.047182
v -1.283991 0.725475 -0.055587
v -1.310870 0.738859 -0.046803
v -1.419919 0.515270 -0.028804
v -1.444463 0.533261 -0.026779
v -1.519406 0.346773 0.020430
v -1.235295 0.850909 0.019019
v -1.254623 0.820467 0.065362
v -1.275218 0.774219 0.091273
v -1.387503 0.581349 0.083661
v -1.324710 0.672219 0.096718
v -1.276819 0.772705 0.019429
v -1.318947 0.684893 0.020227
v -1.391512 0.576458 0.019671
v -1.522929 0.363299 0.019421
v -1.295996 0.822395 0.015752
v -1.274937 0.819689 0.058396
v -1.297632 0.785024 0.075168
v -1.412346 0.601391 0.074660
v -1.341544 0.705298 0.073937
v -1.441927 0.631113 0.013428
v -1.361877 0.726756 0.015121
v -1.323953 0.799172 0.014702
v -1.488063 0.460080 0.048852
v -1.506293 0.476597 0.015563
v -1.471967 0.444826 0.019569
v -1.466998 0.445847 0.054191
v -1.253240 0.845749 0.017906
v -1.344843 0.647111 0.092652
v -1.348217 0.641793 0.019974
v -1.370734 0.663661 0.082776
v -1.404151 0.687653 0.013713
v -1.295394 0.732326 0.096462
v -1.297863 0.728087 0.019861
v -1.320575 0.744691 0.082614
v -1.350399 0.756731 0.014631
v -1.427228 0.519662 0.068654
v -1.431718 0.516706 0.019348
v -1.451076 0.537235 0.061398
v -1.473258 0.559515 0.014304
v -0.775675 0.680281 0.024825
v -0.775555 0.688837 0.048336
v -0.775614 0.684625 0.000186
v -0.775389 0.700705 -0.018979
v -0.775061 0.724212 -0.027536
v -0.774717 0.748847 -0.023192
v -0.774449 0.768010 -0.007110
v -0.774330 0.776565 0.016400
v -0.774390 0.772222 0.041039
v -0.774615 0.756142 0.060205
v -0.774943 0.732635 0.068762
v -0.775287 0.708000 0.064418
v -0.703640 0.689385 0.023891
v -0.703547 0.696044 0.042190
v -0.703593 0.692766 0.004714
v -0.703418 0.705281 -0.010203
v -0.703162 0.723577 -0.016863
v -0.702895 0.742751 -0.013481
v -0.702686 0.757666 -0.000964
v -0.702593 0.764325 0.017334
v -0.702641 0.760944 0.036511
v -0.702815 0.748429 0.051428
v -0.703071 0.730133 0.058088
v -0.703339 0.710959 0.054707
v -0.911702 0.688176 0.024395
v -0.911595 0.695857 0.045500
v -0.911648 0.692076 0.002276
v -0.911446 0.706510 -0.014929
v -0.911152 0.727612 -0.022610
v -0.910843 0.749727 -0.018710
v -0.910603 0.766929 -0.004273
v -0.910495 0.774610 0.016832
v -0.910550 0.770710 0.038950
v -0.910751 0.756276 0.056155
v -0.911046 0.735174 0.063837
v -0.911355 0.713059 0.059936
v -1.112804 0.667872 0.025615
v -1.112662 0.678031 0.053532
v -1.112731 0.673030 -0.003641
v -1.112465 0.692123 -0.026399
v -1.111925 0.730772 -0.036559
v -1.111517 0.760024 -0.031401
v -1.111199 0.782778 -0.012305
v -1.111057 0.792937 0.015612
v -1.111129 0.787779 0.044868
v -1.111396 0.768686 0.067626
v -1.111785 0.740774 0.077786
v -1.112344 0.700786 0.072627
v -1.187850 0.684080 0.024863
v -1.187730 0.692711 0.048579
v -1.187789 0.688462 0.000008
v -1.187562 0.704682 -0.019325
v -1.187165 0.733166 -0.027957
v -1.186818 0.758017 -0.023575
v -1.186548 0.777348 -0.007352
v -1.186427 0.785978 0.016364
v -1.186489 0.781597 0.041219
v -1.186715 0.765376 0.060552
v -1.187046 0.741664 0.069184
v -1.187460 0.712041 0.064802
v -1.160897 0.679457 0.054570
v -1.160612 0.699880 0.074268
v -1.160024 0.741985 0.079590
v -1.159622 0.770777 0.069109
v -1.159747 0.761842 -0.033042
v -1.160168 0.731667 -0.038363
v -1.159419 0.785314 -0.013343
v -1.159273 0.795793 0.015454
v -1.160737 0.690944 -0.027882
v -1.160969 0.674298 -0.004406
v -1.159347 0.790473 0.045633
v -1.157125 0.664748 0.025773
v -0.738724 0.732189 0.072689
v -0.739097 0.705544 0.067990
v -0.739515 0.675565 0.025169
v -0.739386 0.684819 0.050596
v -0.739450 0.680264 -0.001479
v -0.738370 0.757612 0.063434
v -0.738127 0.775003 0.042705
v -0.738852 0.723078 -0.031463
v -0.739207 0.697654 -0.022208
v -0.738480 0.749722 -0.026764
v -0.738190 0.770448 -0.009371
v -0.738061 0.779701 0.016057
v -1.020621 0.738255 0.071728
v -1.020273 0.763210 0.062644
v -1.020380 0.755465 -0.025889
v -1.020746 0.729313 -0.030501
v -1.020096 0.775808 -0.008817
v -1.019970 0.784891 0.016141
v -1.021094 0.704358 -0.021417
v -1.021333 0.687289 -0.001071
v -1.020034 0.780279 0.042298
v -1.020986 0.712103 0.067116
v -1.021397 0.682678 0.025085
v -1.021270 0.691760 0.050043
v -0.821352 0.710217 0.061820
v -0.821028 0.733391 0.065907
v -0.821716 0.684142 0.024576
v -0.821604 0.692190 0.046692
v -0.821659 0.688228 0.001398
v -0.820719 0.755504 0.057857
v -0.820508 0.770630 0.039828
v -0.821139 0.725467 -0.024681
v -0.821448 0.703354 -0.016631
v -0.820815 0.748641 -0.020594
v -0.820564 0.766668 -0.005466
v -0.820451 0.774716 0.016650
v -1.197778 0.702359 0.023283
v -1.197702 0.707780 0.038181
v -1.197739 0.705112 0.007670
v -1.197597 0.715301 -0.004475
v -1.197322 0.734968 -0.009898
v -1.197104 0.750579 -0.007145
v -1.196935 0.762722 0.003046
v -1.196859 0.768144 0.017944
v -1.196898 0.765391 0.033557
v -1.197040 0.755202 0.045702
v -1.197248 0.740306 0.051125
v -1.197532 0.719923 0.048372
v -1.204587 0.737795 0.020592
v -0.719755 0.731309 0.067371
v -0.720465 0.680468 0.024704
v -0.720406 0.684687 0.000777
v -0.719436 0.754137 0.059061
v -0.719869 0.723129 -0.026145
v -0.719535 0.747052 -0.021926
v -0.719275 0.765662 -0.006309
v -0.719159 0.773970 0.016522
v -0.720089 0.707386 0.063152
v -0.720349 0.688777 0.047534
v -0.719218 0.769752 0.040449
v -0.720188 0.700302 -0.017835
v -0.693778 0.699665 0.022973
v -0.693711 0.704459 0.036148
v -0.693743 0.702099 0.009166
v -0.693618 0.711110 -0.001574
v -0.693434 0.724283 -0.006370
v -0.693241 0.738088 -0.003935
v -0.693091 0.748827 0.005077
v -0.693024 0.753621 0.018252
v -0.693058 0.751187 0.032060
v -0.693184 0.742176 0.042800
v -0.693368 0.729003 0.047595
v -0.693561 0.715198 0.045161
v -0.687847 0.726520 0.020592
v -0.665171 0.669762 0.027572
v -0.556068 0.672800 0.031212
v -0.467596 0.663649 0.035091
v -0.323329 0.815265 0.028107
v -0.635632 0.683401 0.027533
v -0.602396 0.699592 0.075111
v -0.564825 0.692470 0.090368
v -0.523178 0.686504 0.106045
v -0.479559 0.690518 0.115900
v -0.436940 0.704238 0.119262
v -0.398227 0.726729 0.115900
v -0.366057 0.756459 0.106045
v -0.342623 0.791400 0.090368
v -0.329522 0.829173 0.069937
v -0.327646 0.867203 0.046144
v -0.641350 0.696244 0.066159
v -0.638535 0.689922 -0.012947
v -0.617721 0.734012 0.106726
v -0.584440 0.736525 0.130833
v -0.547201 0.740461 0.155605
v -0.506353 0.750699 0.171177
v -0.464679 0.766542 0.176488
v -0.425021 0.786910 0.171177
v -0.390080 0.810415 0.155605
v -0.362238 0.835456 0.130833
v -0.343391 0.860325 0.098550
v -0.334825 0.883329 0.060956
v -0.649282 0.714059 -0.044435
v -0.637422 0.778262 0.115268
v -0.609656 0.793161 0.141765
v -0.578084 0.809826 0.168993
v -0.540799 0.828065 0.186110
v -0.500340 0.846638 0.191948
v -0.459467 0.864277 0.186109
v -0.420963 0.879780 0.168993
v -0.387454 0.892092 0.141764
v -0.361222 0.900373 0.106280
v -0.344055 0.904059 0.064957
v -0.664992 0.749346 -0.058494
v -0.656220 0.820484 0.098445
v -0.633717 0.847203 0.120234
v -0.607553 0.876013 0.142623
v -0.573667 0.901888 0.156698
v -0.534368 0.923064 0.161498
v -0.492335 0.938099 0.156697
v -0.450432 0.945968 0.142623
v -0.411515 0.946134 0.120233
v -0.378235 0.938586 0.091055
v -0.352862 0.923840 0.057076
v -0.681457 0.786326 -0.051356
v -0.669079 0.849365 0.060768
v -0.650175 0.884170 0.072009
v -0.627710 0.921288 0.083560
v -0.596150 0.952386 0.090822
v -0.557644 0.975343 0.093298
v -0.514818 0.988597 0.090822
v -0.470590 0.991243 0.083560
v -0.427974 0.983101 0.072009
v -0.389874 0.964726 0.056955
v -0.358886 0.937370 0.039425
v -0.694265 0.815092 -0.024934
v -0.672553 0.857168 0.012331
v -0.654622 0.894157 0.010013
v -0.633156 0.933519 0.007631
v -0.602223 0.966027 0.006133
v -0.563932 0.989466 0.005622
v -0.520892 1.002239 0.006133
v -0.476035 1.003474 0.007631
v -0.432420 0.993087 0.010013
v -0.393018 0.971788 0.013117
v -0.360514 0.941026 0.016732
v -0.699983 0.827935 0.013692
v -0.665711 0.841800 -0.033887
v -0.645865 0.874487 -0.049143
v -0.622430 0.909429 -0.064820
v -0.590261 0.939158 -0.074676
v -0.551547 0.961649 -0.078037
v -0.508929 0.975370 -0.074676
v -0.465310 0.979383 -0.064821
v -0.423662 0.973418 -0.049144
v -0.386825 0.957879 -0.028713
v -0.357308 0.933826 -0.004920
v -0.697080 0.821415 0.054172
v -0.650387 0.807380 -0.065501
v -0.626250 0.830432 -0.089608
v -0.598407 0.855472 -0.114380
v -0.563466 0.878978 -0.129952
v -0.523808 0.899346 -0.135264
v -0.482135 0.915189 -0.129952
v -0.441287 0.925427 -0.114380
v -0.404048 0.929362 -0.089609
v -0.372955 0.926727 -0.057326
v -0.350129 0.917701 -0.019732
v -0.686333 0.797277 0.085660
v -0.630686 0.763131 -0.074043
v -0.601034 0.773795 -0.100540
v -0.567524 0.786107 -0.127768
v -0.529020 0.801611 -0.144885
v -0.488147 0.819250 -0.150723
v -0.447689 0.837822 -0.144885
v -0.410404 0.856062 -0.127769
v -0.378832 0.872726 -0.100540
v -0.355125 0.886679 -0.065056
v -0.340899 0.896970 -0.023733
v -0.670622 0.761991 0.099719
v -0.611887 0.720909 -0.057220
v -0.576973 0.719753 -0.079009
v -0.538055 0.719920 -0.101398
v -0.496153 0.727788 -0.115473
v -0.454120 0.742823 -0.120273
v -0.414821 0.764000 -0.115473
v -0.380935 0.789874 -0.101399
v -0.354771 0.818684 -0.079009
v -0.338111 0.848466 -0.049831
v -0.332092 0.877190 -0.015852
v -0.654157 0.725010 0.092581
v -0.599028 0.692027 -0.019543
v -0.560514 0.682787 -0.030785
v -0.517898 0.674645 -0.042336
v -0.473670 0.677291 -0.049597
v -0.430844 0.690544 -0.052074
v -0.392338 0.713502 -0.049597
v -0.360777 0.744599 -0.042336
v -0.338312 0.781717 -0.030785
v -0.326473 0.822326 -0.015731
v -0.326068 0.863659 0.001799
v -0.595554 0.684225 0.028894
v -0.512452 0.662414 0.033594
v -0.424555 0.676421 0.035602
v -0.386264 0.699860 0.035091
v -0.355332 0.732368 0.033594
v -0.333866 0.771731 0.031212
v -0.324440 0.860004 0.024492
v -0.337123 0.902898 0.020612
v -0.670921 0.682678 0.066415
v -0.668091 0.676320 -0.013136
v -0.678898 0.700593 -0.044801
v -0.694697 0.736078 -0.058939
v -0.711254 0.773266 -0.051761
v -0.724134 0.802194 -0.025190
v -0.729884 0.815110 0.013653
v -0.726964 0.808552 0.054361
v -0.716157 0.784279 0.086026
v -0.700358 0.748794 0.100164
v -0.683801 0.711605 0.092986
v -0.683654 0.696365 0.024788
v -0.687104 0.704114 0.048094
v -0.685406 0.700299 0.000364
v -0.691890 0.714863 -0.018636
v -0.701369 0.736154 -0.027118
v -0.711304 0.758468 -0.022811
v -0.719031 0.775824 -0.006869
v -0.722482 0.783573 0.016437
v -0.720730 0.779639 0.040861
v -0.714246 0.765075 0.059861
v -0.704766 0.743784 0.068343
v -0.694832 0.721471 0.064037
v -1.271297 0.780650 -0.013213
v -1.298576 0.722721 -0.020933
v -1.207057 0.749318 0.002397
v -1.236453 0.692422 -0.002479
v -1.276164 0.783024 0.048689
v -1.304660 0.725689 0.056444
v -1.210464 0.750980 0.045728
v -1.240713 0.694500 0.051685
v -1.228782 0.759914 -0.005956
v -1.256301 0.702102 -0.012919
v -1.233163 0.762051 0.049756
v -1.261777 0.704773 0.056720
v -1.196909 0.744369 0.025216
v -1.227417 0.688015 0.026045
v -1.264161 0.801003 0.017756
v -1.311684 0.703566 0.017756
v -1.269105 0.682799 0.021900
v -1.221582 0.780236 0.021900
v -1.284321 0.751948 -0.020933
v -1.214889 0.718084 -0.002479
v -1.219149 0.720161 0.051685
v -1.290405 0.754915 0.056444
v -1.247522 0.734000 0.056720
v -1.242046 0.731329 -0.012919
v -1.287363 0.753432 0.017756
v -1.202205 0.711897 0.026045
v -1.311545 0.646052 0.042428
v -1.337216 0.658572 0.048661
v -1.344703 0.635866 0.017756
v -1.332348 0.656198 -0.013240
v -1.308040 0.644342 -0.002142
v -1.300719 0.640771 0.021026
v -1.323651 0.686751 0.056444
v -1.320609 0.685268 0.017756
v -1.291562 0.671101 0.048652
v -1.287181 0.668964 -0.007060
v -1.278030 0.664500 0.021900
v -1.317567 0.683784 -0.020933
v 1.247713 0.816316 -0.026774
v 1.264532 0.767798 -0.051220
v 1.377990 0.575633 -0.043188
v 1.313346 0.665390 -0.054827
v 1.268842 0.816027 -0.022868
v 1.289021 0.779849 -0.039663
v 1.403762 0.596233 -0.039813
v 1.333160 0.700261 -0.037856
v 1.483422 0.457291 -0.013030
v 1.461893 0.442780 -0.013879
v 1.334027 0.640612 -0.051574
v 1.360988 0.657805 -0.047182
v 1.283991 0.725475 -0.055587
v 1.310870 0.738859 -0.046803
v 1.419920 0.515270 -0.028805
v 1.444463 0.533262 -0.026780
v 1.519406 0.346773 0.020430
v 1.235295 0.850909 0.019019
v 1.254622 0.820467 0.065361
v 1.275218 0.774218 0.091272
v 1.387502 0.581349 0.083660
v 1.324710 0.672219 0.096717
v 1.276819 0.772705 0.019429
v 1.318947 0.684893 0.020226
v 1.391512 0.576458 0.019671
v 1.522929 0.363300 0.019421
v 1.295996 0.822394 0.015752
v 1.274937 0.819689 0.058396
v 1.297632 0.785023 0.075168
v 1.412346 0.601391 0.074659
v 1.341544 0.705298 0.073936
v 1.441927 0.631113 0.013427
v 1.361876 0.726756 0.015121
v 1.323953 0.799172 0.014701
v 1.488063 0.460080 0.048852
v 1.506293 0.476597 0.015563
v 1.471967 0.444826 0.019569
v 1.466998 0.445847 0.054190
v 1.253239 0.845749 0.017906
v 1.344842 0.647110 0.092652
v 1.348217 0.641793 0.019973
v 1.370733 0.663661 0.082776
v 1.404151 0.687653 0.013712
v 1.295394 0.732326 0.096461
v 1.297862 0.728087 0.019861
v 1.320575 0.744690 0.082613
v 1.350399 0.756731 0.014631
v 1.427228 0.519662 0.068654
v 1.431718 0.516706 0.019348
v 1.451076 0.537235 0.061397
v 1.473258 0.559515 0.014304
v 0.775674 0.680281 0.024825
v 0.775555 0.688837 0.048336
v 0.775614 0.684625 0.000186
v 0.775389 0.700705 -0.018979
v 0.775061 0.724211 -0.027537
v 0.774717 0.748847 -0.023192
v 0.774449 0.768009 -0.007110
v 0.774330 0.776565 0.016400
v 0.774390 0.772221 0.041039
v 0.774615 0.756142 0.060205
v 0.774943 0.732635 0.068762
v 0.775287 0.708000 0.064418
v 0.703640 0.689385 0.023891
v 0.703547 0.696044 0.042190
v 0.703593 0.692766 0.004714
v 0.703418 0.705281 -0.010203
v 0.703162 0.723577 -0.016863
v 0.702895 0.742751 -0.013481
v 0.702686 0.757666 -0.000964
v 0.702593 0.764325 0.017334
v 0.702640 0.760944 0.036511
v 0.702815 0.748429 0.051428
v 0.703071 0.730133 0.058088
v 0.703339 0.710959 0.054707
v 0.911702 0.688176 0.024395
v 0.911595 0.695856 0.045499
v 0.911648 0.692075 0.002276
v 0.911446 0.706510 -0.014929
v 0.911152 0.727612 -0.022610
v 0.910843 0.749727 -0.018710
v 0.910603 0.766929 -0.004274
v 0.910495 0.774609 0.016831
v 0.910550 0.770710 0.038950
v 0.910751 0.756276 0.056155
v 0.911046 0.735174 0.063836
v 0.911355 0.713059 0.059936
v 1.112804 0.667872 0.025615
v 1.112661 0.678031 0.053531
v 1.112732 0.673030 -0.003641
v 1.112465 0.692123 -0.026399
v 1.111925 0.730772 -0.036560
v 1.111517 0.760024 -0.031401
v 1.111199 0.782778 -0.012305
v 1.111057 0.792937 0.015611
v 1.111129 0.787779 0.044868
v 1.111396 0.768686 0.067625
v 1.111785 0.740774 0.077786
v 1.112344 0.700785 0.072627
v 1.187850 0.684080 0.024863
v 1.187730 0.692710 0.048579
v 1.187789 0.688462 0.000008
v 1.187563 0.704682 -0.019326
v 1.187165 0.733166 -0.027957
v 1.186818 0.758017 -0.023575
v 1.186548 0.777348 -0.007352
v 1.186427 0.785978 0.016364
v 1.186489 0.781596 0.041218
v 1.186715 0.765376 0.060552
v 1.187046 0.741664 0.069184
v 1.187460 0.712041 0.064801
v 1.160897 0.679457 0.054570
v 1.160612 0.699880 0.074268
v 1.160024 0.741985 0.079590
v 1.159622 0.770777 0.069108
v 1.159747 0.761842 -0.033042
v 1.160168 0.731667 -0.038363
v 1.159419 0.785313 -0.013343
v 1.159273 0.795793 0.015453
v 1.160737 0.690944 -0.027882
v 1.160969 0.674298 -0.004406
v 1.159347 0.790472 0.045633
v 1.157124 0.664748 0.025773
v 0.738725 0.732189 0.072689
v 0.739097 0.705544 0.067990
v 0.739515 0.675565 0.025169
v 0.739386 0.684819 0.050596
v 0.739450 0.680263 -0.001479
v 0.738369 0.757612 0.063434
v 0.738127 0.775003 0.042705
v 0.738852 0.723078 -0.031463
v 0.739207 0.697654 -0.022208
v 0.738480 0.749722 -0.026764
v 0.738190 0.770447 -0.009371
v 0.738061 0.779701 0.016057
v 1.020621 0.738255 0.071728
v 1.020273 0.763209 0.062643
v 1.020380 0.755465 -0.025889
v 1.020746 0.729313 -0.030501
v 1.020096 0.775808 -0.008817
v 1.019970 0.784890 0.016141
v 1.021094 0.704358 -0.021417
v 1.021333 0.687289 -0.001071
v 1.020034 0.780279 0.042297
v 1.020986 0.712103 0.067115
v 1.021397 0.682677 0.025085
v 1.021270 0.691760 0.050043
v 0.821352 0.710217 0.061820
v 0.821028 0.733391 0.065907
v 0.821716 0.684142 0.024576
v 0.821604 0.692190 0.046692
v 0.821658 0.688228 0.001398
v 0.820719 0.755504 0.057857
v 0.820508 0.770629 0.039828
v 0.821139 0.725467 -0.024681
v 0.821448 0.703354 -0.016632
v 0.820815 0.748641 -0.020594
v 0.820563 0.766667 -0.005466
v 0.820451 0.774716 0.016650
v 1.197778 0.702359 0.023283
v 1.197702 0.707780 0.038181
v 1.197739 0.705111 0.007669
v 1.197597 0.715300 -0.004475
v 1.197322 0.734968 -0.009898
v 1.197104 0.750579 -0.007145
v 1.196935 0.762722 0.003046
v 1.196859 0.768144 0.017944
v 1.196897 0.765391 0.033557
v 1.197040 0.755202 0.045702
v 1.197247 0.740306 0.051124
v 1.197532 0.719923 0.048371
v 1.204586 0.737794 0.020591
v 0.719755 0.731309 0.067371
v 0.720465 0.680468 0.024704
v 0.720406 0.684687 0.000777
v 0.719436 0.754137 0.059061
v 0.719869 0.723129 -0.026145
v 0.719535 0.747052 -0.021926
v 0.719275 0.765661 -0.006309
v 0.719159 0.773970 0.016522
v 0.720089 0.707386 0.063152
v 0.720349 0.688777 0.047534
v 0.719218 0.769752 0.040449
v 0.720188 0.700301 -0.017835
v 0.693777 0.699664 0.022973
v 0.693710 0.704459 0.036148
v 0.693743 0.702099 0.009166
v 0.693618 0.711110 -0.001574
v 0.693434 0.724283 -0.006370
v 0.693241 0.738088 -0.003935
v 0.693091 0.748827 0.005077
v 0.693024 0.753621 0.018252
v 0.693058 0.751187 0.032060
v 0.693184 0.742176 0.042800
v 0.693368 0.729003 0.047595
v 0.693560 0.715198 0.045161
v 0.687847 0.726520 0.020592
v 0.665171 0.669762 0.027572
v 0.556068 0.672800 0.031212
v 0.467596 0.663649 0.035091
v 0.323329 0.815265 0.028107
v 0.635632 0.683401 0.027533
v 0.602396 0.699592 0.075111
v 0.564825 0.692470 0.090368
v 0.523178 0.686504 0.106045
v 0.479558 0.690518 0.115900
v 0.436940 0.704238 0.119262
v 0.398227 0.726729 0.115900
v 0.366057 0.756459 0.106045
v 0.342623 0.791400 0.090368
v 0.329521 0.829173 0.069937
v 0.327646 0.867203 0.046144
v 0.641350 0.696244 0.066159
v 0.638535 0.689922 -0.012947
v 0.617721 0.734012 0.106726
v 0.584440 0.736525 0.130833
v 0.547201 0.740461 0.155605
v 0.506353 0.750699 0.171177
v 0.464679 0.766541 0.176488
v 0.425021 0.786910 0.171177
v 0.390080 0.810415 0.155605
v 0.362237 0.835456 0.130833
v 0.343391 0.860325 0.098550
v 0.334825 0.883328 0.060956
v 0.649281 0.714059 -0.044435
v 0.637422 0.778262 0.115267
v 0.609656 0.793161 0.141765
v 0.578084 0.809826 0.168993
v 0.540799 0.828065 0.186110
v 0.500340 0.846638 0.191948
v 0.459467 0.864277 0.186109
v 0.420963 0.879780 0.168993
v 0.387454 0.892092 0.141764
v 0.361221 0.900373 0.106280
v 0.344055 0.904059 0.064957
v 0.664992 0.749346 -0.058494
v 0.656220 0.820484 0.098445
v 0.633717 0.847203 0.120234
v 0.607552 0.876013 0.142623
v 0.573667 0.901888 0.156697
v 0.534368 0.923064 0.161498
v 0.492335 0.938099 0.156697
v 0.450432 0.945968 0.142623
v 0.411515 0.946134 0.120233
v 0.378235 0.938586 0.091055
v 0.352862 0.923839 0.057076
v 0.681457 0.786326 -0.051356
v 0.669079 0.849365 0.060768
v 0.650176 0.884170 0.072009
v 0.627710 0.921288 0.083560
v 0.596150 0.952385 0.090822
v 0.557644 0.975343 0.093298
v 0.514818 0.988597 0.090822
v 0.470590 0.991243 0.083560
v 0.427973 0.983101 0.072009
v 0.389873 0.964726 0.056955
v 0.358886 0.937370 0.039425
v 0.694265 0.815092 -0.024934
v 0.672553 0.857168 0.012331
v 0.654622 0.894156 0.010013
v 0.633156 0.933519 0.007631
v 0.602223 0.966027 0.006133
v 0.563932 0.989466 0.005622
v 0.520892 1.002239 0.006133
v 0.476035 1.003474 0.007631
v 0.432420 0.993087 0.010013
v 0.393017 0.971787 0.013117
v 0.360513 0.941026 0.016732
v 0.699983 0.827935 0.013692
v 0.665711 0.841800 -0.033887
v 0.645864 0.874487 -0.049143
v 0.622430 0.909429 -0.064820
v 0.590261 0.939158 -0.074676
v 0.551547 0.961649 -0.078037
v 0.508929 0.975369 -0.074676
v 0.465310 0.979383 -0.064821
v 0.423662 0.973418 -0.049143
v 0.386825 0.957879 -0.028713
v 0.357308 0.933826 -0.004920
v 0.697079 0.821415 0.054172
v 0.650387 0.807380 -0.065501
v 0.626250 0.830431 -0.089608
v 0.598407 0.855472 -0.114380
v 0.563466 0.878977 -0.129952
v 0.523808 0.899346 -0.135264
v 0.482135 0.915189 -0.129952
v 0.441287 0.925427 -0.114380
v 0.404048 0.929362 -0.089609
v 0.372955 0.926727 -0.057326
v 0.350129 0.917701 -0.019732
v 0.686333 0.797277 0.085660
v 0.630685 0.763131 -0.074043
v 0.601034 0.773795 -0.100540
v 0.567524 0.786107 -0.127768
v 0.529020 0.801611 -0.144885
v 0.488147 0.819250 -0.150723
v 0.447689 0.837822 -0.144885
v 0.410403 0.856062 -0.127769
v 0.378832 0.872726 -0.100540
v 0.355125 0.886679 -0.065056
v 0.340899 0.896970 -0.023733
v 0.670622 0.761991 0.099719
v 0.611887 0.720909 -0.057220
v 0.576972 0.719753 -0.079009
v 0.538055 0.719919 -0.101398
v 0.496152 0.727788 -0.115473
v 0.454120 0.742823 -0.120273
v 0.414821 0.763999 -0.115473
v 0.380935 0.789874 -0.101399
v 0.354770 0.818684 -0.079009
v 0.338111 0.848466 -0.049831
v 0.332092 0.877190 -0.015852
v 0.654157 0.725010 0.092581
v 0.599028 0.692027 -0.019543
v 0.560514 0.682786 -0.030785
v 0.517898 0.674645 -0.042336
v 0.473670 0.677291 -0.049597
v 0.430843 0.690544 -0.052074
v 0.392338 0.713502 -0.049597
v 0.360777 0.744599 -0.042336
v 0.338312 0.781717 -0.030785
v 0.326473 0.822326 -0.015731
v 0.326067 0.863659 0.001799
v 0.595554 0.684225 0.028894
v 0.512452 0.662414 0.033594
v 0.424555 0.676421 0.035602
v 0.386264 0.699860 0.035091
v 0.355331 0.732368 0.033594
v 0.333865 0.771731 0.031212
v 0.324440 0.860003 0.024492
v 0.337123 0.902898 0.020612
v 0.670921 0.682678 0.066415
v 0.668091 0.676319 -0.013136
v 0.678898 0.700593 -0.044801
v 0.694697 0.736078 -0.058939
v 0.711254 0.773266 -0.051761
v 0.724134 0.802194 -0.025190
v 0.729884 0.815109 0.013653
v 0.726964 0.808552 0.054361
v 0.716157 0.784279 0.086026
v 0.700358 0.748794 0.100164
v 0.683801 0.711605 0.092986
v 0.683654 0.696365 0.024788
v 0.687104 0.704114 0.048094
v 0.685406 0.700299 0.000364
v 0.691890 0.714863 -0.018636
v 0.701369 0.736154 -0.027118
v 0.711304 0.758467 -0.022812
v 0.719031 0.775824 -0.006869
v 0.722482 0.783573 0.016437
v 0.720730 0.779639 0.040861
v 0.714246 0.765075 0.059861
v 0.704766 0.743784 0.068343
v 0.694832 0.721471 0.064036
v 1.271297 0.780650 -0.013213
v 1.298575 0.722721 -0.020933
v 1.207057 0.749318 0.002396
v 1.236453 0.692422 -0.002479
v 1.276164 0.783024 0.048689
v 1.304660 0.725688 0.056444
v 1.210464 0.750980 0.045728
v 1.240712 0.694499 0.051685
v 1.228781 0.759914 -0.005956
v 1.256301 0.702102 -0.012920
v 1.233163 0.762051 0.049756
v 1.261777 0.704773 0.056720
v 1.196908 0.744368 0.025216
v 1.227417 0.688015 0.026045
v 1.264160 0.801003 0.017755
v 1.311684 0.703566 0.017755
v 1.269105 0.682799 0.021900
v 1.221581 0.780236 0.021900
v 1.284321 0.751948 -0.020933
v 1.214889 0.718084 -0.002479
v 1.219148 0.720161 0.051685
v 1.290405 0.754915 0.056444
v 1.247522 0.733999 0.056720
v 1.242046 0.731328 -0.012920
v 1.287363 0.753431 0.017755
v 1.202204 0.711897 0.026045
v 1.311545 0.646051 0.042427
v 1.337216 0.658572 0.048661
v 1.344704 0.635866 0.017755
v 1.332349 0.656198 -0.013241
v 1.308040 0.644342 -0.002142
v 1.300719 0.640771 0.021026
v 1.323651 0.686751 0.056444
v 1.320609 0.685267 0.017755
v 1.291562 0.671100 0.048652
v 1.287182 0.668964 -0.007060
v 1.278029 0.664500 0.021900
v 1.317567 0.683784 -0.020933
v 0.323342 1.133871 -0.186707
v 0.186656 1.133871 -0.323394
v 0.486055 1.165573 -0.280649
v 0.280598 1.165573 -0.486106
v 0.622791 1.203006 -0.359594
v 0.359543 1.203006 -0.622842
v 0.399401 1.938459 -0.639874
v 0.339663 1.865667 -0.639874
v 0.266871 1.805929 -0.639874
v 0.183824 1.761539 -0.639874
v 0.093713 2.676457 -0.639874
v 0.093712 1.734205 -0.639874
v 0.183824 2.649122 -0.639874
v 0.266872 2.604732 -0.639874
v 0.339663 2.544994 -0.639874
v 0.399401 2.472202 -0.639874
v 0.443791 2.389155 -0.639874
v 0.471126 2.299044 -0.639874
v 0.480356 2.205331 -0.639874
v 0.471126 2.111618 -0.639874
v 0.443791 2.021506 -0.639874
v 0.399401 1.938459 -0.959811
v 0.339663 1.865667 -0.959811
v 0.266871 1.805929 -0.959811
v 0.183824 1.761539 -0.959811
v 0.093712 1.734204 -0.959811
v 0.183824 2.649122 -0.959811
v 0.266872 2.604732 -0.959811
v 0.339663 2.544994 -0.959811
v 0.399401 2.472203 -0.959811
v 0.443791 2.389155 -0.959811
v 0.471126 2.299043 -0.959811
v 0.480356 2.205331 -0.959811
v 0.471126 2.111618 -0.959811
v 0.443791 2.021506 -0.959811
v 0.639874 2.649122 -0.183824
v 0.639874 2.676457 -0.093713
v 0.639874 1.734205 -0.093713
v 0.639874 1.761540 -0.183825
v 0.639874 1.805930 -0.266872
v 0.639874 2.205331 -0.480356
v 0.639874 2.299044 -0.471126
v 0.639874 1.865668 -0.339663
v 0.639874 2.389155 -0.443791
v 0.639874 1.938460 -0.399402
v 0.639874 2.472203 -0.399402
v 0.639874 2.021507 -0.443791
v 0.639874 2.544994 -0.339663
v 0.639874 2.111619 -0.471126
v 0.639874 2.604732 -0.266872
v 1.030730 1.858994 -0.231659
v 1.030730 2.045632 -0.384829
v 1.030730 2.123648 -0.408494
v 0.959811 1.734205 -0.093713
v 0.959811 1.761540 -0.183825
v 0.959811 1.805930 -0.266872
v 0.959811 2.383950 -0.430090
v 0.959811 2.389155 -0.443791
v 1.030730 2.435827 -0.346398
v 0.959811 2.021507 -0.443791
v 0.959811 2.111619 -0.471126
v 0.959811 2.604732 -0.266871
v 0.959811 2.649122 -0.183824
v 0.065997 3.145835 -0.065560
v 0.950170 3.145835 -0.065560
v 0.065998 3.145835 -0.954360
v 1.000000 1.199449 -1.000000
v 1.000000 3.199450 -1.000000
v 0.065997 3.199450 -0.065560
v 0.999999 3.145835 -0.065560
v 0.065998 3.145835 -1.000000
v 0.949194 3.199450 -0.065560
v 0.065998 3.199450 -0.954360
v 0.065998 3.199450 -1.000000
v 0.999999 3.199450 -0.065560
v 0.999999 2.206698 -0.529688
v 0.999999 2.309782 -0.518551
v 0.999999 2.004492 -0.489570
v 0.999999 2.408904 -0.487137
v 0.999999 2.582024 -0.370513
v 1.030730 1.796897 -0.081745
v 1.030730 1.820563 -0.159760
v 0.950170 2.676457 -0.093713
v 0.950170 2.665733 -0.065560
v 1.030730 1.910713 -0.294679
v 0.999999 2.686921 -0.197078
v 1.030730 1.973733 -0.346398
v 0.999999 2.643776 -0.286943
v 1.000000 1.767356 -0.278283
v 1.030730 2.603377 -0.040658
v 0.959811 2.640041 -0.045114
v 0.959811 2.296620 -0.456581
v 0.046196 2.722712 -1.000000
v 0.046196 2.671516 -0.954360
v 0.206453 2.694868 -1.000000
v 0.296809 2.646039 -1.000000
v 0.387364 2.580327 -1.000000
v 0.451404 1.899756 -1.000000
v 0.378112 1.803120 -1.000000
v 0.105075 1.672165 -1.000000
v 0.203424 1.696937 -1.000000
v 0.293775 1.737960 -1.000000
v 0.450849 2.500256 -1.000000
v 0.498935 2.408904 -1.000000
v 0.537192 2.103613 -1.000000
v 0.499408 1.987882 -1.000000
v 0.529615 2.306573 -1.000000
v 0.544853 2.206697 -1.000000
v 1.000000 2.199449 -1.000000
v 0.959811 2.205801 -0.465526
v 0.959811 1.947169 -0.387071
v 0.959811 1.876624 -0.329177
v 0.959811 2.299044 -0.471126
v 0.959811 1.865668 -0.339663
v 0.959811 2.534977 -0.329177
v 0.959811 2.464433 -0.387071
v 0.959811 1.938460 -0.399402
v 0.959811 2.472202 -0.399401
v 1.030730 2.204780 -0.427306
v 0.959811 2.544994 -0.339663
v 1.030730 2.588997 -0.159760
v 0.959811 2.205331 -0.480356
v 0.999999 2.103614 -0.517172
v 1.030730 2.363928 -0.384828
v 1.030730 2.285913 -0.408494
v 1.030730 2.550566 -0.231659
v 1.030730 2.498847 -0.294679
v 0.999999 2.500256 -0.434713
v 0.999999 1.910828 -0.438382
v 0.999999 1.828192 -0.367806
v 0.959811 2.665733 -0.046508
v 0.999999 2.715838 -0.046508
v 0.999999 1.718527 -0.190591
v 0.999999 1.689734 -0.095055
v 0.959811 1.749219 -0.090820
v 0.959811 1.818730 -0.258633
v 0.959811 1.775711 -0.178150
v 0.959811 2.114982 -0.456581
v 0.959811 2.027652 -0.430090
v 0.959811 2.635891 -0.178149
v 0.959811 2.592872 -0.258632
v 0.431589 2.026979 -0.959811
v 0.388419 1.946215 -0.959811
v 0.458172 2.114613 -0.959811
v 0.467148 2.205749 -0.959811
v 0.458172 2.296885 -0.959811
v 0.431589 2.384519 -0.959811
v 0.388420 2.465283 -0.959811
v 0.330324 2.536073 -0.959811
v 0.259534 2.594169 -0.959811
v 0.178770 2.637338 -0.959811
v 0.091136 1.747577 -0.959811
v 0.044926 2.647259 -0.954210
v 0.178769 1.774160 -0.959811
v 0.259533 1.817329 -0.959811
v 0.330323 1.875425 -0.959811
v 0.405184 2.037736 -1.014633
v 0.364635 1.961872 -1.014634
v 0.430155 2.120052 -1.014633
v 0.438587 2.205659 -1.014633
v 0.430155 2.291265 -1.014633
v 0.405185 2.373582 -1.014633
v 0.354146 2.428932 -1.014634
v 0.310064 2.515941 -1.014633
v 0.243569 2.570512 -1.014633
v 0.167705 2.611062 -1.014633
v 0.085388 1.775286 -1.014633
v 0.042109 2.631519 -1.014633
v 0.167705 1.800256 -1.014633
v 0.243568 1.840806 -1.014633
v 0.310063 1.895377 -1.014633
v -0.000006 1.133871 -0.373425
v -0.323354 1.133871 -0.186707
v -0.186668 1.133871 -0.323394
v -0.000006 1.165573 -0.561309
v -0.486067 1.165573 -0.280649
v -0.280610 1.165573 -0.486106
v -0.000006 1.203006 -0.719198
v -0.622803 1.203006 -0.359594
v -0.359554 1.203006 -0.622842
v -0.399413 1.938459 -0.639874
v -0.339675 1.865667 -0.639874
v -0.266883 1.805929 -0.639874
v -0.000006 2.685687 -0.639874
v -0.183836 1.761539 -0.639874
v -0.093725 2.676457 -0.639874
v -0.093724 1.734205 -0.639874
v -0.183836 2.649122 -0.639874
v -0.000006 1.724975 -0.639874
v -0.266883 2.604732 -0.639874
v -0.339675 2.544994 -0.639874
v -0.399413 2.472202 -0.639874
v -0.443803 2.389155 -0.639874
v -0.471138 2.299044 -0.639874
v -0.480368 2.205331 -0.639874
v -0.471138 2.111618 -0.639874
v -0.443803 2.021506 -0.639874
v -0.399413 1.938459 -0.959811
v -0.339675 1.865667 -0.959811
v -0.266883 1.805929 -0.959811
v -0.183836 1.761539 -0.959811
v -0.093724 1.734204 -0.959811
v -0.183836 2.649122 -0.959811
v -0.000006 1.724975 -0.959811
v -0.266884 2.604732 -0.959811
v -0.339675 2.544994 -0.959811
v -0.399413 2.472202 -0.959811
v -0.443803 2.389155 -0.959811
v -0.471138 2.299043 -0.959811
v -0.480368 2.205331 -0.959811
v -0.471138 2.111618 -0.959811
v -0.443803 2.021506 -0.959811
v -0.639886 2.649122 -0.183824
v -0.639886 2.676457 -0.093713
v -0.639886 1.734205 -0.093713
v -0.639886 1.761540 -0.183825
v -0.639886 1.805930 -0.266872
v -0.639886 2.205331 -0.480356
v -0.639886 2.299044 -0.471126
v -0.639886 1.865668 -0.339663
v -0.639886 2.389155 -0.443791
v -0.639886 1.938460 -0.399402
v -0.639886 2.472202 -0.399401
v -0.639886 2.021507 -0.443791
v -0.639886 2.544994 -0.339663
v -0.639886 2.111619 -0.471126
v -0.639886 2.604733 -0.266872
v -1.015381 1.844735 -0.240944
v -1.015381 2.039541 -0.400817
v -1.015381 2.120970 -0.425518
v -0.959823 1.734205 -0.093713
v -0.959823 1.761540 -0.183825
v -0.959823 1.805930 -0.266872
v -0.959823 2.383950 -0.430090
v -0.959823 2.389155 -0.443791
v -1.015381 2.446811 -0.360704
v -0.959823 2.021507 -0.443791
v -0.959823 2.111619 -0.471126
v -0.959823 2.604733 -0.266871
v -0.959823 2.649122 -0.183824
v -0.066009 3.145835 -0.070641
v -0.950182 3.145835 -0.070641
v -0.066009 3.145835 -0.954360
v -1.000011 1.199449 -1.000000
v -1.000011 3.199450 -1.000000
v -0.066009 3.199450 -0.070641
v -1.000011 3.145835 -0.070641
v -0.066009 3.145835 -1.000000
v -0.949206 3.199450 -0.070641
v -0.066009 3.199450 -0.954360
v -0.066009 3.199450 -1.000000
v -1.000011 3.199450 -0.070641
v -1.015381 2.206697 -0.529688
v -1.000011 2.309782 -0.518551
v -1.000011 2.004491 -0.489570
v -1.000011 2.408904 -0.487137
v -1.000011 2.582024 -0.370513
v -1.015381 1.779920 -0.084469
v -1.015381 1.804622 -0.165898
v -0.950182 2.676457 -0.093713
v -0.950182 2.665733 -0.070641
v -1.025412 1.914562 -0.294965
v -1.000011 2.686921 -0.197078
v -1.015381 1.964495 -0.360704
v -1.000011 2.643776 -0.286943
v -1.000011 1.767356 -0.278283
v -1.015381 2.621695 -0.045283
v -0.959823 2.623425 -0.046733
v -0.959823 2.296620 -0.456581
v -0.000006 2.629804 -0.954360
v -0.046208 2.722712 -1.000000
v -0.046208 2.671516 -0.954360
v -0.206465 2.694868 -1.000000
v -0.296821 2.646039 -1.000000
v -0.387376 2.580327 -1.000000
v -0.451416 1.899756 -1.000000
v -0.378124 1.803120 -1.000000
v -0.105087 1.672165 -1.000000
v -0.203436 1.696937 -1.000000
v -0.293788 1.737960 -1.000000
v -0.000006 1.659729 -1.000000
v -0.450861 2.500256 -1.000000
v -0.498947 2.408904 -1.000000
v -0.537204 2.103613 -1.000000
v -0.499420 1.987882 -1.000000
v -0.529626 2.306573 -1.000000
v -0.544865 2.206697 -1.000000
v -0.000006 1.199450 -1.000000
v -0.000006 3.145835 -0.129067
v -0.000006 3.145835 -0.954360
v -1.000011 2.199449 -1.000000
v -0.000006 1.725113 -0.959811
v -0.959823 2.205801 -0.465526
v -0.959823 1.947169 -0.387071
v -0.959823 1.876624 -0.329177
v -0.959823 2.299044 -0.471126
v -0.959823 1.865668 -0.339663
v -0.959823 2.534977 -0.329177
v -0.959823 2.464433 -0.387071
v -0.959823 1.938460 -0.399402
v -0.959823 2.472202 -0.399401
v -1.015381 2.205653 -0.433859
v -0.959823 2.544994 -0.339663
v -1.015381 2.606685 -0.165898
v -0.959823 2.205331 -0.480356
v -1.000011 2.103614 -0.517172
v -1.015381 2.371766 -0.400817
v -1.015381 2.290337 -0.425518
v -1.015381 2.566572 -0.240943
v -1.015381 2.512589 -0.306721
v -1.000011 2.500256 -0.434713
v -1.000011 1.910827 -0.438382
v -1.000011 1.828192 -0.367806
v -0.959823 2.665733 -0.050065
v -1.000011 2.715838 -0.050065
v -1.000011 1.718527 -0.190591
v -1.000011 1.689734 -0.095055
v -0.959823 1.749219 -0.090820
v -0.959823 1.818730 -0.258633
v -0.959823 1.775711 -0.178150
v -0.959823 2.114982 -0.456581
v -0.959823 2.027652 -0.430090
v -0.959823 2.619428 -0.171364
v -0.959823 2.592872 -0.258632
v -0.431601 2.026979 -0.959811
v -0.388431 1.946215 -0.959811
v -0.458184 2.114613 -0.959811
v -0.467160 2.205749 -0.959811
v -0.458184 2.296885 -0.959811
v -0.431601 2.384519 -0.959811
v -0.388432 2.465283 -0.959811
v -0.330336 2.536073 -0.959811
v -0.259546 2.594169 -0.959811
v -0.178782 2.637338 -0.959811
v -0.091148 1.747577 -0.959811
v -0.000006 1.738601 -0.959811
v -0.044938 2.647259 -0.954210
v -0.178781 1.774160 -0.959811
v -0.259545 1.817329 -0.959811
v -0.330335 1.875425 -0.959811
v -0.405632 2.037736 -1.014633
v -0.365082 1.961872 -1.014633
v -0.430603 2.120052 -1.014633
v -0.451667 2.205659 -1.014633
v -0.430603 2.291266 -1.014633
v -0.405632 2.373582 -1.014633
v -0.365082 2.449446 -1.014633
v -0.310511 2.515941 -1.014633
v -0.244016 2.570512 -1.014633
v -0.168153 2.611062 -1.014633
v -0.085836 1.775286 -1.014633
v -0.000224 1.750317 -1.014633
v -0.042303 2.631519 -1.014633
v -0.168152 1.800256 -1.014633
v -0.244016 1.840806 -1.014633
v -0.331257 1.883512 -1.014633
v 0.373373 1.133871 -0.002054
v 0.323342 1.133871 0.182600
v 0.186656 1.133871 0.319287
v 0.561257 1.165573 -0.002054
v 0.486055 1.165573 0.276542
v 0.280598 1.165573 0.481999
v 0.719146 1.203006 -0.002054
v 0.622791 1.203006 0.355486
v 0.359543 1.203006 0.618735
v 0.399401 1.938459 0.635767
v 0.339663 1.865668 0.635767
v 0.266871 1.805929 0.635767
v 0.183824 1.761539 0.635767
v 0.093713 2.676457 0.635766
v 0.093712 1.734205 0.635767
v 0.183824 2.649122 0.635766
v 0.266872 2.604733 0.635766
v 0.339663 2.544994 0.635766
v 0.399401 2.472203 0.635766
v 0.443791 2.389155 0.635766
v 0.471126 2.299044 0.635766
v 0.480356 2.205331 0.635766
v 0.471126 2.111618 0.635766
v 0.443791 2.021507 0.635767
v 0.399401 1.938459 0.955703
v 0.339663 1.865668 0.955704
v 0.266871 1.805929 0.955704
v 0.183824 1.761539 0.955704
v 0.093712 1.734205 0.955704
v 0.183824 2.649122 0.955703
v 0.266872 2.604733 0.955703
v 0.339663 2.544994 0.955703
v 0.399401 2.472203 0.955703
v 0.443791 2.389155 0.955703
v 0.471126 2.299044 0.955703
v 0.480356 2.205331 0.955703
v 0.471126 2.111618 0.955703
v 0.443791 2.021507 0.955703
v 0.639874 2.649122 0.179717
v 0.639874 2.676457 0.089605
v 0.639874 2.685687 -0.002054
v 0.639874 1.724975 -0.002054
v 0.639874 1.734205 0.089606
v 0.639874 1.761540 0.179717
v 0.639874 1.805930 0.262765
v 0.639874 2.205331 0.476249
v 0.639874 2.299044 0.467019
v 0.639874 1.865668 0.335556
v 0.639874 2.389155 0.439684
v 0.639874 1.938460 0.395294
v 0.639874 2.472203 0.395294
v 0.639874 2.021507 0.439684
v 0.639874 2.544994 0.335555
v 0.639874 2.111619 0.467019
v 0.639874 2.604733 0.262764
v 1.030730 1.770577 -0.002507
v 1.030730 1.858994 0.226645
v 1.030730 2.045633 0.379815
v 1.030730 2.123648 0.403481
v 0.959811 1.734205 0.089606
v 0.959811 1.761540 0.179717
v 0.959811 1.740274 -0.002054
v 0.959811 1.805930 0.262765
v 0.959811 2.383950 0.425983
v 0.959811 2.389155 0.439684
v 1.030730 2.420596 0.331173
v 0.959811 2.021507 0.439684
v 0.959811 2.111619 0.467019
v 0.959811 2.604733 0.262764
v 0.959811 2.649122 0.179717
v 0.065997 3.145835 0.061453
v 0.950170 3.145835 0.061452
v 0.065998 3.145836 0.950252
v 0.999999 1.199450 0.995892
v 0.999999 3.199450 0.995892
v 0.065997 3.199450 0.061453
v 0.999999 3.145835 0.061452
v 0.065998 3.145836 0.995892
v 0.949194 3.199450 0.061452
v 0.065998 3.199450 0.950252
v 0.065998 3.199450 0.995892
v 0.999999 3.199450 0.061452
v 0.999999 2.206698 0.525581
v 0.999999 2.309782 0.514443
v 1.000000 2.004492 0.485463
v 0.999999 2.408905 0.483030
v 1.000000 2.582024 0.366405
v 1.030730 1.796897 0.076732
v 1.030730 1.809328 0.169851
v 0.950170 2.629804 -0.002054
v 0.950170 2.676457 0.089605
v 0.950170 2.665733 0.061453
v 1.030730 1.910713 0.289666
v 0.999999 2.686921 0.192970
v 1.030730 1.973733 0.341385
v 0.999999 2.643776 0.282836
v 0.999999 1.767357 0.274176
v 1.030730 2.603377 0.036234
v 0.959811 2.640042 0.041006
v 0.999999 1.680351 -0.002054
v 0.959811 2.296621 0.452474
v 0.046196 2.722712 0.995892
v 0.046196 2.671517 0.950252
v 0.206453 2.694868 0.995892
v 0.296809 2.646039 0.995892
v 0.387364 2.580327 0.995892
v 0.451404 1.899757 0.995892
v 0.378112 1.803121 0.995892
v 0.105075 1.672166 0.995892
v 0.203424 1.696938 0.995892
v 0.293776 1.737960 0.995892
v 0.450849 2.500257 0.995892
v 0.498935 2.408905 0.995892
v 0.537192 2.103613 0.995892
v 0.499408 1.987882 0.995892
v 0.529614 2.306574 0.995892
v 0.544853 2.206698 0.995892
v 0.999999 1.199450 -0.002054
v 0.110000 3.145835 -0.002054
v 0.950170 3.145835 -0.002054
v 0.999999 2.199450 0.995892
v 0.959811 2.205801 0.461419
v 0.959811 1.947169 0.382964
v 0.959811 1.724975 -0.002054
v 0.959811 1.876624 0.325070
v 0.959811 2.299044 0.467019
v 0.959811 1.865668 0.335556
v 0.959811 2.534978 0.325069
v 0.959811 2.464433 0.382963
v 0.959811 1.938460 0.395294
v 0.959811 2.472203 0.395294
v 1.030730 2.204780 0.411472
v 0.959811 2.544994 0.335555
v 1.030730 2.588997 0.154746
v 0.959811 2.205331 0.476249
v 1.000000 2.103615 0.513065
v 1.030730 2.363928 0.379815
v 1.030730 2.285913 0.403481
v 1.030730 2.550566 0.226645
v 1.030730 2.498847 0.289665
v 1.000000 2.500256 0.430606
v 1.000000 1.910828 0.434275
v 1.000000 1.828192 0.363699
v 0.959811 2.665733 0.042401
v 0.999999 2.715838 0.042401
v 0.999999 1.718527 0.186484
v 0.999999 1.689734 0.090948
v 0.959811 1.749219 0.086713
v 0.959811 1.818730 0.254526
v 0.959811 1.775711 0.174042
v 0.959811 2.114982 0.452474
v 0.959811 2.027652 0.425983
v 0.959811 2.635891 0.174042
v 0.959811 2.592872 0.254525
v 0.431589 2.026979 0.955703
v 0.388419 1.946216 0.955703
v 0.458172 2.114613 0.955703
v 0.467148 2.205750 0.955703
v 0.458172 2.296885 0.955703
v 0.431589 2.384519 0.955703
v 0.388420 2.465283 0.955703
v 0.330324 2.536073 0.955703
v 0.259534 2.594169 0.955703
v 0.178770 2.637338 0.955703
v 0.091136 1.747577 0.955704
v 0.044926 2.647259 0.950102
v 0.178769 1.774161 0.955704
v 0.259533 1.817330 0.955704
v 0.330323 1.875426 0.955704
v 0.407650 2.036935 1.016822
v 0.381707 1.953403 1.016822
v 0.432759 2.119708 1.016822
v 0.441237 2.205789 1.016822
v 0.432759 2.291871 1.016822
v 0.407650 2.374644 1.016822
v 0.366875 2.450928 1.016822
v 0.312002 2.517792 1.016822
v 0.245983 2.571224 1.016822
v 0.168854 2.613440 1.016822
v 0.086081 1.773030 1.016822
v 0.042434 2.634011 1.016822
v 0.168854 1.798139 1.016822
v 0.245138 1.838914 1.016822
v 0.312002 1.893788 1.016822
v -0.000006 1.133871 0.369318
v -0.373385 1.133871 -0.002054
v -0.323354 1.133871 0.182600
v -0.186668 1.133871 0.319287
v -0.000006 1.165573 0.557202
v -0.561269 1.165573 -0.002054
v -0.486067 1.165573 0.276542
v -0.280610 1.165573 0.481999
v -0.000006 1.203006 0.715091
v -0.719158 1.203006 -0.002054
v -0.622803 1.203006 0.355487
v -0.359554 1.203006 0.618735
v -0.399413 1.938459 0.635767
v -0.339675 1.865667 0.635767
v -0.266883 1.805929 0.635767
v -0.000006 2.685687 0.635766
v -0.183836 1.761539 0.635767
v -0.093725 2.676457 0.635766
v -0.093724 1.734205 0.635767
v -0.183836 2.649122 0.635766
v -0.000006 1.724975 0.635767
v -0.266883 2.604733 0.635766
v -0.339675 2.544994 0.635766
v -0.399413 2.472202 0.635766
v -0.443803 2.389155 0.635766
v -0.471138 2.299044 0.635766
v -0.480368 2.205331 0.635766
v -0.471138 2.111618 0.635766
v -0.443803 2.021506 0.635767
v -0.399413 1.938459 0.955704
v -0.339675 1.865668 0.955703
v -0.266883 1.805929 0.955703
v -0.183836 1.761540 0.955704
v -0.093724 1.734205 0.955704
v -0.183836 2.649122 0.955703
v -0.000006 1.724975 0.955704
v -0.266883 2.604733 0.955703
v -0.339675 2.544994 0.955703
v -0.399413 2.472203 0.955704
v -0.443803 2.389155 0.955704
v -0.471138 2.299044 0.955704
v -0.480368 2.205331 0.955704
v -0.471138 2.111618 0.955704
v -0.443803 2.021507 0.955704
v -0.639886 2.649122 0.179717
v -0.639886 2.676457 0.089605
v -0.639886 2.685687 -0.002054
v -0.639886 1.724975 -0.002054
v -0.639886 1.734205 0.089606
v -0.639886 1.761540 0.179717
v -0.639886 1.805930 0.262765
v -0.639886 2.205331 0.476249
v -0.639886 2.299044 0.467019
v -0.639886 1.865668 0.335556
v -0.639886 2.389155 0.439684
v -0.639886 1.938460 0.395294
v -0.639886 2.472203 0.395294
v -0.639886 2.021507 0.439684
v -0.639886 2.544994 0.335555
v -0.639886 2.111619 0.467019
v -0.639886 2.604733 0.262764
v -1.015381 1.755636 -0.001763
v -1.015381 1.844735 0.237418
v -1.015381 2.039541 0.397291
v -1.015381 2.120970 0.421992
v -0.959823 1.734205 0.089606
v -0.959823 1.761540 0.179717
v -0.959823 1.740274 -0.002054
v -0.959823 1.805930 0.262765
v -0.959823 2.383950 0.425983
v -0.959823 2.389155 0.439684
v -1.015381 2.446811 0.357178
v -0.959823 2.021507 0.439684
v -0.959823 2.111619 0.467019
v -0.959823 2.604733 0.262764
v -0.959823 2.649122 0.179717
v -0.066009 3.145835 0.066533
v -0.950182 3.145835 0.066533
v -0.066009 3.145836 0.950252
v -1.000011 1.199450 0.995892
v -1.000012 3.199450 0.995892
v -0.066009 3.199450 0.066533
v -1.000011 3.145835 0.066533
v -0.066009 3.145836 0.995892
v -0.949206 3.199450 0.066533
v -0.066009 3.199450 0.950252
v -0.066009 3.199450 0.995892
v -1.000011 3.199450 0.066533
v -1.000011 2.206698 0.525581
v -1.000011 2.309782 0.514443
v -1.000011 2.004492 0.485463
v -1.000011 2.408904 0.483030
v -1.000011 2.582024 0.366405
v -1.015381 1.779920 0.080943
v -1.015381 1.804622 0.162372
v -0.950182 2.629804 -0.002054
v -0.950182 2.676457 0.089605
v -0.950182 2.665733 0.066533
v -1.015381 1.898717 0.303196
v -1.000011 2.686921 0.192970
v -1.015381 1.964495 0.357178
v -1.000011 2.643776 0.282836
v -1.000011 1.767357 0.274176
v -1.015381 2.621695 0.041395
v -0.959823 2.640042 0.044451
v -1.000011 1.680351 -0.002054
v -0.959823 2.296620 0.452474
v -0.000006 2.629805 0.950252
v -0.046208 2.722712 0.995892
v -0.046208 2.671517 0.950252
v -0.206465 2.694868 0.995892
v -0.296821 2.646039 0.995892
v -0.387376 2.580327 0.995892
v -0.451416 1.899757 0.995892
v -0.378124 1.803121 0.995892
v -0.105087 1.672166 0.995892
v -0.203436 1.696938 0.995892
v -0.293787 1.737960 0.995892
v -0.000006 1.659729 0.995892
v -0.450861 2.500257 0.995892
v -0.498947 2.408905 0.995892
v -0.537204 2.103613 0.995892
v -0.499420 1.987882 0.995892
v -0.529626 2.306574 0.995892
v -0.544865 2.206698 0.995892
v -1.000011 1.199449 -0.002054
v -0.110012 3.145835 -0.002054
v -0.950182 3.145835 -0.002054
v -0.000006 1.199450 0.995893
v -0.000006 1.199449 -0.002054
v -0.000006 3.145835 0.124959
v -0.000006 3.145836 0.950252
v -0.000006 3.145835 -0.002054
v -1.000011 2.199450 0.995892
v -0.000006 1.725113 0.955704
v -0.959823 2.205801 0.461419
v -0.959823 1.947169 0.382964
v -0.959823 1.724975 -0.002054
v -0.959823 1.876624 0.325070
v -0.959823 2.299044 0.467019
v -0.959823 1.865668 0.335556
v -0.959823 2.534977 0.325069
v -0.959823 2.464433 0.382963
v -0.959823 1.938460 0.395294
v -0.959823 2.472202 0.395294
v -1.015381 2.205653 0.445509
v -0.959823 2.544994 0.335555
v -1.015381 2.606685 0.162371
v -0.959823 2.205331 0.476249
v -1.000011 2.103614 0.513065
v -1.015381 2.371766 0.397290
v -1.015381 2.290337 0.421992
v -1.015381 2.561535 0.235245
v -1.015381 2.512589 0.303195
v -1.000011 2.500256 0.430606
v -1.000011 1.910828 0.434275
v -1.000011 1.828192 0.363699
v -0.959823 2.665733 0.045957
v -1.000011 2.715838 0.045957
v -1.000011 1.718527 0.186484
v -1.000011 1.689734 0.090948
v -0.959823 1.749219 0.086713
v -0.959823 1.818730 0.254526
v -0.959823 1.775711 0.174042
v -0.959823 2.114982 0.452474
v -0.959823 2.027652 0.425983
v -0.959823 2.635891 0.174042
v -0.959823 2.592872 0.254525
v -0.431601 2.026979 0.955704
v -0.388431 1.946216 0.955704
v -0.458184 2.114613 0.955704
v -0.467160 2.205749 0.955704
v -0.458184 2.296885 0.955704
v -0.431601 2.384519 0.955704
v -0.388432 2.465283 0.955704
v -0.330336 2.536073 0.955703
v -0.259546 2.594169 0.955703
v -0.178782 2.637338 0.955703
v -0.091148 1.747577 0.955704
v -0.000006 1.738601 0.955704
v -0.044938 2.647259 0.950102
v -0.178781 1.774161 0.955704
v -0.259545 1.817330 0.955703
v -0.330335 1.875426 0.955703
v -0.407662 2.036935 1.016822
v -0.366887 1.960651 1.016822
v -0.432771 2.119708 1.016822
v -0.441249 2.205789 1.016822
v -0.432771 2.291871 1.016822
v -0.407662 2.374644 1.016822
v -0.366887 2.450928 1.016822
v -0.312014 2.517792 1.016822
v -0.245150 2.572665 1.016822
v -0.168866 2.613440 1.016822
v -0.086092 1.773030 1.016822
v -0.000006 1.751288 1.016822
v -0.042446 2.634011 1.016822
v -0.168866 1.798139 1.016822
v -0.245150 1.838914 1.016822
v -0.312014 1.893787 1.016822
v 0.137254 0.991867 -0.237829
v 0.237777 0.991867 -0.137306
v 0.274571 0.991867 0.000010
v 0.237777 0.991867 0.137327
v 0.137254 0.991867 0.237849
v 0.120756 1.062620 -0.209252
v 0.209201 1.062620 -0.120807
v 0.241574 1.062620 0.000010
v 0.209201 1.062620 0.120828
v 0.120756 1.062620 0.209273
v 0.106715 1.097337 -0.184933
v 0.184882 1.097337 -0.106767
v 0.213493 1.097338 0.000010
v 0.184882 1.097338 0.106787
v 0.106715 1.097338 0.184954
v 0.082157 1.144311 -0.142396
v 0.142345 1.144311 -0.082208
v 0.164375 1.144311 0.000010
v 0.142345 1.144311 0.082229
v 0.082157 1.144312 0.142417
v 0.059571 1.174733 -0.103277
v 0.103226 1.174733 -0.059623
v 0.119204 1.174733 0.000010
v 0.103225 1.174733 0.059643
v 0.059571 1.174733 0.103297
v 0.177258 1.169951 0.307137
v 0.307065 1.169951 0.177330
v 0.354577 1.169951 0.000010
v 0.307065 1.169951 -0.177309
v 0.177258 1.169951 -0.307116
v 0.172673 1.068642 0.310168
v 0.302480 1.068642 0.180361
v 0.349992 1.068642 0.003042
v 0.302480 1.068642 -0.174278
v 0.172673 1.068642 -0.304085
v 0.137209 1.068642 0.248743
v 0.241054 1.068642 0.144897
v 0.279064 1.068642 0.003042
v 0.241054 1.068642 -0.138814
v 0.137209 1.068642 -0.242660
v 0.137209 1.134398 0.248742
v 0.241054 1.134398 0.144897
v 0.279064 1.134398 0.003042
v 0.241054 1.134398 -0.138814
v 0.137209 1.134398 -0.242660
v 0.440522 0.766431 0.440594
v 0.440522 0.956943 0.440594
v 0.440522 0.766431 -0.440573
v 0.440522 0.956943 -0.440573
v 0.489475 0.766431 0.000010
v 0.489475 0.956943 0.000010
v 0.474150 0.861687 -0.474201
v 0.474150 0.861687 0.474222
v 0.526840 0.861687 0.000010
v 0.256501 0.941674 -0.465050
v 0.256501 0.766431 0.465071
v 0.244707 0.941675 0.000010
v 0.276084 0.861687 -0.500546
v 0.256501 0.766431 -0.465050
v 0.256501 0.941675 0.465071
v 0.244707 0.766431 0.000010
v 0.276083 0.861687 0.500567
v 0.177258 1.018270 0.307137
v 0.307065 1.018270 0.177330
v 0.354577 1.018270 0.000010
v 0.307065 1.018270 -0.177309
v 0.177258 1.018270 -0.307116
v 0.141794 0.723505 0.245711
v 0.245639 0.723505 0.141866
v 0.283649 0.723505 0.000010
v 0.245639 0.723505 -0.141845
v 0.141794 0.723504 -0.245691
v 0.177258 0.865643 0.307137
v 0.307065 0.865643 -0.177309
v 0.177258 0.865643 -0.307116
v 0.307065 0.865643 0.177330
v 0.354577 0.865643 0.000010
v 0.464999 0.956943 0.305307
v 0.464999 0.766431 0.305307
v 0.500495 0.861687 0.322121
v 0.232468 0.941675 0.317546
v 0.232468 0.766431 0.317546
v 0.464999 0.766431 -0.311720
v 0.464998 0.956943 -0.311720
v 0.500495 0.861687 -0.328534
v 0.232468 0.941674 -0.323959
v 0.232468 0.766431 -0.323959
v 0.141794 1.018270 0.245711
v 0.245639 1.018270 0.141866
v 0.283650 1.018270 0.000010
v 0.245640 1.018270 -0.141845
v 0.141794 1.018270 -0.245691
v 0.141794 0.919180 0.245711
v 0.245639 0.919180 0.141866
v 0.283649 0.919180 0.000010
v 0.245639 0.919180 -0.141845
v 0.141794 0.919180 -0.245691
v 0.113423 0.745956 0.196571
v 0.196499 0.745956 0.113495
v 0.226907 0.745956 0.000010
v 0.196499 0.745956 -0.113474
v 0.113423 0.745956 -0.196551
v 0.099788 0.697228 0.172954
v 0.172882 0.697228 0.099860
v 0.199637 0.697228 0.000010
v 0.172883 0.697228 -0.099839
v 0.099788 0.697228 -0.172934
v 0.088184 0.673318 0.152856
v 0.152784 0.673318 0.088256
v 0.176429 0.673318 0.000010
v 0.152784 0.673318 -0.088235
v 0.088184 0.673318 -0.152835
v 0.067887 0.640967 0.117702
v 0.117629 0.640967 0.067959
v 0.135836 0.640967 0.000010
v 0.117630 0.640967 -0.067939
v 0.067887 0.640967 -0.117681
v 0.049222 0.620015 0.085372
v 0.085300 0.620015 0.049294
v 0.098505 0.620015 0.000010
v 0.085300 0.620015 -0.049273
v 0.049222 0.620015 -0.085351
v 0.015853 0.622285 -0.001157
v 0.000000 0.991867 -0.274622
v -0.137254 0.991867 -0.237828
v -0.237777 0.991867 -0.137306
v -0.274571 0.991867 0.000010
v -0.237777 0.991867 0.137327
v -0.137254 0.991867 0.237849
v 0.000000 0.991868 0.274643
v 0.000000 1.062620 -0.241625
v -0.120756 1.062620 -0.209252
v -0.209201 1.062620 -0.120808
v -0.241574 1.062620 0.000010
v -0.209201 1.062620 0.120828
v -0.120756 1.062620 0.209273
v 0.000000 1.062620 0.241646
v 0.000000 1.097338 -0.213544
v -0.106715 1.097337 -0.184933
v -0.184882 1.097338 -0.106767
v -0.213492 1.097338 0.000010
v -0.184882 1.097338 0.106787
v -0.106715 1.097338 0.184954
v 0.000000 1.097338 0.213565
v 0.000000 1.144311 -0.164427
v -0.082157 1.144311 -0.142396
v -0.142345 1.144311 -0.082208
v -0.164375 1.144311 0.000010
v -0.142345 1.144311 0.082229
v -0.082157 1.144312 0.142417
v 0.000000 1.144312 0.164447
v 0.000000 1.174733 -0.119256
v -0.059571 1.174733 -0.103277
v -0.103226 1.174733 -0.059623
v -0.119204 1.174733 0.000010
v -0.103226 1.174733 0.059643
v -0.059571 1.174733 0.103297
v 0.000000 1.174733 0.119276
v 0.000000 1.197935 0.000010
v 0.000000 1.169951 -0.354629
v 0.000000 1.169951 0.354649
v -0.177258 1.169951 0.307137
v -0.307065 1.169951 0.177330
v -0.354577 1.169951 0.000010
v -0.307065 1.169951 -0.177309
v -0.177258 1.169951 -0.307116
v 0.000000 1.068642 -0.351598
v -0.000000 1.068642 0.357680
v -0.172672 1.068642 0.310168
v -0.302480 1.068642 0.180361
v -0.349992 1.068642 0.003042
v -0.302480 1.068642 -0.174278
v -0.172673 1.068642 -0.304085
v 0.000000 1.068642 -0.280670
v 0.000000 1.068642 0.286753
v -0.137209 1.068642 0.248743
v -0.241054 1.068642 0.144897
v -0.279064 1.068642 0.003042
v -0.241054 1.068642 -0.138814
v -0.137209 1.068642 -0.242660
v 0.000000 1.134398 -0.280670
v 0.000000 1.134398 0.286753
v -0.137209 1.134398 0.248742
v -0.241054 1.134398 0.144897
v -0.279064 1.134398 0.003042
v -0.241054 1.134398 -0.138814
v -0.137209 1.134398 -0.242660
v -0.440522 0.766431 0.440594
v -0.440522 0.956943 0.440594
v -0.440522 0.766431 -0.440573
v -0.440522 0.956943 -0.440573
v -0.489475 0.766431 0.000010
v -0.489475 0.956943 0.000010
v -0.474150 0.861687 -0.474201
v -0.474150 0.861687 0.474222
v -0.526840 0.861687 0.000010
v 0.000000 0.766431 -0.489527
v 0.000000 0.926406 -0.489527
v -0.000000 0.766431 0.489547
v -0.000000 0.926406 0.489547
v 0.000000 0.926406 0.000010
v 0.000000 0.766431 0.000010
v 0.000000 0.861687 0.526912
v -0.000000 0.861687 -0.526892
v -0.256501 0.941674 -0.465050
v -0.256501 0.766431 0.465071
v -0.244707 0.941675 0.000010
v -0.276084 0.861687 -0.500546
v -0.256501 0.766431 -0.465050
v -0.256501 0.941675 0.465071
v -0.244707 0.766431 0.000010
v -0.276084 0.861687 0.500567
v 0.000000 1.018270 -0.354629
v 0.000000 1.018270 0.354649
v -0.177258 1.018270 0.307137
v -0.307065 1.018270 0.177330
v -0.354577 1.018270 0.000010
v -0.307065 1.018270 -0.177309
v -0.177258 1.018270 -0.307116
v 0.000000 0.723504 -0.283701
v 0.000000 0.723505 0.283722
v -0.141794 0.723505 0.245711
v -0.245639 0.723505 0.141866
v -0.283650 0.723505 0.000010
v -0.245639 0.723505 -0.141845
v -0.141794 0.723505 -0.245691
v 0.000000 0.865643 0.354649
v -0.177258 0.865643 0.307137
v -0.307065 0.865643 -0.177309
v -0.177258 0.865643 -0.307116
v 0.000000 0.865643 -0.354629
v -0.307065 0.865643 0.177330
v -0.354577 0.865643 0.000010
v -0.464999 0.956943 0.305307
v -0.464999 0.766431 0.305307
v -0.500495 0.861687 0.322121
v 0.000000 0.926406 0.329784
v 0.000000 0.766431 0.329784
v -0.232468 0.941675 0.317546
v -0.232468 0.766431 0.317546
v -0.464999 0.766431 -0.311720
v -0.464999 0.956943 -0.311720
v -0.500495 0.861687 -0.328534
v 0.000000 0.766431 -0.336197
v 0.000000 0.926406 -0.336197
v -0.232468 0.941674 -0.323959
v -0.232468 0.766431 -0.323959
v 0.000000 0.723505 -0.004392
v -0.000000 1.018270 -0.283701
v 0.000000 1.018270 0.283721
v -0.141794 1.018270 0.245711
v -0.245639 1.018270 0.141866
v -0.283650 1.018270 0.000010
v -0.245640 1.018270 -0.141845
v -0.141794 1.018270 -0.245691
v 0.000000 0.919180 -0.283701
v 0.000000 0.919180 0.283721
v -0.141794 0.919180 0.245711
v -0.245639 0.919180 0.141866
v -0.283650 0.919180 0.000010
v -0.245640 0.919180 -0.141845
v -0.141794 0.919180 -0.245691
v 0.000000 0.745956 -0.226959
v 0.000000 0.745956 0.226979
v -0.113423 0.745956 0.196571
v -0.196499 0.745956 0.113495
v -0.226907 0.745956 0.000010
v -0.196499 0.745956 -0.113474
v -0.113423 0.745956 -0.196551
v -0.000000 0.697228 -0.199688
v 0.000000 0.697228 0.199709
v -0.099788 0.697228 0.172954
v -0.172882 0.697228 0.099860
v -0.199637 0.697228 0.000010
v -0.172882 0.697228 -0.099839
v -0.099788 0.697228 -0.172934
v 0.000000 0.673318 -0.176481
v -0.000000 0.673318 0.176501
v -0.088184 0.673318 0.152856
v -0.152784 0.673318 0.088256
v -0.176429 0.673318 0.000010
v -0.152784 0.673318 -0.088235
v -0.088184 0.673318 -0.152835
v 0.000000 0.640967 -0.135888
v -0.000000 0.640967 0.135908
v -0.067887 0.640967 0.117702
v -0.117629 0.640967 0.067959
v -0.135836 0.640967 0.000010
v -0.117630 0.640967 -0.067939
v -0.067887 0.640967 -0.117681
v 0.000000 0.620015 -0.098557
v -0.000000 0.620015 0.098577
v -0.049222 0.620015 0.085372
v -0.085300 0.620015 0.049294
v -0.098505 0.620015 0.000010
v -0.085300 0.620015 -0.049273
v -0.049222 0.620015 -0.085351
v 0.000000 0.604037 0.000010
v -0.000000 0.463609 -0.001269
v 0.000000 0.622285 0.014233
v 0.000000 0.622285 -0.016996
v -0.015853 0.622285 -0.001157
v 0.089700 0.638062 0.045055
v 0.100025 0.527603 0.083041
v 0.073847 0.638062 0.060445
v 0.073847 0.638062 0.029216
v 0.057994 0.638062 0.045055
v -0.057994 0.645996 0.064025
v -0.116202 0.527436 0.114650
v -0.073847 0.647338 0.079357
v -0.073847 0.644616 0.048247
v -0.089700 0.645996 0.064025
v 0.089700 0.639613 -0.047644
v 0.124972 0.529154 -0.085157
v 0.073847 0.639613 -0.032254
v 0.073847 0.639613 -0.063482
v 0.057994 0.639613 -0.047644
v -0.057994 0.634024 -0.048322
v -0.114168 0.533662 -0.100775
v -0.073847 0.631351 -0.033166
v -0.073847 0.636774 -0.063920
v -0.089700 0.634024 -0.048322
vt 0.1193 0.5633
vt 0.1193 0.5718
vt 0.0900 0.5718
vt 0.0900 0.5633
vt 0.1193 0.5810
vt 0.0900 0.5810
vt 0.1193 0.5905
vt 0.0900 0.5905
vt 0.1193 0.6001
vt 0.0900 0.6001
vt 0.1193 0.6092
vt 0.0900 0.6092
vt 0.1193 0.6177
vt 0.0900 0.6177
vt 0.1193 0.6250
vt 0.0900 0.6250
vt 0.1193 0.6311
vt 0.0900 0.6311
vt 0.1193 0.6356
vt 0.0900 0.6356
vt 0.1045 0.5471
vt 0.1107 0.5471
vt 0.1107 0.6331
vt 0.1045 0.6331
vt 0.1167 0.6331
vt 0.1107 0.6331
vt 0.1118 0.5478
vt 0.1167 0.5478
vt 0.1167 0.5471
vt 0.1167 0.6331
vt 0.1045 0.6331
vt 0.1045 0.5478
vt 0.1107 0.5478
vt 0.1193 0.5453
vt 0.1193 0.5498
vt 0.0900 0.5498
vt 0.0900 0.5453
vt 0.1193 0.5559
vt 0.0900 0.5559
vt 0.0900 0.5452
vt 0.1193 0.5452
vt 0.1193 0.5498
vt 0.0900 0.5498
vt 0.0900 0.5904
vt 0.1193 0.5904
vt 0.1193 0.5999
vt 0.0900 0.5999
vt 0.1193 0.5558
vt 0.0900 0.5558
vt 0.1193 0.6091
vt 0.0900 0.6091
vt 0.1193 0.5632
vt 0.0900 0.5632
vt 0.1193 0.6176
vt 0.0900 0.6176
vt 0.1193 0.5717
vt 0.0900 0.5717
vt 0.1193 0.6250
vt 0.0900 0.6250
vt 0.1193 0.5809
vt 0.0900 0.5809
vt 0.1193 0.6311
vt 0.0900 0.6311
vt 0.1193 0.6356
vt 0.0900 0.6356
vt 0.1164 0.5471
vt 0.1164 0.6331
vt 0.1105 0.6331
vt 0.1105 0.5471
vt 0.1044 0.6331
vt 0.1044 0.5471
vt 0.1039 0.4999
vt 0.1039 0.4972
vt 0.1115 0.4972
vt 0.1115 0.4999
vt 0.0162 0.4568
vt 0.0162 0.5358
vt 0.0108 0.5358
vt 0.0108 0.4568
vt 0.0223 0.4659
vt 0.0223 0.4573
vt 0.0169 0.4573
vt 0.0169 0.4659
vt 0.1338 0.6319
vt 0.1348 0.5473
vt 0.1409 0.5490
vt 0.1409 0.6319
vt 0.1039 0.4807
vt 0.1115 0.4807
vt 0.0223 0.5425
vt 0.0169 0.5425
vt 0.1246 0.4972
vt 0.1246 0.4999
vt 0.0703 0.4659
vt 0.0703 0.4612
vt 0.0653 0.4573
vt 0.6604 0.3328
vt 0.6604 0.4924
vt 0.5864 0.4936
vt 0.5844 0.4771
vt 0.5800 0.4613
vt 0.5720 0.4463
vt 0.5609 0.4331
vt 0.5468 0.4234
vt 0.5330 0.4156
vt 0.5180 0.4110
vt 0.5033 0.4095
vt 0.5033 0.3328
vt 0.8269 0.1660
vt 0.6836 0.1660
vt 0.6836 0.0227
vt 0.8269 0.0227
vt 0.0162 0.4524
vt 0.0108 0.4524
vt 0.5039 0.1622
vt 0.4961 0.1622
vt 0.3539 0.1622
vt 0.3539 0.0305
vt 0.3539 0.0158
vt 0.5039 0.0158
vt 0.0982 0.5537
vt 0.0982 0.6331
vt 0.0923 0.6331
vt 0.0923 0.5537
vt 0.0959 0.5537
vt 0.0959 0.5537
vt 0.1043 0.5537
vt 0.1043 0.6331
vt 0.0585 0.4524
vt 0.0636 0.4568
vt 0.1409 0.6319
vt 0.1409 0.5490
vt 0.1461 0.5473
vt 0.1481 0.5454
vt 0.1481 0.6319
vt 0.6690 0.4919
vt 0.7396 0.4931
vt 0.7420 0.5090
vt 0.7467 0.5254
vt 0.7542 0.5399
vt 0.7641 0.5527
vt 0.7781 0.5632
vt 0.7921 0.5710
vt 0.8071 0.5755
vt 0.8071 0.6430
vt 0.8071 0.6516
vt 0.6690 0.6516
vt 0.6604 0.6521
vt 0.5233 0.6521
vt 0.5233 0.6435
vt 0.5233 0.5748
vt 0.5340 0.5702
vt 0.5482 0.5633
vt 0.5613 0.5535
vt 0.5714 0.5404
vt 0.5797 0.5258
vt 0.5846 0.5100
vt 0.8242 0.3323
vt 0.8242 0.4058
vt 0.8079 0.4078
vt 0.7926 0.4117
vt 0.7786 0.4183
vt 0.7655 0.4287
vt 0.7541 0.4441
vt 0.7467 0.4582
vt 0.7408 0.4766
vt 0.6690 0.3323
vt 0.0767 0.5848
vt 0.0806 0.5846
vt 0.0806 0.5937
vt 0.0767 0.5936
vt 0.0767 0.6187
vt 0.0806 0.6196
vt 0.0806 0.6266
vt 0.0767 0.6255
vt 0.0767 0.6109
vt 0.0806 0.6115
vt 0.0806 0.6324
vt 0.0767 0.6312
vt 0.0760 0.5421
vt 0.0760 0.5417
vt 0.0782 0.5414
vt 0.0782 0.5418
vt 0.0806 0.6028
vt 0.0767 0.6024
vt 0.0771 0.5459
vt 0.0771 0.5441
vt 0.0809 0.5443
vt 0.0809 0.5461
vt 0.0739 0.5427
vt 0.0738 0.5423
vt 0.0767 0.5686
vt 0.0806 0.5678
vt 0.0806 0.5759
vt 0.0767 0.5764
vt 0.0767 0.5520
vt 0.0806 0.5507
vt 0.0806 0.5550
vt 0.0767 0.5561
vt 0.0806 0.5607
vt 0.0767 0.5618
vt 0.0806 0.6367
vt 0.0767 0.6353
vt 0.0806 0.5677
vt 0.0806 0.5758
vt 0.0767 0.5763
vt 0.0767 0.5684
vt 0.0806 0.5845
vt 0.0767 0.5848
vt 0.0806 0.5937
vt 0.0767 0.5937
vt 0.0806 0.6028
vt 0.0767 0.6026
vt 0.0806 0.6115
vt 0.0767 0.6111
vt 0.0806 0.6196
vt 0.0767 0.6189
vt 0.0806 0.6267
vt 0.0767 0.6258
vt 0.0806 0.6325
vt 0.0767 0.6314
vt 0.0806 0.6367
vt 0.0767 0.6356
vt 0.0788 0.5470
vt 0.0757 0.5470
vt 0.0758 0.5432
vt 0.0788 0.5432
vt 0.0808 0.5440
vt 0.0809 0.5464
vt 0.0765 0.5464
vt 0.0769 0.5440
vt 0.0810 0.5411
vt 0.0836 0.5419
vt 0.0834 0.5423
vt 0.0809 0.5415
vt 0.0806 0.5504
vt 0.0806 0.5547
vt 0.0767 0.5558
vt 0.0767 0.5516
vt 0.0806 0.5606
vt 0.0767 0.5615
vt 0.0763 0.5065
vt 0.0746 0.5098
vt 0.0742 0.5096
vt 0.0758 0.5063
vt 0.8104 0.4219
vt 0.7972 0.4261
vt 0.0723 0.4856
vt 0.0746 0.4885
vt 0.0742 0.4888
vt 0.0720 0.4860
vt 0.7591 0.5207
vt 0.7656 0.5333
vt 0.0593 0.4799
vt 0.0629 0.4803
vt 0.0628 0.4808
vt 0.0593 0.4805
vt 0.0763 0.4918
vt 0.0758 0.4920
vt 0.7972 0.5599
vt 0.8080 0.5633
vt 0.0695 0.4832
vt 0.0693 0.4836
vt 0.0774 0.5029
vt 0.0769 0.5028
vt 0.7551 0.5071
vt 0.0695 0.5151
vt 0.0664 0.5169
vt 0.0662 0.5165
vt 0.0693 0.5147
vt 0.0661 0.4524
vt 0.0661 0.4568
vt 0.0664 0.4814
vt 0.0662 0.4819
vt 0.7537 0.4930
vt 0.8242 0.4205
vt 0.0777 0.4992
vt 0.0772 0.4992
vt 0.7744 0.5442
vt 0.7656 0.4528
vt 0.7591 0.4653
vt 0.7850 0.4328
vt 0.0774 0.4954
vt 0.0769 0.4955
vt 0.0635 0.5178
vt 0.0634 0.5169
vt 0.7850 0.5533
vt 0.0723 0.5128
vt 0.0720 0.5124
vt 0.7744 0.4418
vt 0.7551 0.4789
vt 0.5221 0.5625
vt 0.5301 0.5600
vt 0.5685 0.4660
vt 0.5620 0.4535
vt 0.5532 0.4426
vt 0.5424 0.4337
vt 0.0424 0.4917
vt 0.0441 0.4884
vt 0.0446 0.4888
vt 0.0429 0.4920
vt 0.5301 0.4270
vt 0.0729 0.4612
vt 0.0731 0.4573
vt 0.0441 0.5098
vt 0.0424 0.5065
vt 0.0429 0.5062
vt 0.0446 0.5095
vt 0.5168 0.4229
vt 0.5033 0.4215
vt 0.0492 0.4831
vt 0.0524 0.4813
vt 0.0526 0.4819
vt 0.0495 0.4836
vt 0.0524 0.5169
vt 0.0492 0.5151
vt 0.0495 0.5146
vt 0.0526 0.5163
vt 0.5532 0.5444
vt 0.5620 0.5335
vt 0.0464 0.5127
vt 0.0468 0.5123
vt 0.0414 0.5028
vt 0.0419 0.5027
vt 0.0545 0.5175
vt 0.0546 0.5165
vt 0.0464 0.4855
vt 0.0468 0.4859
vt 0.0558 0.4802
vt 0.0559 0.4808
vt 0.5424 0.5533
vt 0.5685 0.5210
vt 0.5726 0.5075
vt 0.0410 0.4991
vt 0.0416 0.4991
vt 0.0593 0.4799
vt 0.0593 0.4805
vt 0.5739 0.4935
vt 0.0414 0.4953
vt 0.0419 0.4955
vt 0.5726 0.4795
vt 0.0900 0.5633
vt 0.1193 0.5633
vt 0.1193 0.5718
vt 0.0900 0.5718
vt 0.1193 0.5810
vt 0.0900 0.5810
vt 0.1193 0.5905
vt 0.0900 0.5905
vt 0.1193 0.6001
vt 0.0900 0.6001
vt 0.1193 0.6092
vt 0.0900 0.6092
vt 0.1193 0.6177
vt 0.0900 0.6177
vt 0.1193 0.6250
vt 0.0900 0.6250
vt 0.1193 0.6311
vt 0.0900 0.6311
vt 0.1193 0.6356
vt 0.0900 0.6356
vt 0.0983 0.6331
vt 0.0983 0.5471
vt 0.0923 0.6331
vt 0.0923 0.5478
vt 0.0983 0.5478
vt 0.0983 0.6331
vt 0.0923 0.6331
vt 0.0923 0.5471
vt 0.0900 0.5452
vt 0.1193 0.5452
vt 0.1193 0.5498
vt 0.0900 0.5498
vt 0.1193 0.5559
vt 0.0900 0.5559
vt 0.0900 0.6356
vt 0.0900 0.6311
vt 0.1193 0.6311
vt 0.1193 0.6356
vt 0.0900 0.5904
vt 0.0900 0.5809
vt 0.1193 0.5809
vt 0.1193 0.5904
vt 0.0900 0.6250
vt 0.1193 0.6250
vt 0.0900 0.5717
vt 0.1193 0.5717
vt 0.0900 0.6176
vt 0.1193 0.6176
vt 0.0900 0.5632
vt 0.1193 0.5632
vt 0.0900 0.6091
vt 0.1193 0.6091
vt 0.0900 0.5558
vt 0.1193 0.5558
vt 0.0900 0.5999
vt 0.1193 0.5999
vt 0.0900 0.5498
vt 0.1193 0.5498
vt 0.0900 0.5452
vt 0.1193 0.5452
vt 0.0923 0.5471
vt 0.0983 0.5471
vt 0.0983 0.6331
vt 0.0923 0.6331
vt 0.1043 0.5471
vt 0.1043 0.6331
vt 0.1115 0.5022
vt 0.1039 0.5022
vt 0.0162 0.4568
vt 0.0108 0.4568
vt 0.0108 0.5358
vt 0.0162 0.5358
vt 0.0223 0.4659
vt 0.0169 0.4659
vt 0.0169 0.4573
vt 0.0223 0.4573
vt 0.1481 0.6319
vt 0.1481 0.5464
vt 0.1116 0.5178
vt 0.1039 0.5178
vt 0.0223 0.5425
vt 0.0169 0.5425
vt 0.1246 0.5022
vt 0.0653 0.4573
vt 0.0703 0.4612
vt 0.0703 0.4659
vt 0.3454 0.6604
vt 0.5018 0.6604
vt 0.5018 0.7372
vt 0.4872 0.7387
vt 0.4722 0.7433
vt 0.4585 0.7511
vt 0.4445 0.7608
vt 0.4334 0.7740
vt 0.4254 0.7890
vt 0.4211 0.8048
vt 0.4191 0.8213
vt 0.3454 0.8201
vt 0.8269 0.3093
vt 0.6836 0.3093
vt 0.0162 0.4524
vt 0.0108 0.4524
vt 0.5121 0.1622
vt 0.5121 0.0158
vt 0.6622 0.0158
vt 0.6622 0.0305
vt 0.6622 0.1622
vt 0.5200 0.1622
vt 0.1104 0.5537
vt 0.1128 0.5537
vt 0.1128 0.5537
vt 0.1164 0.5537
vt 0.1164 0.6331
vt 0.1104 0.6331
vt 0.1043 0.5537
vt 0.1043 0.6331
vt 0.0585 0.4524
vt 0.0636 0.4568
vt 0.1409 0.6319
vt 0.1338 0.6319
vt 0.1338 0.5454
vt 0.1358 0.5473
vt 0.1409 0.5490
vt 0.9794 0.4919
vt 0.9794 0.6516
vt 0.8412 0.6516
vt 0.8412 0.6430
vt 0.8412 0.5755
vt 0.8562 0.5710
vt 0.8702 0.5632
vt 0.8843 0.5527
vt 0.8941 0.5399
vt 0.9016 0.5254
vt 0.9064 0.5090
vt 0.9087 0.4931
vt 0.4208 0.8377
vt 0.4258 0.8536
vt 0.4340 0.8682
vt 0.4440 0.8812
vt 0.4571 0.8911
vt 0.4712 0.8980
vt 0.4819 0.9026
vt 0.4819 0.9713
vt 0.4819 0.9799
vt 0.3454 0.9799
vt 0.9794 0.3323
vt 0.9075 0.4766
vt 0.9017 0.4582
vt 0.8942 0.4441
vt 0.8829 0.4287
vt 0.8698 0.4183
vt 0.8557 0.4117
vt 0.8405 0.4078
vt 0.0820 0.5477
vt 0.0753 0.5477
vt 0.0753 0.5477
vt 0.0767 0.6026
vt 0.0767 0.5938
vt 0.0806 0.5937
vt 0.0806 0.6028
vt 0.0767 0.5687
vt 0.0767 0.5619
vt 0.0806 0.5608
vt 0.0806 0.5678
vt 0.0767 0.5765
vt 0.0806 0.5759
vt 0.0767 0.5562
vt 0.0806 0.5550
vt 0.0791 0.5429
vt 0.0781 0.5428
vt 0.0781 0.5426
vt 0.0791 0.5427
vt 0.0767 0.5850
vt 0.0806 0.5846
vt 0.0768 0.5445
vt 0.0807 0.5444
vt 0.0807 0.5461
vt 0.0768 0.5463
vt 0.0801 0.5432
vt 0.0801 0.5430
vt 0.0767 0.6188
vt 0.0767 0.6110
vt 0.0806 0.6115
vt 0.0806 0.6196
vt 0.0767 0.6354
vt 0.0767 0.6313
vt 0.0806 0.6324
vt 0.0806 0.6367
vt 0.0767 0.6256
vt 0.0806 0.6266
vt 0.0767 0.5521
vt 0.0806 0.5507
vt 0.0806 0.6194
vt 0.0767 0.6187
vt 0.0767 0.6108
vt 0.0806 0.6114
vt 0.0767 0.6023
vt 0.0806 0.6026
vt 0.0767 0.5934
vt 0.0806 0.5934
vt 0.0767 0.5846
vt 0.0806 0.5843
vt 0.0767 0.5760
vt 0.0806 0.5756
vt 0.0767 0.5682
vt 0.0806 0.5675
vt 0.0767 0.5613
vt 0.0806 0.5604
vt 0.0767 0.5557
vt 0.0806 0.5547
vt 0.0767 0.5515
vt 0.0806 0.5504
vt 0.0818 0.5432
vt 0.0819 0.5470
vt 0.0766 0.5438
vt 0.0805 0.5438
vt 0.0809 0.5462
vt 0.0765 0.5462
vt 0.0757 0.5411
vt 0.0758 0.5415
vt 0.0733 0.5423
vt 0.0731 0.5419
vt 0.0806 0.6367
vt 0.0767 0.6355
vt 0.0767 0.6313
vt 0.0806 0.6324
vt 0.0767 0.6256
vt 0.0806 0.6266
vt 0.0423 0.5065
vt 0.0428 0.5063
vt 0.0444 0.5096
vt 0.0440 0.5098
vt 0.8511 0.4261
vt 0.8379 0.4219
vt 0.0463 0.4856
vt 0.0467 0.4860
vt 0.0444 0.4888
vt 0.0440 0.4885
vt 0.8828 0.5333
vt 0.8893 0.5207
vt 0.0558 0.4808
vt 0.0557 0.4803
vt 0.0428 0.4920
vt 0.0423 0.4918
vt 0.8403 0.5633
vt 0.8511 0.5599
vt 0.0491 0.4832
vt 0.0494 0.4836
vt 0.0413 0.5029
vt 0.0418 0.5028
vt 0.8933 0.5071
vt 0.0491 0.5151
vt 0.0494 0.5147
vt 0.0525 0.5165
vt 0.0523 0.5169
vt 0.0661 0.4568
vt 0.0661 0.4524
vt 0.0803 0.5438
vt 0.0803 0.5462
vt 0.0769 0.5463
vt 0.0768 0.5438
vt 0.0523 0.4814
vt 0.0525 0.4819
vt 0.8946 0.4930
vt 0.0409 0.4992
vt 0.0414 0.4992
vt 0.8740 0.5442
vt 0.8893 0.4653
vt 0.8828 0.4528
vt 0.8633 0.4328
vt 0.0418 0.4955
vt 0.0413 0.4954
vt 0.0552 0.5169
vt 0.0551 0.5178
vt 0.8633 0.5533
vt 0.0467 0.5124
vt 0.0463 0.5128
vt 0.8740 0.4418
vt 0.8933 0.4789
vt 0.4751 0.8877
vt 0.4831 0.8902
vt 0.4434 0.7812
vt 0.4369 0.7937
vt 0.4629 0.7614
vt 0.4522 0.7703
vt 0.0762 0.4917
vt 0.0757 0.4920
vt 0.0741 0.4888
vt 0.0745 0.4884
vt 0.4751 0.7547
vt 0.0731 0.4573
vt 0.0729 0.4612
vt 0.0745 0.5098
vt 0.0741 0.5095
vt 0.0757 0.5062
vt 0.0762 0.5065
vt 0.5018 0.7492
vt 0.4883 0.7506
vt 0.0695 0.4831
vt 0.0691 0.4836
vt 0.0661 0.4819
vt 0.0663 0.4813
vt 0.0663 0.5169
vt 0.0661 0.5163
vt 0.0691 0.5146
vt 0.0695 0.5151
vt 0.4434 0.8612
vt 0.4522 0.8721
vt 0.0722 0.5127
vt 0.0718 0.5123
vt 0.0767 0.5027
vt 0.0773 0.5028
vt 0.0642 0.5175
vt 0.0640 0.5165
vt 0.0722 0.4855
vt 0.0718 0.4859
vt 0.0627 0.4808
vt 0.0628 0.4802
vt 0.4629 0.8811
vt 0.4369 0.8488
vt 0.4328 0.8353
vt 0.0771 0.4991
vt 0.0776 0.4991
vt 0.0593 0.4805
vt 0.0593 0.4799
vt 0.4315 0.8212
vt 0.0767 0.4955
vt 0.0773 0.4953
vt 0.4328 0.8072
vt 0.1193 0.6175
vt 0.0900 0.6175
vt 0.0900 0.6090
vt 0.1193 0.6090
vt 0.0900 0.5998
vt 0.1193 0.5998
vt 0.0900 0.5903
vt 0.1193 0.5903
vt 0.0900 0.5808
vt 0.1193 0.5808
vt 0.0900 0.5716
vt 0.1193 0.5716
vt 0.0900 0.5632
vt 0.1193 0.5632
vt 0.0900 0.5558
vt 0.1193 0.5558
vt 0.0900 0.5497
vt 0.1193 0.5497
vt 0.0900 0.5452
vt 0.1193 0.5452
vt 0.1045 0.5471
vt 0.1045 0.6331
vt 0.0983 0.6331
vt 0.0983 0.5471
vt 0.0923 0.6331
vt 0.0923 0.5478
vt 0.0983 0.5478
vt 0.0983 0.6331
vt 0.0923 0.6331
vt 0.0923 0.5471
vt 0.1045 0.5478
vt 0.1045 0.6331
vt 0.1193 0.6356
vt 0.0900 0.6356
vt 0.0900 0.6310
vt 0.1193 0.6310
vt 0.0900 0.6249
vt 0.1193 0.6249
vt 0.0900 0.6356
vt 0.0900 0.6311
vt 0.1193 0.6311
vt 0.1193 0.6356
vt 0.0900 0.5904
vt 0.0900 0.5809
vt 0.1193 0.5809
vt 0.1193 0.5904
vt 0.0900 0.6250
vt 0.1193 0.6250
vt 0.0900 0.5717
vt 0.1193 0.5717
vt 0.0900 0.6176
vt 0.1193 0.6176
vt 0.0900 0.5632
vt 0.1193 0.5632
vt 0.0900 0.6091
vt 0.1193 0.6091
vt 0.0900 0.5558
vt 0.1193 0.5558
vt 0.0900 0.5999
vt 0.1193 0.5999
vt 0.0900 0.5498
vt 0.1193 0.5498
vt 0.0900 0.5452
vt 0.1193 0.5452
vt 0.0923 0.5471
vt 0.0983 0.5471
vt 0.0983 0.6331
vt 0.0923 0.6331
vt 0.0970 0.4999
vt 0.0970 0.4972
vt 0.0162 0.4568
vt 0.0108 0.4568
vt 0.0108 0.5358
vt 0.0162 0.5358
vt 0.0223 0.4659
vt 0.0169 0.4659
vt 0.0169 0.4573
vt 0.0223 0.4573
vt 0.1479 0.6318
vt 0.1409 0.6318
vt 0.1409 0.5490
vt 0.1479 0.5464
vt 0.0970 0.4807
vt 0.0223 0.5425
vt 0.0169 0.5425
vt 0.0860 0.4998
vt 0.0860 0.4971
vt 0.0653 0.4573
vt 0.0703 0.4612
vt 0.0703 0.4659
vt 0.3463 0.3328
vt 0.4887 0.4110
vt 0.4737 0.4156
vt 0.4599 0.4234
vt 0.4458 0.4331
vt 0.4347 0.4463
vt 0.4266 0.4613
vt 0.4223 0.4771
vt 0.4203 0.4936
vt 0.3463 0.4924
vt 0.9702 0.0227
vt 0.9702 0.1660
vt 0.0162 0.4524
vt 0.0108 0.4524
vt 0.5124 0.3114
vt 0.5124 0.1649
vt 0.6625 0.1649
vt 0.6625 0.1796
vt 0.6625 0.3114
vt 0.5203 0.3114
vt 0.1104 0.5537
vt 0.1128 0.5537
vt 0.1128 0.5537
vt 0.1164 0.5537
vt 0.1164 0.6331
vt 0.1104 0.6331
vt 0.0585 0.4524
vt 0.0636 0.4568
vt 0.1338 0.6319
vt 0.1338 0.5454
vt 0.1358 0.5473
vt 0.9768 0.8199
vt 0.9768 0.9796
vt 0.8383 0.9796
vt 0.8383 0.9710
vt 0.8383 0.9034
vt 0.8533 0.8990
vt 0.8673 0.8912
vt 0.8814 0.8807
vt 0.8913 0.8679
vt 0.8988 0.8533
vt 0.9036 0.8370
vt 0.9059 0.8210
vt 0.4220 0.5100
vt 0.4270 0.5258
vt 0.4352 0.5404
vt 0.4453 0.5535
vt 0.4585 0.5633
vt 0.4726 0.5702
vt 0.4833 0.5748
vt 0.4833 0.6435
vt 0.4833 0.6521
vt 0.3463 0.6521
vt 0.8211 0.6602
vt 0.9768 0.6602
vt 0.9047 0.8046
vt 0.8989 0.7861
vt 0.8914 0.7720
vt 0.8800 0.7566
vt 0.8669 0.7462
vt 0.8528 0.7396
vt 0.8375 0.7357
vt 0.8211 0.7337
vt 0.0767 0.6025
vt 0.0767 0.5938
vt 0.0806 0.5937
vt 0.0806 0.6028
vt 0.0767 0.5687
vt 0.0767 0.5619
vt 0.0806 0.5608
vt 0.0806 0.5678
vt 0.0767 0.5765
vt 0.0806 0.5759
vt 0.0767 0.5562
vt 0.0806 0.5550
vt 0.0803 0.5421
vt 0.0804 0.5417
vt 0.0767 0.5850
vt 0.0806 0.5846
vt 0.0805 0.5462
vt 0.0767 0.5463
vt 0.0767 0.5446
vt 0.0805 0.5444
vt 0.0825 0.5427
vt 0.0826 0.5423
vt 0.0767 0.6188
vt 0.0767 0.6110
vt 0.0806 0.6115
vt 0.0806 0.6196
vt 0.0767 0.6354
vt 0.0767 0.6313
vt 0.0806 0.6324
vt 0.0806 0.6367
vt 0.0767 0.6256
vt 0.0806 0.6266
vt 0.0767 0.5521
vt 0.0806 0.5507
vt 0.0806 0.6194
vt 0.0767 0.6187
vt 0.0767 0.6108
vt 0.0806 0.6114
vt 0.0767 0.6023
vt 0.0806 0.6026
vt 0.0767 0.5934
vt 0.0806 0.5934
vt 0.0767 0.5846
vt 0.0806 0.5843
vt 0.0767 0.5760
vt 0.0806 0.5756
vt 0.0767 0.5682
vt 0.0806 0.5675
vt 0.0767 0.5613
vt 0.0806 0.5604
vt 0.0767 0.5557
vt 0.0806 0.5547
vt 0.0767 0.5515
vt 0.0806 0.5504
vt 0.0790 0.5470
vt 0.0790 0.5431
vt 0.0820 0.5431
vt 0.0821 0.5470
vt 0.0767 0.5436
vt 0.0805 0.5437
vt 0.0810 0.5461
vt 0.0766 0.5461
vt 0.0769 0.5408
vt 0.0770 0.5413
vt 0.0738 0.5424
vt 0.0736 0.5419
vt 0.0806 0.6367
vt 0.0767 0.6355
vt 0.0767 0.6313
vt 0.0806 0.6324
vt 0.0767 0.6256
vt 0.0806 0.6266
vt 0.0423 0.5065
vt 0.0428 0.5063
vt 0.0444 0.5096
vt 0.0440 0.5098
vt 0.8482 0.7540
vt 0.8349 0.7499
vt 0.0463 0.4856
vt 0.0467 0.4860
vt 0.0444 0.4888
vt 0.0440 0.4885
vt 0.8799 0.8612
vt 0.8864 0.8487
vt 0.0593 0.4799
vt 0.0593 0.4805
vt 0.0558 0.4808
vt 0.0557 0.4803
vt 0.0428 0.4920
vt 0.0423 0.4918
vt 0.8373 0.8913
vt 0.8482 0.8879
vt 0.0491 0.4832
vt 0.0494 0.4836
vt 0.0413 0.5029
vt 0.0418 0.5028
vt 0.8904 0.8351
vt 0.0491 0.5151
vt 0.0494 0.5147
vt 0.0525 0.5165
vt 0.0523 0.5169
vt 0.0661 0.4568
vt 0.0661 0.4524
vt 0.0523 0.4814
vt 0.0525 0.4819
vt 0.8918 0.8210
vt 0.8211 0.7485
vt 0.0409 0.4992
vt 0.0414 0.4992
vt 0.8711 0.8722
vt 0.8864 0.7932
vt 0.8799 0.7807
vt 0.8604 0.7607
vt 0.0418 0.4955
vt 0.0413 0.4954
vt 0.0552 0.5169
vt 0.0551 0.5178
vt 0.8604 0.8812
vt 0.0467 0.5124
vt 0.0463 0.5128
vt 0.8711 0.7697
vt 0.8904 0.8068
vt 0.4765 0.5600
vt 0.4846 0.5625
vt 0.4447 0.4535
vt 0.4381 0.4660
vt 0.4642 0.4337
vt 0.4535 0.4426
vt 0.0762 0.4917
vt 0.0757 0.4920
vt 0.0741 0.4888
vt 0.0745 0.4884
vt 0.4765 0.4270
vt 0.0731 0.4573
vt 0.0729 0.4612
vt 0.0745 0.5098
vt 0.0741 0.5095
vt 0.0757 0.5062
vt 0.0762 0.5065
vt 0.4898 0.4229
vt 0.0695 0.4831
vt 0.0691 0.4836
vt 0.0661 0.4819
vt 0.0663 0.4813
vt 0.0663 0.5169
vt 0.0661 0.5163
vt 0.0691 0.5146
vt 0.0695 0.5151
vt 0.4447 0.5335
vt 0.4535 0.5444
vt 0.0722 0.5127
vt 0.0718 0.5123
vt 0.0767 0.5027
vt 0.0773 0.5028
vt 0.0642 0.5175
vt 0.0640 0.5165
vt 0.0722 0.4855
vt 0.0718 0.4859
vt 0.0627 0.4808
vt 0.0628 0.4802
vt 0.4642 0.5533
vt 0.4381 0.5210
vt 0.4341 0.5075
vt 0.0771 0.4991
vt 0.0776 0.4991
vt 0.4327 0.4935
vt 0.0767 0.4955
vt 0.0773 0.4953
vt 0.4341 0.4795
vt 0.1193 0.5633
vt 0.1193 0.5718
vt 0.0900 0.5718
vt 0.0900 0.5633
vt 0.1193 0.5810
vt 0.0900 0.5810
vt 0.1193 0.5905
vt 0.0900 0.5905
vt 0.1193 0.6001
vt 0.0900 0.6001
vt 0.1193 0.6092
vt 0.0900 0.6092
vt 0.1193 0.6177
vt 0.0900 0.6177
vt 0.1193 0.6250
vt 0.0900 0.6250
vt 0.1193 0.6311
vt 0.0900 0.6311
vt 0.1193 0.6356
vt 0.0900 0.6356
vt 0.1107 0.5471
vt 0.1107 0.6331
vt 0.1167 0.6331
vt 0.1107 0.6331
vt 0.1118 0.5478
vt 0.1167 0.5478
vt 0.1167 0.5471
vt 0.1167 0.6331
vt 0.1107 0.5478
vt 0.1193 0.5453
vt 0.1193 0.5498
vt 0.0900 0.5498
vt 0.0900 0.5453
vt 0.1193 0.5559
vt 0.0900 0.5559
vt 0.0900 0.5452
vt 0.1193 0.5452
vt 0.1193 0.5498
vt 0.0900 0.5498
vt 0.0900 0.5904
vt 0.1193 0.5904
vt 0.1193 0.5999
vt 0.0900 0.5999
vt 0.1193 0.5558
vt 0.0900 0.5558
vt 0.1193 0.6091
vt 0.0900 0.6091
vt 0.1193 0.5632
vt 0.0900 0.5632
vt 0.1193 0.6176
vt 0.0900 0.6176
vt 0.1193 0.5717
vt 0.0900 0.5717
vt 0.1193 0.6250
vt 0.0900 0.6250
vt 0.1193 0.5809
vt 0.0900 0.5809
vt 0.1193 0.6311
vt 0.0900 0.6311
vt 0.1193 0.6356
vt 0.0900 0.6356
vt 0.1164 0.5471
vt 0.1164 0.6331
vt 0.1104 0.6331
vt 0.1104 0.5471
vt 0.0970 0.5022
vt 0.0162 0.4568
vt 0.0162 0.5358
vt 0.0108 0.5358
vt 0.0108 0.4568
vt 0.0223 0.4659
vt 0.0223 0.4573
vt 0.0169 0.4573
vt 0.0169 0.4659
vt 0.1339 0.6318
vt 0.1349 0.5473
vt 0.0970 0.5178
vt 0.0223 0.5425
vt 0.0169 0.5425
vt 0.0860 0.5021
vt 0.0703 0.4659
vt 0.0703 0.4612
vt 0.0653 0.4573
vt 0.6582 0.6604
vt 0.6582 0.8201
vt 0.5845 0.8213
vt 0.5825 0.8048
vt 0.5782 0.7890
vt 0.5702 0.7740
vt 0.5591 0.7608
vt 0.5451 0.7511
vt 0.5313 0.7433
vt 0.5164 0.7387
vt 0.9702 0.3093
vt 0.0162 0.4524
vt 0.0108 0.4524
vt 0.3542 0.1649
vt 0.3621 0.1649
vt 0.5042 0.1649
vt 0.5042 0.2967
vt 0.5042 0.3114
vt 0.3542 0.3114
vt 0.0982 0.5537
vt 0.0982 0.6331
vt 0.0923 0.6331
vt 0.0923 0.5537
vt 0.0959 0.5537
vt 0.0959 0.5537
vt 0.0585 0.4524
vt 0.0636 0.4568
vt 0.1461 0.5473
vt 0.1481 0.5454
vt 0.1481 0.6319
vt 0.6655 0.8199
vt 0.7363 0.8210
vt 0.7387 0.8370
vt 0.7435 0.8533
vt 0.7510 0.8679
vt 0.7609 0.8807
vt 0.7749 0.8912
vt 0.7890 0.8990
vt 0.8040 0.9034
vt 0.8040 0.9710
vt 0.8040 0.9796
vt 0.6655 0.9796
vt 0.6582 0.9799
vt 0.5217 0.9799
vt 0.5217 0.9713
vt 0.5217 0.9026
vt 0.5324 0.8980
vt 0.5464 0.8911
vt 0.5595 0.8812
vt 0.5696 0.8682
vt 0.5778 0.8536
vt 0.5828 0.8377
vt 0.8048 0.7357
vt 0.7895 0.7396
vt 0.7754 0.7462
vt 0.7623 0.7566
vt 0.7509 0.7720
vt 0.7434 0.7861
vt 0.7375 0.8046
vt 0.6655 0.6602
vt 0.0753 0.5431
vt 0.0820 0.5431
vt 0.0820 0.5431
vt 0.0767 0.5849
vt 0.0806 0.5846
vt 0.0806 0.5937
vt 0.0767 0.5937
vt 0.0767 0.6187
vt 0.0806 0.6196
vt 0.0806 0.6266
vt 0.0767 0.6255
vt 0.0767 0.6109
vt 0.0806 0.6115
vt 0.0806 0.6324
vt 0.0767 0.6312
vt 0.0771 0.5429
vt 0.0771 0.5427
vt 0.0806 0.6028
vt 0.0767 0.6025
vt 0.0806 0.5443
vt 0.0806 0.5461
vt 0.0768 0.5459
vt 0.0768 0.5441
vt 0.0761 0.5432
vt 0.0761 0.5430
vt 0.0767 0.5686
vt 0.0806 0.5678
vt 0.0806 0.5759
vt 0.0767 0.5764
vt 0.0767 0.5520
vt 0.0806 0.5507
vt 0.0806 0.5550
vt 0.0767 0.5562
vt 0.0806 0.5608
vt 0.0767 0.5618
vt 0.0806 0.6367
vt 0.0767 0.6353
vt 0.0806 0.5677
vt 0.0806 0.5758
vt 0.0767 0.5763
vt 0.0767 0.5684
vt 0.0806 0.5845
vt 0.0767 0.5848
vt 0.0806 0.5937
vt 0.0767 0.5937
vt 0.0806 0.6028
vt 0.0767 0.6026
vt 0.0806 0.6115
vt 0.0767 0.6111
vt 0.0806 0.6196
vt 0.0767 0.6189
vt 0.0806 0.6267
vt 0.0767 0.6258
vt 0.0806 0.6325
vt 0.0767 0.6314
vt 0.0806 0.6367
vt 0.0767 0.6356
vt 0.0758 0.5470
vt 0.0759 0.5431
vt 0.0807 0.5438
vt 0.0808 0.5463
vt 0.0764 0.5463
vt 0.0768 0.5439
vt 0.0800 0.5410
vt 0.0833 0.5421
vt 0.0831 0.5426
vt 0.0799 0.5415
vt 0.0806 0.5504
vt 0.0806 0.5547
vt 0.0767 0.5559
vt 0.0767 0.5516
vt 0.0806 0.5606
vt 0.0767 0.5615
vt 0.0763 0.5065
vt 0.0746 0.5098
vt 0.0742 0.5096
vt 0.0758 0.5063
vt 0.8074 0.7499
vt 0.7941 0.7540
vt 0.0723 0.4856
vt 0.0746 0.4885
vt 0.0742 0.4888
vt 0.0720 0.4860
vt 0.7559 0.8487
vt 0.7624 0.8612
vt 0.0629 0.4803
vt 0.0628 0.4808
vt 0.0763 0.4918
vt 0.0758 0.4920
vt 0.7941 0.8879
vt 0.8050 0.8913
vt 0.0695 0.4832
vt 0.0693 0.4836
vt 0.0774 0.5029
vt 0.0769 0.5028
vt 0.7518 0.8351
vt 0.0695 0.5151
vt 0.0664 0.5169
vt 0.0662 0.5165
vt 0.0693 0.5147
vt 0.0661 0.4524
vt 0.0661 0.4568
vt 0.0805 0.5461
vt 0.0768 0.5461
vt 0.0768 0.5439
vt 0.0804 0.5439
vt 0.0664 0.4814
vt 0.0662 0.4819
vt 0.7505 0.8210
vt 0.0777 0.4992
vt 0.0772 0.4992
vt 0.7712 0.8722
vt 0.7624 0.7807
vt 0.7559 0.7932
vt 0.7819 0.7607
vt 0.0774 0.4954
vt 0.0769 0.4955
vt 0.0635 0.5178
vt 0.0634 0.5169
vt 0.7819 0.8812
vt 0.0723 0.5128
vt 0.0720 0.5124
vt 0.7712 0.7697
vt 0.7518 0.8068
vt 0.5205 0.8902
vt 0.5285 0.8877
vt 0.5667 0.7937
vt 0.5602 0.7812
vt 0.5514 0.7703
vt 0.5407 0.7614
vt 0.0424 0.4917
vt 0.0441 0.4884
vt 0.0446 0.4888
vt 0.0429 0.4920
vt 0.5285 0.7547
vt 0.0729 0.4612
vt 0.0731 0.4573
vt 0.0441 0.5098
vt 0.0424 0.5065
vt 0.0429 0.5062
vt 0.0446 0.5095
vt 0.5153 0.7506
vt 0.0492 0.4831
vt 0.0524 0.4813
vt 0.0526 0.4819
vt 0.0495 0.4836
vt 0.0524 0.5169
vt 0.0492 0.5151
vt 0.0495 0.5146
vt 0.0526 0.5163
vt 0.5514 0.8721
vt 0.5602 0.8612
vt 0.0464 0.5127
vt 0.0468 0.5123
vt 0.0414 0.5028
vt 0.0419 0.5027
vt 0.0545 0.5175
vt 0.0546 0.5165
vt 0.0464 0.4855
vt 0.0468 0.4859
vt 0.0558 0.4802
vt 0.0559 0.4808
vt 0.5407 0.8811
vt 0.5667 0.8488
vt 0.5708 0.8353
vt 0.0410 0.4991
vt 0.0416 0.4991
vt 0.5721 0.8212
vt 0.0414 0.4953
vt 0.0419 0.4955
vt 0.5708 0.8072
vt 0.1603 0.8632
vt 0.1639 0.8632
vt 0.1639 0.9211
vt 0.1711 0.9211
vt 0.1675 0.9211
vt 0.1711 0.8632
vt 0.1566 0.9211
vt 0.1603 0.8632
vt 0.1603 0.9211
vt 0.1639 0.9211
vt 0.1658 0.8632
vt 0.1783 0.9211
vt 0.1747 0.9211
vt 0.1783 0.8632
vt 0.2071 0.9211
vt 0.2035 0.9211
vt 0.2071 0.8632
vt 0.1711 0.9211
vt 0.1743 0.8632
vt 0.1747 0.9211
vt 0.2035 0.8632
vt 0.2035 0.9211
vt 0.2000 0.8632
vt 0.2215 0.8632
vt 0.2251 0.8632
vt 0.2251 0.9211
vt 0.2143 0.8632
vt 0.2179 0.8632
vt 0.2179 0.9211
vt 0.2179 0.9211
vt 0.2215 0.8632
vt 0.2215 0.9211
vt 0.2251 0.9211
vt 0.2286 0.8632
vt 0.2286 0.9211
vt 0.1783 0.8632
vt 0.1819 0.8632
vt 0.1819 0.9211
vt 0.1928 0.8632
vt 0.1964 0.8632
vt 0.1964 0.9211
vt 0.1819 0.9211
vt 0.1855 0.8632
vt 0.1855 0.9211
vt 0.1964 0.9211
vt 0.2000 0.8632
vt 0.2000 0.9211
vt 0.1928 0.9211
vt 0.1892 0.9211
vt 0.1928 0.8632
vt 0.2107 0.9211
vt 0.2071 0.9211
vt 0.2107 0.8632
vt 0.1892 0.8632
vt 0.1892 0.9211
vt 0.1855 0.8632
vt 0.2143 0.8632
vt 0.2143 0.9211
vt 0.2107 0.8632
vt 0.1737 0.5179
vt 0.1680 0.4886
vt 0.1919 0.4886
vt 0.1958 0.5088
vt 0.2987 0.4351
vt 0.3152 0.4600
vt 0.2931 0.4690
vt 0.2818 0.4519
vt 0.1902 0.5427
vt 0.2071 0.5259
vt 0.2740 0.4184
vt 0.2648 0.4404
vt 0.2149 0.5594
vt 0.2241 0.5374
vt 0.2448 0.4125
vt 0.2447 0.4363
vt 0.2734 0.5597
vt 0.2441 0.5654
vt 0.2442 0.5415
vt 0.2643 0.5376
vt 0.2155 0.4182
vt 0.2246 0.4402
vt 0.2983 0.5432
vt 0.2814 0.5263
vt 0.1906 0.4346
vt 0.2075 0.4515
vt 0.3150 0.5185
vt 0.2929 0.5093
vt 0.1739 0.4594
vt 0.1960 0.4685
vt 0.3209 0.4892
vt 0.2970 0.4892
vt 0.2158 0.4768
vt 0.2134 0.4887
vt 0.2755 0.4891
vt 0.2732 0.4772
vt 0.2157 0.5006
vt 0.2666 0.4671
vt 0.2223 0.5107
vt 0.2565 0.4603
vt 0.2324 0.5175
vt 0.2447 0.4578
vt 0.2442 0.5200
vt 0.2562 0.5177
vt 0.2328 0.4601
vt 0.2663 0.5110
vt 0.2226 0.4668
vt 0.2731 0.5010
vt 0.2491 0.5003
vt 0.2531 0.4977
vt 0.2398 0.4775
vt 0.2358 0.4801
vt 0.2558 0.4937
vt 0.2331 0.4841
vt 0.2568 0.4890
vt 0.2321 0.4888
vt 0.2559 0.4843
vt 0.2330 0.4935
vt 0.2532 0.4803
vt 0.2357 0.4976
vt 0.2493 0.4776
vt 0.2397 0.5003
vt 0.2446 0.4766
vt 0.2444 0.5012
vt 0.2445 0.4889
vt 0.1737 0.5179
vt 0.1958 0.5088
vt 0.1919 0.4886
vt 0.1680 0.4886
vt 0.2987 0.4351
vt 0.2818 0.4519
vt 0.2931 0.4690
vt 0.3152 0.4600
vt 0.1902 0.5427
vt 0.2071 0.5259
vt 0.2740 0.4184
vt 0.2648 0.4404
vt 0.2149 0.5594
vt 0.2241 0.5374
vt 0.2448 0.4125
vt 0.2447 0.4363
vt 0.2734 0.5597
vt 0.2643 0.5376
vt 0.2442 0.5415
vt 0.2441 0.5654
vt 0.2155 0.4182
vt 0.2246 0.4402
vt 0.2983 0.5432
vt 0.2814 0.5263
vt 0.1906 0.4346
vt 0.2075 0.4515
vt 0.3150 0.5185
vt 0.2929 0.5093
vt 0.1739 0.4594
vt 0.1960 0.4685
vt 0.3209 0.4892
vt 0.2970 0.4892
vt 0.2134 0.4887
vt 0.2158 0.4768
vt 0.2732 0.4772
vt 0.2755 0.4891
vt 0.2157 0.5006
vt 0.2666 0.4671
vt 0.2223 0.5107
vt 0.2565 0.4603
vt 0.2324 0.5175
vt 0.2447 0.4578
vt 0.2562 0.5177
vt 0.2442 0.5200
vt 0.2328 0.4601
vt 0.2663 0.5110
vt 0.2226 0.4668
vt 0.2731 0.5010
vt 0.2531 0.4977
vt 0.2491 0.5003
vt 0.2358 0.4801
vt 0.2398 0.4775
vt 0.2558 0.4937
vt 0.2331 0.4841
vt 0.2568 0.4890
vt 0.2321 0.4888
vt 0.2559 0.4843
vt 0.2330 0.4935
vt 0.2532 0.4803
vt 0.2357 0.4976
vt 0.2493 0.4776
vt 0.2397 0.5003
vt 0.2446 0.4766
vt 0.2444 0.5012
vt 0.2445 0.4889
vt 0.1737 0.5179
vt 0.1680 0.4886
vt 0.1919 0.4886
vt 0.1958 0.5088
vt 0.2987 0.4351
vt 0.3152 0.4600
vt 0.2931 0.4690
vt 0.2818 0.4519
vt 0.1902 0.5427
vt 0.2071 0.5259
vt 0.2740 0.4184
vt 0.2648 0.4404
vt 0.2149 0.5594
vt 0.2241 0.5374
vt 0.2448 0.4125
vt 0.2447 0.4363
vt 0.2734 0.5597
vt 0.2441 0.5654
vt 0.2442 0.5415
vt 0.2643 0.5376
vt 0.2155 0.4182
vt 0.2246 0.4402
vt 0.2983 0.5432
vt 0.2814 0.5263
vt 0.1906 0.4346
vt 0.2075 0.4515
vt 0.3150 0.5185
vt 0.2929 0.5093
vt 0.1739 0.4594
vt 0.1960 0.4685
vt 0.3209 0.4892
vt 0.2970 0.4892
vt 0.2158 0.4768
vt 0.2134 0.4887
vt 0.2755 0.4891
vt 0.2732 0.4772
vt 0.2157 0.5006
vt 0.2666 0.4671
vt 0.2223 0.5107
vt 0.2565 0.4603
vt 0.2324 0.5175
vt 0.2447 0.4578
vt 0.2442 0.5200
vt 0.2562 0.5177
vt 0.2328 0.4601
vt 0.2663 0.5110
vt 0.2226 0.4668
vt 0.2731 0.5010
vt 0.2491 0.5003
vt 0.2531 0.4977
vt 0.2398 0.4775
vt 0.2358 0.4801
vt 0.2558 0.4937
vt 0.2331 0.4841
vt 0.2568 0.4890
vt 0.2321 0.4888
vt 0.2559 0.4843
vt 0.2330 0.4935
vt 0.2532 0.4803
vt 0.2357 0.4976
vt 0.2493 0.4776
vt 0.2397 0.5003
vt 0.2446 0.4766
vt 0.2444 0.5012
vt 0.2445 0.4889
vt 0.1737 0.5179
vt 0.1958 0.5088
vt 0.1919 0.4886
vt 0.1680 0.4886
vt 0.2987 0.4351
vt 0.2818 0.4519
vt 0.2931 0.4690
vt 0.3152 0.4600
vt 0.1902 0.5427
vt 0.2071 0.5259
vt 0.2740 0.4184
vt 0.2648 0.4404
vt 0.2149 0.5594
vt 0.2241 0.5374
vt 0.2448 0.4125
vt 0.2447 0.4363
vt 0.2734 0.5597
vt 0.2643 0.5376
vt 0.2442 0.5415
vt 0.2441 0.5654
vt 0.2155 0.4182
vt 0.2246 0.4402
vt 0.2983 0.5432
vt 0.2814 0.5263
vt 0.1906 0.4346
vt 0.2075 0.4515
vt 0.3150 0.5185
vt 0.2929 0.5093
vt 0.1739 0.4594
vt 0.1960 0.4685
vt 0.3209 0.4892
vt 0.2970 0.4892
vt 0.2134 0.4887
vt 0.2158 0.4768
vt 0.2732 0.4772
vt 0.2755 0.4891
vt 0.2157 0.5006
vt 0.2666 0.4671
vt 0.2223 0.5107
vt 0.2565 0.4603
vt 0.2324 0.5175
vt 0.2447 0.4578
vt 0.2562 0.5177
vt 0.2442 0.5200
vt 0.2328 0.4601
vt 0.2663 0.5110
vt 0.2226 0.4668
vt 0.2731 0.5010
vt 0.2531 0.4977
vt 0.2491 0.5003
vt 0.2358 0.4801
vt 0.2398 0.4775
vt 0.2558 0.4937
vt 0.2331 0.4841
vt 0.2568 0.4890
vt 0.2321 0.4888
vt 0.2559 0.4843
vt 0.2330 0.4935
vt 0.2532 0.4803
vt 0.2357 0.4976
vt 0.2493 0.4776
vt 0.2397 0.5003
vt 0.2446 0.4766
vt 0.2444 0.5012
vt 0.2445 0.4889
vt 0.0942 0.3479
vt 0.0999 0.3452
vt 0.1343 0.3448
vt 0.1296 0.3515
vt 0.1951 0.3630
vt 0.2042 0.3625
vt 0.2153 0.3744
vt 0.1999 0.3723
vt 0.2968 0.2068
vt 0.2954 0.2247
vt 0.2747 0.2240
vt 0.2748 0.2050
vt 0.2229 0.3922
vt 0.2081 0.3935
vt 0.2561 0.3813
vt 0.2670 0.3874
vt 0.2575 0.3927
vt 0.1624 0.3869
vt 0.1333 0.3800
vt 0.1281 0.3685
vt 0.1550 0.3713
vt 0.2880 0.2444
vt 0.2746 0.2575
vt 0.2527 0.2042
vt 0.2540 0.2223
vt 0.2565 0.1396
vt 0.2750 0.1395
vt 0.2749 0.1678
vt 0.2539 0.1677
vt 0.2639 0.3504
vt 0.2631 0.3456
vt 0.2734 0.3408
vt 0.2757 0.3436
vt 0.1692 0.3304
vt 0.1618 0.3448
vt 0.1396 0.3342
vt 0.2958 0.1701
vt 0.2969 0.1811
vt 0.2748 0.1865
vt 0.2527 0.1785
vt 0.1239 0.3613
vt 0.1497 0.3626
vt 0.2405 0.3695
vt 0.2571 0.3765
vt 0.2435 0.3778
vt 0.2487 0.3949
vt 0.2752 0.0830
vt 0.2651 0.0824
vt 0.2753 0.0411
vt 0.2258 0.3663
vt 0.2293 0.3750
vt 0.2614 0.2428
vt 0.2018 0.3571
vt 0.2071 0.3485
vt 0.2224 0.3480
vt 0.2109 0.3585
vt 0.2893 0.1151
vt 0.2752 0.1137
vt 0.2852 0.0835
vt 0.2609 0.1135
vt 0.0892 0.3615
vt 0.0947 0.3648
vt 0.1717 0.3624
vt 0.1777 0.3719
vt 0.2696 0.3847
vt 0.2476 0.3554
vt 0.2508 0.3476
vt 0.1782 0.3553
vt 0.1848 0.3466
vt 0.1578 0.2997
vt 0.1531 0.2994
vt 0.1550 0.2911
vt 0.1597 0.2905
vt 0.2328 0.3571
vt 0.2366 0.3489
vt 0.2335 0.3942
vt 0.2405 0.3306
vt 0.2298 0.3315
vt 0.2644 0.3346
vt 0.0180 0.3250
vt 0.0126 0.3233
vt 0.0144 0.3204
vt 0.0187 0.3217
vt 0.2152 0.3287
vt 0.1483 0.3043
vt 0.1501 0.3107
vt 0.1460 0.3090
vt 0.1447 0.3043
vt 0.1877 0.3921
vt 0.2934 0.1417
vt 0.0073 0.3070
vt 0.0091 0.3135
vt 0.0051 0.3117
vt 0.0039 0.3070
vt 0.1948 0.3279
vt 0.2558 0.3314
vt 0.1679 0.3123
vt 0.1597 0.3129
vt 0.1578 0.3042
vt 0.1666 0.3040
vt 0.1560 0.3528
vt 0.0267 0.2931
vt 0.0183 0.2929
vt 0.0181 0.2859
vt 0.0265 0.2862
vt 0.0374 0.3014
vt 0.0377 0.2931
vt 0.0597 0.2928
vt 0.0592 0.3008
vt 0.1557 0.2848
vt 0.1508 0.2870
vt 0.1491 0.2839
vt 0.1544 0.2809
vt 0.1284 0.3219
vt 0.1268 0.3161
vt 0.1316 0.3129
vt 0.1336 0.3169
vt 0.2295 0.2835
vt 0.2298 0.2791
vt 0.2526 0.2776
vt 0.2517 0.2825
vt 0.0377 0.2864
vt 0.0380 0.2824
vt 0.0601 0.2824
vt 0.0600 0.2862
vt 0.2617 0.3133
vt 0.2615 0.3033
vt 0.2687 0.3034
vt 0.2683 0.3117
vt 0.1779 0.3039
vt 0.1789 0.3119
vt 0.0887 0.3225
vt 0.0872 0.3157
vt 0.1098 0.3196
vt 0.1119 0.3263
vt 0.0381 0.3209
vt 0.0375 0.3150
vt 0.0597 0.3147
vt 0.0607 0.3206
vt 0.0138 0.3150
vt 0.0095 0.3180
vt 0.2284 0.2910
vt 0.2503 0.2905
vt 0.2508 0.3130
vt 0.2497 0.3032
vt 0.2609 0.3007
vt 0.2614 0.2903
vt 0.2680 0.2915
vt 0.2679 0.3002
vt 0.1603 0.2835
vt 0.1598 0.2792
vt 0.2729 0.2939
vt 0.2729 0.2994
vt 0.1126 0.3302
vt 0.1219 0.3257
vt 0.1236 0.3306
vt 0.2627 0.2825
vt 0.2688 0.2849
vt 0.1204 0.3200
vt 0.1205 0.2787
vt 0.1212 0.2726
vt 0.1304 0.2784
vt 0.1273 0.2824
vt 0.1073 0.3061
vt 0.1190 0.3060
vt 0.0872 0.2791
vt 0.0873 0.2836
vt 0.2301 0.3189
vt 0.2289 0.3124
vt 0.2523 0.3199
vt 0.2628 0.3197
vt 0.2012 0.2917
vt 0.2021 0.2852
vt 0.0172 0.2817
vt 0.0266 0.2820
vt 0.0265 0.3153
vt 0.0184 0.3159
vt 0.0166 0.3071
vt 0.0253 0.3070
vt 0.0262 0.3018
vt 0.0175 0.3022
vt 0.2491 0.3007
vt 0.1682 0.3183
vt 0.1600 0.3188
vt 0.0269 0.3213
vt 0.2647 0.2777
vt 0.1088 0.2865
vt 0.1098 0.2785
vt 0.1197 0.2857
vt 0.0867 0.2912
vt 0.0860 0.3007
vt 0.1667 0.2997
vt 0.1681 0.2911
vt 0.2023 0.2814
vt 0.1266 0.2891
vt 0.1327 0.2867
vt 0.1317 0.2912
vt 0.1503 0.2922
vt 0.2739 0.3032
vt 0.2736 0.3086
vt 0.1684 0.3217
vt 0.1795 0.3178
vt 0.1798 0.3210
vt 0.0509 0.3556
vt 0.0536 0.3600
vt 0.0445 0.3691
vt 0.2014 0.3115
vt 0.2002 0.3038
vt 0.2272 0.3035
vt 0.1261 0.3059
vt 0.1312 0.3058
vt 0.2717 0.2812
vt 0.2765 0.2871
vt 0.2741 0.2894
vt 0.0274 0.3248
vt 0.0611 0.3237
vt 0.0888 0.3262
vt 0.1687 0.2842
vt 0.1689 0.2800
vt 0.1791 0.2914
vt 0.1780 0.2997
vt 0.2022 0.3204
vt 0.2021 0.3173
vt 0.2300 0.3225
vt 0.1590 0.3221
vt 0.0365 0.3069
vt 0.0584 0.3068
vt 0.0851 0.3065
vt 0.2001 0.2997
vt 0.1555 0.3175
vt 0.1504 0.3153
vt 0.1550 0.3121
vt 0.0072 0.3202
vt 0.0389 0.3242
vt 0.0137 0.2873
vt 0.0091 0.2897
vt 0.0072 0.2869
vt 0.0122 0.2836
vt 0.1486 0.2988
vt 0.0092 0.2950
vt 0.0083 0.3017
vt 0.0050 0.3013
vt 0.0057 0.2964
vt 0.1202 0.3002
vt 0.1272 0.2994
vt 0.2688 0.3173
vt 0.1103 0.2737
vt 0.2649 0.3234
vt 0.2722 0.3201
vt 0.1326 0.3247
vt 0.1530 0.3043
vt 0.1083 0.3005
vt 0.0138 0.2937
vt 0.0119 0.3071
vt 0.0128 0.3020
vt 0.1479 0.3175
vt 0.1438 0.3141
vt 0.1459 0.3125
vt 0.1535 0.3205
vt 0.2269 0.3003
vt 0.1803 0.2808
vt 0.1798 0.2847
vt 0.1351 0.2842
vt 0.0467 0.3542
vt 0.0419 0.3562
vt 0.1367 0.3186
vt 0.2749 0.3125
vt 0.0427 0.3819
vt 0.0384 0.3805
vt 0.0450 0.3785
vt 0.0471 0.3671
vt 0.0491 0.3776
vt 0.0474 0.3798
vt 0.0514 0.3749
vt 0.0030 0.3166
vt 0.0050 0.3151
vt 0.0054 0.2925
vt 0.0036 0.2905
vt 0.2776 0.3142
vt 0.0528 0.3579
vt 0.0549 0.3625
vt 0.0549 0.3684
vt 0.0527 0.3739
vt 0.0379 0.3612
vt 0.0536 0.3684
vt 0.1322 0.2984
vt 0.0357 0.3760
vt 0.0353 0.3697
vt 0.2529 0.3238
vt 0.0394 0.3717
vt 0.0394 0.3659
vt 0.0415 0.3763
vt 0.0486 0.0518
vt 0.0295 0.0512
vt 0.0286 0.0374
vt 0.0446 0.0385
vt 0.0421 0.2138
vt 0.0422 0.2018
vt 0.0719 0.1973
vt 0.0705 0.2102
vt 0.0574 0.2551
vt 0.0506 0.2449
vt 0.0660 0.2450
vt 0.0656 0.2556
vt 0.0433 0.2247
vt 0.0688 0.2225
vt 0.1465 0.2935
vt 0.1466 0.2895
vt 0.1451 0.2873
vt 0.1453 0.2983
vt 0.0576 0.1218
vt 0.0561 0.1112
vt 0.0895 0.1147
vt 0.0897 0.1258
vt 0.0078 0.0742
vt 0.0130 0.0607
vt 0.0266 0.0648
vt 0.0241 0.0786
vt 0.0192 0.0367
vt 0.0152 0.0238
vt 0.0240 0.0238
vt 0.0957 0.1123
vt 0.0962 0.1026
vt 0.1277 0.1001
vt 0.1278 0.1093
vt 0.0252 0.0926
vt 0.0518 0.0784
vt 0.0563 0.0924
vt 0.0261 0.1532
vt 0.0157 0.1418
vt 0.0346 0.1338
vt 0.0418 0.1454
vt 0.1425 0.0520
vt 0.1283 0.0480
vt 0.1350 0.0365
vt 0.1466 0.0393
vt 0.0065 0.0882
vt 0.0460 0.2349
vt 0.0671 0.2341
vt 0.0184 0.0485
vt 0.0699 0.1774
vt 0.0604 0.1674
vt 0.0686 0.1664
vt 0.0270 0.1120
vt 0.0268 0.1022
vt 0.0559 0.1010
vt 0.0391 0.0270
vt 0.0451 0.3567
vt 0.0415 0.3604
vt 0.0091 0.1297
vt 0.0060 0.1182
vt 0.0296 0.1225
vt 0.2324 0.2457
vt 0.2233 0.2400
vt 0.2310 0.2172
vt 0.2410 0.2202
vt 0.0061 0.1082
vt 0.0493 0.3558
vt 0.1808 0.1474
vt 0.1917 0.1530
vt 0.1792 0.1664
vt 0.1656 0.1635
vt 0.0394 0.1629
vt 0.0506 0.1567
vt 0.0661 0.1552
vt 0.0546 0.1708
vt 0.0630 0.1440
vt 0.0600 0.1328
vt 0.0887 0.1368
vt 0.0864 0.1477
vt 0.0990 0.1544
vt 0.0967 0.1438
vt 0.1193 0.1403
vt 0.1150 0.1515
vt 0.0499 0.0646
vt 0.0706 0.0497
vt 0.0777 0.0616
vt 0.2352 0.2004
vt 0.2242 0.2019
vt 0.2217 0.1939
vt 0.2331 0.1910
vt 0.1586 0.0766
vt 0.1600 0.0627
vt 0.1855 0.0538
vt 0.1896 0.0657
vt 0.0831 0.1984
vt 0.0814 0.1849
vt 0.1089 0.1820
vt 0.1108 0.1954
vt 0.2022 0.1887
vt 0.2003 0.1807
vt 0.2079 0.1827
vt 0.2092 0.1901
vt 0.1290 0.1534
vt 0.1385 0.1424
vt 0.1517 0.1512
vt 0.1383 0.1601
vt 0.0826 0.1583
vt 0.0771 0.1682
vt 0.0871 0.2466
vt 0.0871 0.2353
vt 0.1068 0.2300
vt 0.1016 0.2419
vt 0.2205 0.2164
vt 0.2456 0.2012
vt 0.0231 0.2443
vt 0.0147 0.2342
vt 0.0252 0.2289
vt 0.0309 0.2381
vt 0.0862 0.2238
vt 0.0847 0.2115
vt 0.1111 0.2077
vt 0.1099 0.2190
vt 0.1818 0.0433
vt 0.1615 0.0497
vt 0.1627 0.0374
vt 0.1799 0.0327
vt 0.2114 0.1970
vt 0.2126 0.2037
vt 0.2016 0.2031
vt 0.2024 0.1973
vt 0.1535 0.1110
vt 0.1538 0.1025
vt 0.1718 0.1103
vt 0.1715 0.1191
vt 0.0095 0.2232
vt 0.0065 0.2092
vt 0.0207 0.2073
vt 0.0220 0.2189
vt 0.2038 0.1713
vt 0.2116 0.1740
vt 0.2106 0.2160
vt 0.2059 0.2310
vt 0.1979 0.2261
vt 0.2008 0.2134
vt 0.1186 0.0606
vt 0.1365 0.0659
vt 0.0353 0.2541
vt 0.0397 0.2474
vt 0.0518 0.2570
vt 0.0664 0.2661
vt 0.0500 0.2612
vt 0.2142 0.2352
vt 0.1232 0.1295
vt 0.1459 0.1312
vt 0.1509 0.1206
vt 0.1686 0.1297
vt 0.1453 0.1786
vt 0.1586 0.1794
vt 0.1631 0.1943
vt 0.1503 0.1953
vt 0.1282 0.1805
vt 0.1287 0.1959
vt 0.1262 0.1191
vt 0.1078 0.1738
vt 0.1109 0.1628
vt 0.1183 0.1639
vt 0.1906 0.2218
vt 0.1923 0.2092
vt 0.1109 0.2417
vt 0.1195 0.2290
vt 0.1250 0.2348
vt 0.1135 0.2489
vt 0.1528 0.1604
vt 0.2109 0.1617
vt 0.2185 0.1645
vt 0.1232 0.1675
vt 0.1415 0.1727
vt 0.1407 0.1922
vt 0.0886 0.1040
vt 0.1735 0.1797
vt 0.1907 0.1895
vt 0.1877 0.1798
vt 0.2014 0.1579
vt 0.1921 0.1689
vt 0.1906 0.1999
vt 0.1775 0.1921
vt 0.1274 0.2079
vt 0.0833 0.2708
vt 0.0860 0.2583
vt 0.0937 0.2553
vt 0.0632 0.0377
vt 0.0576 0.0272
vt 0.1375 0.2084
vt 0.1922 0.1947
vt 0.0856 0.0748
vt 0.0940 0.0882
vt 0.0985 0.2561
vt 0.0993 0.2607
vt 0.1621 0.1408
vt 0.1695 0.1422
vt 0.1015 0.0876
vt 0.1088 0.0746
vt 0.1304 0.0807
vt 0.1259 0.0943
vt 0.1246 0.2183
vt 0.1326 0.2213
vt 0.0061 0.1925
vt 0.0213 0.1933
vt 0.1027 0.1644
vt 0.1577 0.0902
vt 0.1624 0.0285
vt 0.1794 0.0238
vt 0.0435 0.1889
vt 0.0728 0.1844
vt 0.1519 0.2491
vt 0.1506 0.2383
vt 0.1643 0.2449
vt 0.1643 0.2556
vt 0.0955 0.1331
vt 0.0953 0.1225
vt 0.0568 0.3951
vt 0.0455 0.4005
vt 0.0451 0.3872
vt 0.0519 0.3839
vt 0.1924 0.0783
vt 0.0214 0.3720
vt 0.0242 0.3561
vt 0.0325 0.3606
vt 0.0309 0.3701
vt 0.0337 0.3976
vt 0.0250 0.3872
vt 0.0329 0.3792
vt 0.0381 0.3854
vt 0.1360 0.0287
vt 0.1471 0.0307
vt 0.0650 0.3829
vt 0.0568 0.3766
vt 0.0324 0.3439
vt 0.0374 0.3532
vt 0.1341 0.2427
vt 0.1366 0.2335
vt 0.1432 0.2359
vt 0.1429 0.2451
vt 0.0678 0.3670
vt 0.0584 0.3671
vt 0.1805 0.2487
vt 0.1816 0.2378
vt 0.1890 0.2356
vt 0.1893 0.2447
vt 0.0439 0.3385
vt 0.0555 0.3414
vt 0.0511 0.3518
vt 0.0442 0.3500
vt 0.0643 0.3518
vt 0.0563 0.3580
vt 0.0453 0.4005
vt 0.2439 0.1901
vt 0.0437 0.3385
vt 0.1453 0.2555
vt 0.1512 0.2591
vt 0.1872 0.2554
vt 0.1978 0.2429
vt 0.1939 0.2547
vt 0.1780 0.2254
vt 0.1688 0.2299
vt 0.1689 0.2202
vt 0.1762 0.2174
vt 0.1634 0.2305
vt 0.1539 0.2257
vt 0.1556 0.2173
vt 0.1631 0.2205
vt 0.2311 0.1425
vt 0.2311 0.1140
vt 0.2468 0.1133
vt 0.2436 0.1304
vt 0.1681 0.2444
vt 0.1452 0.2296
vt 0.1469 0.2231
vt 0.1956 0.2337
vt 0.1692 0.2655
vt 0.1681 0.2551
vt 0.1812 0.2588
vt 0.1483 0.2662
vt 0.1631 0.2658
vt 0.1598 0.2731
vt 0.2311 0.0842
vt 0.2468 0.0958
vt 0.2087 0.1139
vt 0.2087 0.0964
vt 0.2243 0.0833
vt 0.2243 0.1131
vt 0.1870 0.2299
vt 0.1383 0.2544
vt 0.2243 0.0723
vt 0.2087 0.0731
vt 0.2118 0.0563
vt 0.2243 0.0428
vt 0.1511 0.2151
vt 0.1806 0.2156
vt 0.1715 0.2127
vt 0.1839 0.2667
vt 0.1850 0.2235
vt 0.2311 0.0732
vt 0.2468 0.0725
vt 0.1604 0.2122
vt 0.1723 0.2736
vt 0.2118 0.1307
vt 0.2243 0.1416
vt 0.2311 0.0437
vt 0.2436 0.0559
vt 0.0942 0.3479
vt 0.1296 0.3515
vt 0.1343 0.3448
vt 0.0999 0.3452
vt 0.1951 0.3630
vt 0.1999 0.3723
vt 0.2153 0.3744
vt 0.2042 0.3625
vt 0.2968 0.2068
vt 0.2748 0.2050
vt 0.2747 0.2240
vt 0.2954 0.2247
vt 0.2229 0.3922
vt 0.2081 0.3935
vt 0.2561 0.3813
vt 0.2575 0.3927
vt 0.2670 0.3874
vt 0.1624 0.3869
vt 0.1550 0.3713
vt 0.1281 0.3685
vt 0.1333 0.3800
vt 0.2880 0.2444
vt 0.2746 0.2575
vt 0.2527 0.2042
vt 0.2540 0.2223
vt 0.2565 0.1396
vt 0.2539 0.1677
vt 0.2749 0.1678
vt 0.2750 0.1395
vt 0.2639 0.3504
vt 0.2757 0.3436
vt 0.2734 0.3408
vt 0.2631 0.3456
vt 0.1692 0.3304
vt 0.1396 0.3342
vt 0.1618 0.3448
vt 0.2958 0.1701
vt 0.2748 0.1865
vt 0.2969 0.1811
vt 0.2527 0.1785
vt 0.1497 0.3626
vt 0.1239 0.3613
vt 0.2405 0.3695
vt 0.2435 0.3778
vt 0.2571 0.3765
vt 0.2487 0.3949
vt 0.2752 0.0830
vt 0.2753 0.0411
vt 0.2651 0.0824
vt 0.2293 0.3750
vt 0.2258 0.3663
vt 0.2614 0.2428
vt 0.2018 0.3571
vt 0.2109 0.3585
vt 0.2224 0.3480
vt 0.2071 0.3485
vt 0.2893 0.1151
vt 0.2852 0.0835
vt 0.2752 0.1137
vt 0.2609 0.1135
vt 0.0892 0.3615
vt 0.0947 0.3648
vt 0.1777 0.3719
vt 0.1717 0.3624
vt 0.2696 0.3847
vt 0.2476 0.3554
vt 0.2508 0.3476
vt 0.1782 0.3553
vt 0.1848 0.3466
vt 0.1578 0.2997
vt 0.1597 0.2905
vt 0.1550 0.2911
vt 0.1531 0.2994
vt 0.2328 0.3571
vt 0.2366 0.3489
vt 0.2335 0.3942
vt 0.2405 0.3306
vt 0.2298 0.3315
vt 0.2644 0.3346
vt 0.0180 0.3250
vt 0.0187 0.3217
vt 0.0144 0.3204
vt 0.0126 0.3233
vt 0.2152 0.3287
vt 0.1483 0.3043
vt 0.1447 0.3043
vt 0.1460 0.3090
vt 0.1501 0.3107
vt 0.1877 0.3921
vt 0.2934 0.1417
vt 0.0073 0.3070
vt 0.0039 0.3070
vt 0.0051 0.3117
vt 0.0091 0.3135
vt 0.1948 0.3279
vt 0.2558 0.3314
vt 0.1679 0.3123
vt 0.1666 0.3040
vt 0.1578 0.3042
vt 0.1597 0.3129
vt 0.1560 0.3528
vt 0.0267 0.2931
vt 0.0265 0.2862
vt 0.0181 0.2859
vt 0.0183 0.2929
vt 0.0374 0.3014
vt 0.0592 0.3008
vt 0.0597 0.2928
vt 0.0377 0.2931
vt 0.1557 0.2848
vt 0.1544 0.2809
vt 0.1491 0.2839
vt 0.1508 0.2870
vt 0.1284 0.3219
vt 0.1336 0.3169
vt 0.1316 0.3129
vt 0.1268 0.3161
vt 0.2295 0.2835
vt 0.2517 0.2825
vt 0.2526 0.2776
vt 0.2298 0.2791
vt 0.0377 0.2864
vt 0.0600 0.2862
vt 0.0601 0.2824
vt 0.0380 0.2824
vt 0.2617 0.3133
vt 0.2683 0.3117
vt 0.2687 0.3034
vt 0.2615 0.3033
vt 0.1789 0.3119
vt 0.1779 0.3039
vt 0.0887 0.3225
vt 0.1119 0.3263
vt 0.1098 0.3196
vt 0.0872 0.3157
vt 0.0381 0.3209
vt 0.0607 0.3206
vt 0.0597 0.3147
vt 0.0375 0.3150
vt 0.0138 0.3150
vt 0.0095 0.3180
vt 0.2284 0.2910
vt 0.2503 0.2905
vt 0.2508 0.3130
vt 0.2497 0.3032
vt 0.2609 0.3007
vt 0.2679 0.3002
vt 0.2680 0.2915
vt 0.2614 0.2903
vt 0.1603 0.2835
vt 0.1598 0.2792
vt 0.2729 0.2994
vt 0.2729 0.2939
vt 0.1126 0.3302
vt 0.1236 0.3306
vt 0.1219 0.3257
vt 0.2688 0.2849
vt 0.2627 0.2825
vt 0.1204 0.3200
vt 0.1205 0.2787
vt 0.1273 0.2824
vt 0.1304 0.2784
vt 0.1212 0.2726
vt 0.1190 0.3060
vt 0.1073 0.3061
vt 0.0873 0.2836
vt 0.0872 0.2791
vt 0.2301 0.3189
vt 0.2523 0.3199
vt 0.2289 0.3124
vt 0.2628 0.3197
vt 0.2012 0.2917
vt 0.2021 0.2852
vt 0.0266 0.2820
vt 0.0172 0.2817
vt 0.0265 0.3153
vt 0.0253 0.3070
vt 0.0166 0.3071
vt 0.0184 0.3159
vt 0.0175 0.3022
vt 0.0262 0.3018
vt 0.2491 0.3007
vt 0.1682 0.3183
vt 0.1600 0.3188
vt 0.0269 0.3213
vt 0.2647 0.2777
vt 0.1088 0.2865
vt 0.1197 0.2857
vt 0.1098 0.2785
vt 0.0867 0.2912
vt 0.0860 0.3007
vt 0.1667 0.2997
vt 0.1681 0.2911
vt 0.2023 0.2814
vt 0.1266 0.2891
vt 0.1317 0.2912
vt 0.1327 0.2867
vt 0.1503 0.2922
vt 0.2736 0.3086
vt 0.2739 0.3032
vt 0.1684 0.3217
vt 0.1798 0.3210
vt 0.1795 0.3178
vt 0.0509 0.3556
vt 0.0445 0.3691
vt 0.0536 0.3600
vt 0.2014 0.3115
vt 0.2272 0.3035
vt 0.2002 0.3038
vt 0.1312 0.3058
vt 0.1261 0.3059
vt 0.2741 0.2894
vt 0.2765 0.2871
vt 0.2717 0.2812
vt 0.0274 0.3248
vt 0.0611 0.3237
vt 0.0888 0.3262
vt 0.1687 0.2842
vt 0.1689 0.2800
vt 0.1780 0.2997
vt 0.1791 0.2914
vt 0.2022 0.3204
vt 0.2300 0.3225
vt 0.2021 0.3173
vt 0.1590 0.3221
vt 0.0365 0.3069
vt 0.0851 0.3065
vt 0.0584 0.3068
vt 0.2001 0.2997
vt 0.1555 0.3175
vt 0.1550 0.3121
vt 0.1504 0.3153
vt 0.0072 0.3202
vt 0.0389 0.3242
vt 0.0137 0.2873
vt 0.0122 0.2836
vt 0.0072 0.2869
vt 0.0091 0.2897
vt 0.1486 0.2988
vt 0.0092 0.2950
vt 0.0057 0.2964
vt 0.0050 0.3013
vt 0.0083 0.3017
vt 0.1202 0.3002
vt 0.1272 0.2994
vt 0.2688 0.3173
vt 0.1103 0.2737
vt 0.2649 0.3234
vt 0.2722 0.3201
vt 0.1326 0.3247
vt 0.1530 0.3043
vt 0.1083 0.3005
vt 0.0138 0.2937
vt 0.0119 0.3071
vt 0.0128 0.3020
vt 0.1459 0.3125
vt 0.1438 0.3141
vt 0.1479 0.3175
vt 0.1535 0.3205
vt 0.2269 0.3003
vt 0.1798 0.2847
vt 0.1803 0.2808
vt 0.1351 0.2842
vt 0.0467 0.3542
vt 0.0419 0.3562
vt 0.1367 0.3186
vt 0.2749 0.3125
vt 0.0427 0.3819
vt 0.0384 0.3805
vt 0.0450 0.3785
vt 0.0491 0.3776
vt 0.0471 0.3671
vt 0.0474 0.3798
vt 0.0514 0.3749
vt 0.0050 0.3151
vt 0.0030 0.3166
vt 0.0036 0.2905
vt 0.0054 0.2925
vt 0.2776 0.3142
vt 0.0528 0.3579
vt 0.0549 0.3625
vt 0.0549 0.3684
vt 0.0527 0.3739
vt 0.0379 0.3612
vt 0.0536 0.3684
vt 0.1322 0.2984
vt 0.0357 0.3760
vt 0.0353 0.3697
vt 0.2529 0.3238
vt 0.0394 0.3717
vt 0.0394 0.3659
vt 0.0415 0.3763
vt 0.0486 0.0518
vt 0.0446 0.0385
vt 0.0286 0.0374
vt 0.0295 0.0512
vt 0.0421 0.2138
vt 0.0705 0.2102
vt 0.0719 0.1973
vt 0.0422 0.2018
vt 0.0574 0.2551
vt 0.0656 0.2556
vt 0.0660 0.2450
vt 0.0506 0.2449
vt 0.0433 0.2247
vt 0.0688 0.2225
vt 0.1466 0.2895
vt 0.1465 0.2935
vt 0.1451 0.2873
vt 0.1453 0.2983
vt 0.0576 0.1218
vt 0.0897 0.1258
vt 0.0895 0.1147
vt 0.0561 0.1112
vt 0.0078 0.0742
vt 0.0241 0.0786
vt 0.0266 0.0648
vt 0.0130 0.0607
vt 0.0240 0.0238
vt 0.0152 0.0238
vt 0.0192 0.0367
vt 0.0957 0.1123
vt 0.1278 0.1093
vt 0.1277 0.1001
vt 0.0962 0.1026
vt 0.0252 0.0926
vt 0.0563 0.0924
vt 0.0518 0.0784
vt 0.0261 0.1532
vt 0.0418 0.1454
vt 0.0346 0.1338
vt 0.0157 0.1418
vt 0.1425 0.0520
vt 0.1466 0.0393
vt 0.1350 0.0365
vt 0.1283 0.0480
vt 0.0065 0.0882
vt 0.0460 0.2349
vt 0.0671 0.2341
vt 0.0184 0.0485
vt 0.0699 0.1774
vt 0.0686 0.1664
vt 0.0604 0.1674
vt 0.0270 0.1120
vt 0.0559 0.1010
vt 0.0268 0.1022
vt 0.0391 0.0270
vt 0.0451 0.3567
vt 0.0415 0.3604
vt 0.0091 0.1297
vt 0.0296 0.1225
vt 0.0060 0.1182
vt 0.2324 0.2457
vt 0.2410 0.2202
vt 0.2310 0.2172
vt 0.2233 0.2400
vt 0.0061 0.1082
vt 0.0493 0.3558
vt 0.1808 0.1474
vt 0.1656 0.1635
vt 0.1792 0.1664
vt 0.1917 0.1530
vt 0.0394 0.1629
vt 0.0506 0.1567
vt 0.0661 0.1552
vt 0.0546 0.1708
vt 0.0630 0.1440
vt 0.0864 0.1477
vt 0.0887 0.1368
vt 0.0600 0.1328
vt 0.0990 0.1544
vt 0.1150 0.1515
vt 0.1193 0.1403
vt 0.0967 0.1438
vt 0.0499 0.0646
vt 0.0777 0.0616
vt 0.0706 0.0497
vt 0.2352 0.2004
vt 0.2331 0.1910
vt 0.2217 0.1939
vt 0.2242 0.2019
vt 0.1586 0.0766
vt 0.1896 0.0657
vt 0.1855 0.0538
vt 0.1600 0.0627
vt 0.0831 0.1984
vt 0.1108 0.1954
vt 0.1089 0.1820
vt 0.0814 0.1849
vt 0.2022 0.1887
vt 0.2092 0.1901
vt 0.2079 0.1827
vt 0.2003 0.1807
vt 0.1290 0.1534
vt 0.1383 0.1601
vt 0.1517 0.1512
vt 0.1385 0.1424
vt 0.0771 0.1682
vt 0.0826 0.1583
vt 0.0871 0.2466
vt 0.1016 0.2419
vt 0.1068 0.2300
vt 0.0871 0.2353
vt 0.2205 0.2164
vt 0.2456 0.2012
vt 0.0231 0.2443
vt 0.0309 0.2381
vt 0.0252 0.2289
vt 0.0147 0.2342
vt 0.0862 0.2238
vt 0.1099 0.2190
vt 0.1111 0.2077
vt 0.0847 0.2115
vt 0.1818 0.0433
vt 0.1799 0.0327
vt 0.1627 0.0374
vt 0.1615 0.0497
vt 0.2114 0.1970
vt 0.2024 0.1973
vt 0.2016 0.2031
vt 0.2126 0.2037
vt 0.1535 0.1110
vt 0.1715 0.1191
vt 0.1718 0.1103
vt 0.1538 0.1025
vt 0.0095 0.2232
vt 0.0220 0.2189
vt 0.0207 0.2073
vt 0.0065 0.2092
vt 0.2116 0.1740
vt 0.2038 0.1713
vt 0.2106 0.2160
vt 0.2008 0.2134
vt 0.1979 0.2261
vt 0.2059 0.2310
vt 0.1186 0.0606
vt 0.1365 0.0659
vt 0.0353 0.2541
vt 0.0397 0.2474
vt 0.0518 0.2570
vt 0.0664 0.2661
vt 0.0500 0.2612
vt 0.2142 0.2352
vt 0.1459 0.1312
vt 0.1232 0.1295
vt 0.1509 0.1206
vt 0.1686 0.1297
vt 0.1453 0.1786
vt 0.1503 0.1953
vt 0.1631 0.1943
vt 0.1586 0.1794
vt 0.1287 0.1959
vt 0.1282 0.1805
vt 0.1262 0.1191
vt 0.1078 0.1738
vt 0.1183 0.1639
vt 0.1109 0.1628
vt 0.1923 0.2092
vt 0.1906 0.2218
vt 0.1109 0.2417
vt 0.1135 0.2489
vt 0.1250 0.2348
vt 0.1195 0.2290
vt 0.1528 0.1604
vt 0.2185 0.1645
vt 0.2109 0.1617
vt 0.1232 0.1675
vt 0.1407 0.1922
vt 0.1415 0.1727
vt 0.0886 0.1040
vt 0.1735 0.1797
vt 0.1907 0.1895
vt 0.1877 0.1798
vt 0.1921 0.1689
vt 0.2014 0.1579
vt 0.1906 0.1999
vt 0.1775 0.1921
vt 0.1274 0.2079
vt 0.0833 0.2708
vt 0.0937 0.2553
vt 0.0860 0.2583
vt 0.0632 0.0377
vt 0.0576 0.0272
vt 0.1375 0.2084
vt 0.1922 0.1947
vt 0.0940 0.0882
vt 0.0856 0.0748
vt 0.0985 0.2561
vt 0.0993 0.2607
vt 0.1621 0.1408
vt 0.1695 0.1422
vt 0.1015 0.0876
vt 0.1259 0.0943
vt 0.1304 0.0807
vt 0.1088 0.0746
vt 0.1246 0.2183
vt 0.1326 0.2213
vt 0.0213 0.1933
vt 0.0061 0.1925
vt 0.1027 0.1644
vt 0.1577 0.0902
vt 0.1794 0.0238
vt 0.1624 0.0285
vt 0.0728 0.1844
vt 0.0435 0.1889
vt 0.1519 0.2491
vt 0.1643 0.2556
vt 0.1643 0.2449
vt 0.1506 0.2383
vt 0.0955 0.1331
vt 0.0953 0.1225
vt 0.0568 0.3951
vt 0.0519 0.3839
vt 0.0451 0.3872
vt 0.0455 0.4005
vt 0.1924 0.0783
vt 0.0214 0.3720
vt 0.0309 0.3701
vt 0.0325 0.3606
vt 0.0242 0.3561
vt 0.0337 0.3976
vt 0.0381 0.3854
vt 0.0329 0.3792
vt 0.0250 0.3872
vt 0.1471 0.0307
vt 0.1360 0.0287
vt 0.0650 0.3829
vt 0.0568 0.3766
vt 0.0374 0.3532
vt 0.0324 0.3439
vt 0.1341 0.2427
vt 0.1429 0.2451
vt 0.1432 0.2359
vt 0.1366 0.2335
vt 0.0678 0.3670
vt 0.0584 0.3671
vt 0.1805 0.2487
vt 0.1893 0.2447
vt 0.1890 0.2356
vt 0.1816 0.2378
vt 0.0439 0.3385
vt 0.0442 0.3500
vt 0.0511 0.3518
vt 0.0555 0.3414
vt 0.0643 0.3518
vt 0.0563 0.3580
vt 0.0453 0.4005
vt 0.2439 0.1901
vt 0.0437 0.3385
vt 0.1453 0.2555
vt 0.1512 0.2591
vt 0.1872 0.2554
vt 0.1939 0.2547
vt 0.1978 0.2429
vt 0.1780 0.2254
vt 0.1762 0.2174
vt 0.1689 0.2202
vt 0.1688 0.2299
vt 0.1634 0.2305
vt 0.1631 0.2205
vt 0.1556 0.2173
vt 0.1539 0.2257
vt 0.2311 0.1425
vt 0.2436 0.1304
vt 0.2468 0.1133
vt 0.2311 0.1140
vt 0.1681 0.2444
vt 0.1469 0.2231
vt 0.1452 0.2296
vt 0.1956 0.2337
vt 0.1692 0.2655
vt 0.1812 0.2588
vt 0.1681 0.2551
vt 0.1483 0.2662
vt 0.1598 0.2731
vt 0.1631 0.2658
vt 0.2468 0.0958
vt 0.2311 0.0842
vt 0.2087 0.1139
vt 0.2243 0.1131
vt 0.2243 0.0833
vt 0.2087 0.0964
vt 0.1870 0.2299
vt 0.1383 0.2544
vt 0.2243 0.0723
vt 0.2243 0.0428
vt 0.2118 0.0563
vt 0.2087 0.0731
vt 0.1511 0.2151
vt 0.1806 0.2156
vt 0.1715 0.2127
vt 0.1839 0.2667
vt 0.1850 0.2235
vt 0.2468 0.0725
vt 0.2311 0.0732
vt 0.1604 0.2122
vt 0.1723 0.2736
vt 0.2118 0.1307
vt 0.2243 0.1416
vt 0.2436 0.0559
vt 0.2311 0.0437
vt 0.0942 0.3479
vt 0.0999 0.3452
vt 0.1343 0.3448
vt 0.1296 0.3515
vt 0.1951 0.3630
vt 0.2042 0.3625
vt 0.2153 0.3744
vt 0.1999 0.3723
vt 0.2968 0.2068
vt 0.2954 0.2247
vt 0.2747 0.2240
vt 0.2748 0.2050
vt 0.2229 0.3922
vt 0.2081 0.3935
vt 0.2561 0.3813
vt 0.2670 0.3874
vt 0.2575 0.3927
vt 0.1624 0.3869
vt 0.1333 0.3800
vt 0.1281 0.3685
vt 0.1550 0.3713
vt 0.2880 0.2444
vt 0.2746 0.2575
vt 0.2527 0.2042
vt 0.2540 0.2223
vt 0.2565 0.1396
vt 0.2750 0.1395
vt 0.2749 0.1678
vt 0.2539 0.1677
vt 0.2639 0.3504
vt 0.2631 0.3456
vt 0.2734 0.3408
vt 0.2757 0.3436
vt 0.1692 0.3304
vt 0.1618 0.3448
vt 0.1396 0.3342
vt 0.2958 0.1701
vt 0.2969 0.1811
vt 0.2748 0.1865
vt 0.2527 0.1785
vt 0.1239 0.3613
vt 0.1497 0.3626
vt 0.2405 0.3695
vt 0.2571 0.3765
vt 0.2435 0.3778
vt 0.2487 0.3949
vt 0.2752 0.0830
vt 0.2651 0.0824
vt 0.2753 0.0411
vt 0.2258 0.3663
vt 0.2293 0.3750
vt 0.2614 0.2428
vt 0.2018 0.3571
vt 0.2071 0.3485
vt 0.2224 0.3480
vt 0.2109 0.3585
vt 0.2893 0.1151
vt 0.2752 0.1137
vt 0.2852 0.0835
vt 0.2609 0.1135
vt 0.0892 0.3615
vt 0.0947 0.3648
vt 0.1717 0.3624
vt 0.1777 0.3719
vt 0.2696 0.3847
vt 0.2476 0.3554
vt 0.2508 0.3476
vt 0.1782 0.3553
vt 0.1848 0.3466
vt 0.1578 0.2997
vt 0.1531 0.2994
vt 0.1550 0.2911
vt 0.1597 0.2905
vt 0.2328 0.3571
vt 0.2366 0.3489
vt 0.2335 0.3942
vt 0.2405 0.3306
vt 0.2298 0.3315
vt 0.2644 0.3346
vt 0.0180 0.3250
vt 0.0126 0.3233
vt 0.0144 0.3204
vt 0.0187 0.3217
vt 0.2152 0.3287
vt 0.1483 0.3043
vt 0.1501 0.3107
vt 0.1460 0.3090
vt 0.1447 0.3043
vt 0.1877 0.3921
vt 0.2934 0.1417
vt 0.0073 0.3070
vt 0.0091 0.3135
vt 0.0051 0.3117
vt 0.0039 0.3070
vt 0.1948 0.3279
vt 0.2558 0.3314
vt 0.1679 0.3123
vt 0.1597 0.3129
vt 0.1578 0.3042
vt 0.1666 0.3040
vt 0.1560 0.3528
vt 0.0267 0.2931
vt 0.0183 0.2929
vt 0.0181 0.2859
vt 0.0265 0.2862
vt 0.0374 0.3014
vt 0.0377 0.2931
vt 0.0597 0.2928
vt 0.0592 0.3008
vt 0.1557 0.2848
vt 0.1508 0.2870
vt 0.1491 0.2839
vt 0.1544 0.2809
vt 0.1284 0.3219
vt 0.1268 0.3161
vt 0.1316 0.3129
vt 0.1336 0.3169
vt 0.2295 0.2835
vt 0.2298 0.2791
vt 0.2526 0.2776
vt 0.2517 0.2825
vt 0.0377 0.2864
vt 0.0380 0.2824
vt 0.0601 0.2824
vt 0.0600 0.2862
vt 0.2617 0.3133
vt 0.2615 0.3033
vt 0.2687 0.3034
vt 0.2683 0.3117
vt 0.1779 0.3039
vt 0.1789 0.3119
vt 0.0887 0.3225
vt 0.0872 0.3157
vt 0.1098 0.3196
vt 0.1119 0.3263
vt 0.0381 0.3209
vt 0.0375 0.3150
vt 0.0597 0.3147
vt 0.0607 0.3206
vt 0.0138 0.3150
vt 0.0095 0.3180
vt 0.2284 0.2910
vt 0.2503 0.2905
vt 0.2508 0.3130
vt 0.2497 0.3032
vt 0.2609 0.3007
vt 0.2614 0.2903
vt 0.2680 0.2915
vt 0.2679 0.3002
vt 0.1603 0.2835
vt 0.1598 0.2792
vt 0.2729 0.2939
vt 0.2729 0.2994
vt 0.1126 0.3302
vt 0.1219 0.3257
vt 0.1236 0.3306
vt 0.2627 0.2825
vt 0.2688 0.2849
vt 0.1204 0.3200
vt 0.1205 0.2787
vt 0.1212 0.2726
vt 0.1304 0.2784
vt 0.1273 0.2824
vt 0.1073 0.3061
vt 0.1190 0.3060
vt 0.0872 0.2791
vt 0.0873 0.2836
vt 0.2301 0.3189
vt 0.2289 0.3124
vt 0.2523 0.3199
vt 0.2628 0.3197
vt 0.2012 0.2917
vt 0.2021 0.2852
vt 0.0172 0.2817
vt 0.0266 0.2820
vt 0.0265 0.3153
vt 0.0184 0.3159
vt 0.0166 0.3071
vt 0.0253 0.3070
vt 0.0262 0.3018
vt 0.0175 0.3022
vt 0.2491 0.3007
vt 0.1682 0.3183
vt 0.1600 0.3188
vt 0.0269 0.3213
vt 0.2647 0.2777
vt 0.1088 0.2865
vt 0.1098 0.2785
vt 0.1197 0.2857
vt 0.0867 0.2912
vt 0.0860 0.3007
vt 0.1667 0.2997
vt 0.1681 0.2911
vt 0.2023 0.2814
vt 0.1266 0.2891
vt 0.1327 0.2867
vt 0.1317 0.2912
vt 0.1503 0.2922
vt 0.2739 0.3032
vt 0.2736 0.3086
vt 0.1684 0.3217
vt 0.1795 0.3178
vt 0.1798 0.3210
vt 0.0509 0.3556
vt 0.0536 0.3600
vt 0.0445 0.3691
vt 0.2014 0.3115
vt 0.2002 0.3038
vt 0.2272 0.3035
vt 0.1261 0.3059
vt 0.1312 0.3058
vt 0.2717 0.2812
vt 0.2765 0.2871
vt 0.2741 0.2894
vt 0.0274 0.3248
vt 0.0611 0.3237
vt 0.0888 0.3262
vt 0.1687 0.2842
vt 0.1689 0.2800
vt 0.1791 0.2914
vt 0.1780 0.2997
vt 0.2022 0.3204
vt 0.2021 0.3173
vt 0.2300 0.3225
vt 0.1590 0.3221
vt 0.0365 0.3069
vt 0.0584 0.3068
vt 0.0851 0.3065
vt 0.2001 0.2997
vt 0.1555 0.3175
vt 0.1504 0.3153
vt 0.1550 0.3121
vt 0.0072 0.3202
vt 0.0389 0.3242
vt 0.0137 0.2873
vt 0.0091 0.2897
vt 0.0072 0.2869
vt 0.0122 0.2836
vt 0.1486 0.2988
vt 0.0092 0.2950
vt 0.0083 0.3017
vt 0.0050 0.3013
vt 0.0057 0.2964
vt 0.1202 0.3002
vt 0.1272 0.2994
vt 0.2688 0.3173
vt 0.1103 0.2737
vt 0.2649 0.3234
vt 0.2722 0.3201
vt 0.1326 0.3247
vt 0.1530 0.3043
vt 0.1083 0.3005
vt 0.0138 0.2937
vt 0.0119 0.3071
vt 0.0128 0.3020
vt 0.1479 0.3175
vt 0.1438 0.3141
vt 0.1459 0.3125
vt 0.1535 0.3205
vt 0.2269 0.3003
vt 0.1803 0.2808
vt 0.1798 0.2847
vt 0.1351 0.2842
vt 0.0467 0.3542
vt 0.0419 0.3562
vt 0.1367 0.3186
vt 0.2749 0.3125
vt 0.0427 0.3819
vt 0.0384 0.3805
vt 0.0450 0.3785
vt 0.0471 0.3671
vt 0.0491 0.3776
vt 0.0474 0.3798
vt 0.0514 0.3749
vt 0.0030 0.3166
vt 0.0050 0.3151
vt 0.0054 0.2925
vt 0.0036 0.2905
vt 0.2776 0.3142
vt 0.0528 0.3579
vt 0.0549 0.3625
vt 0.0549 0.3684
vt 0.0527 0.3739
vt 0.0379 0.3612
vt 0.0536 0.3684
vt 0.1322 0.2984
vt 0.0357 0.3760
vt 0.0353 0.3697
vt 0.2529 0.3238
vt 0.0394 0.3717
vt 0.0394 0.3659
vt 0.0415 0.3763
vt 0.0486 0.0518
vt 0.0295 0.0512
vt 0.0286 0.0374
vt 0.0446 0.0385
vt 0.0421 0.2138
vt 0.0422 0.2018
vt 0.0719 0.1973
vt 0.0705 0.2102
vt 0.0574 0.2551
vt 0.0506 0.2449
vt 0.0660 0.2450
vt 0.0656 0.2556
vt 0.0433 0.2247
vt 0.0688 0.2225
vt 0.1465 0.2935
vt 0.1466 0.2895
vt 0.1451 0.2873
vt 0.1453 0.2983
vt 0.0576 0.1218
vt 0.0561 0.1112
vt 0.0895 0.1147
vt 0.0897 0.1258
vt 0.0078 0.0742
vt 0.0130 0.0607
vt 0.0266 0.0648
vt 0.0241 0.0786
vt 0.0192 0.0367
vt 0.0152 0.0238
vt 0.0240 0.0238
vt 0.0957 0.1123
vt 0.0962 0.1026
vt 0.1277 0.1001
vt 0.1278 0.1093
vt 0.0252 0.0926
vt 0.0518 0.0784
vt 0.0563 0.0924
vt 0.0261 0.1532
vt 0.0157 0.1418
vt 0.0346 0.1338
vt 0.0418 0.1454
vt 0.1425 0.0520
vt 0.1283 0.0480
vt 0.1350 0.0365
vt 0.1466 0.0393
vt 0.0065 0.0882
vt 0.0460 0.2349
vt 0.0671 0.2341
vt 0.0184 0.0485
vt 0.0699 0.1774
vt 0.0604 0.1674
vt 0.0686 0.1664
vt 0.0270 0.1120
vt 0.0268 0.1022
vt 0.0559 0.1010
vt 0.0391 0.0270
vt 0.0451 0.3567
vt 0.0415 0.3604
vt 0.0091 0.1297
vt 0.0060 0.1182
vt 0.0296 0.1225
vt 0.2324 0.2457
vt 0.2233 0.2400
vt 0.2310 0.2172
vt 0.2410 0.2202
vt 0.0061 0.1082
vt 0.0493 0.3558
vt 0.1808 0.1474
vt 0.1917 0.1530
vt 0.1792 0.1664
vt 0.1656 0.1635
vt 0.0394 0.1629
vt 0.0506 0.1567
vt 0.0661 0.1552
vt 0.0546 0.1708
vt 0.0630 0.1440
vt 0.0600 0.1328
vt 0.0887 0.1368
vt 0.0864 0.1477
vt 0.0990 0.1544
vt 0.0967 0.1438
vt 0.1193 0.1403
vt 0.1150 0.1515
vt 0.0499 0.0646
vt 0.0706 0.0497
vt 0.0777 0.0616
vt 0.2352 0.2004
vt 0.2242 0.2019
vt 0.2217 0.1939
vt 0.2331 0.1910
vt 0.1586 0.0766
vt 0.1600 0.0627
vt 0.1855 0.0538
vt 0.1896 0.0657
vt 0.0831 0.1984
vt 0.0814 0.1849
vt 0.1089 0.1820
vt 0.1108 0.1954
vt 0.2022 0.1887
vt 0.2003 0.1807
vt 0.2079 0.1827
vt 0.2092 0.1901
vt 0.1290 0.1534
vt 0.1385 0.1424
vt 0.1517 0.1512
vt 0.1383 0.1601
vt 0.0826 0.1583
vt 0.0771 0.1682
vt 0.0871 0.2466
vt 0.0871 0.2353
vt 0.1068 0.2300
vt 0.1016 0.2419
vt 0.2205 0.2164
vt 0.2456 0.2012
vt 0.0231 0.2443
vt 0.0147 0.2342
vt 0.0252 0.2289
vt 0.0309 0.2381
vt 0.0862 0.2238
vt 0.0847 0.2115
vt 0.1111 0.2077
vt 0.1099 0.2190
vt 0.1818 0.0433
vt 0.1615 0.0497
vt 0.1627 0.0374
vt 0.1799 0.0327
vt 0.2114 0.1970
vt 0.2126 0.2037
vt 0.2016 0.2031
vt 0.2024 0.1973
vt 0.1535 0.1110
vt 0.1538 0.1025
vt 0.1718 0.1103
vt 0.1715 0.1191
vt 0.0095 0.2232
vt 0.0065 0.2092
vt 0.0207 0.2073
vt 0.0220 0.2189
vt 0.2038 0.1713
vt 0.2116 0.1740
vt 0.2106 0.2160
vt 0.2059 0.2310
vt 0.1979 0.2261
vt 0.2008 0.2134
vt 0.1186 0.0606
vt 0.1365 0.0659
vt 0.0353 0.2541
vt 0.0397 0.2474
vt 0.0518 0.2570
vt 0.0664 0.2661
vt 0.0500 0.2612
vt 0.2142 0.2352
vt 0.1232 0.1295
vt 0.1459 0.1312
vt 0.1509 0.1206
vt 0.1686 0.1297
vt 0.1453 0.1786
vt 0.1586 0.1794
vt 0.1631 0.1943
vt 0.1503 0.1953
vt 0.1282 0.1805
vt 0.1287 0.1959
vt 0.1262 0.1191
vt 0.1078 0.1738
vt 0.1109 0.1628
vt 0.1183 0.1639
vt 0.1906 0.2218
vt 0.1923 0.2092
vt 0.1109 0.2417
vt 0.1195 0.2290
vt 0.1250 0.2348
vt 0.1135 0.2489
vt 0.1528 0.1604
vt 0.2109 0.1617
vt 0.2185 0.1645
vt 0.1232 0.1675
vt 0.1415 0.1727
vt 0.1407 0.1922
vt 0.0886 0.1040
vt 0.1735 0.1797
vt 0.1907 0.1895
vt 0.1877 0.1798
vt 0.2014 0.1579
vt 0.1921 0.1689
vt 0.1906 0.1999
vt 0.1775 0.1921
vt 0.1274 0.2079
vt 0.0833 0.2708
vt 0.0860 0.2583
vt 0.0937 0.2553
vt 0.0632 0.0377
vt 0.0576 0.0272
vt 0.1375 0.2084
vt 0.1922 0.1947
vt 0.0856 0.0748
vt 0.0940 0.0882
vt 0.0985 0.2561
vt 0.0993 0.2607
vt 0.1621 0.1408
vt 0.1695 0.1422
vt 0.1015 0.0876
vt 0.1088 0.0746
vt 0.1304 0.0807
vt 0.1259 0.0943
vt 0.1246 0.2183
vt 0.1326 0.2213
vt 0.0061 0.1925
vt 0.0213 0.1933
vt 0.1027 0.1644
vt 0.1577 0.0902
vt 0.1624 0.0285
vt 0.1794 0.0238
vt 0.0435 0.1889
vt 0.0728 0.1844
vt 0.1519 0.2491
vt 0.1506 0.2383
vt 0.1643 0.2449
vt 0.1643 0.2556
vt 0.0955 0.1331
vt 0.0953 0.1225
vt 0.0568 0.3951
vt 0.0455 0.4005
vt 0.0451 0.3872
vt 0.0519 0.3839
vt 0.1924 0.0783
vt 0.0214 0.3720
vt 0.0242 0.3561
vt 0.0325 0.3606
vt 0.0309 0.3701
vt 0.0337 0.3976
vt 0.0250 0.3872
vt 0.0329 0.3792
vt 0.0381 0.3854
vt 0.1360 0.0287
vt 0.1471 0.0307
vt 0.0650 0.3829
vt 0.0568 0.3766
vt 0.0324 0.3439
vt 0.0374 0.3532
vt 0.1341 0.2427
vt 0.1366 0.2335
vt 0.1432 0.2359
vt 0.1429 0.2451
vt 0.0678 0.3670
vt 0.0584 0.3671
vt 0.1805 0.2487
vt 0.1816 0.2378
vt 0.1890 0.2356
vt 0.1893 0.2447
vt 0.0439 0.3385
vt 0.0555 0.3414
vt 0.0511 0.3518
vt 0.0442 0.3500
vt 0.0643 0.3518
vt 0.0563 0.3580
vt 0.0453 0.4005
vt 0.2439 0.1901
vt 0.0437 0.3385
vt 0.1453 0.2555
vt 0.1512 0.2591
vt 0.1872 0.2554
vt 0.1978 0.2429
vt 0.1939 0.2547
vt 0.1780 0.2254
vt 0.1688 0.2299
vt 0.1689 0.2202
vt 0.1762 0.2174
vt 0.1634 0.2305
vt 0.1539 0.2257
vt 0.1556 0.2173
vt 0.1631 0.2205
vt 0.2311 0.1425
vt 0.2311 0.1140
vt 0.2468 0.1133
vt 0.2436 0.1304
vt 0.1681 0.2444
vt 0.1452 0.2296
vt 0.1469 0.2231
vt 0.1956 0.2337
vt 0.1692 0.2655
vt 0.1681 0.2551
vt 0.1812 0.2588
vt 0.1483 0.2662
vt 0.1631 0.2658
vt 0.1598 0.2731
vt 0.2311 0.0842
vt 0.2468 0.0958
vt 0.2087 0.1139
vt 0.2087 0.0964
vt 0.2243 0.0833
vt 0.2243 0.1131
vt 0.1870 0.2299
vt 0.1383 0.2544
vt 0.2243 0.0723
vt 0.2087 0.0731
vt 0.2118 0.0563
vt 0.2243 0.0428
vt 0.1511 0.2151
vt 0.1806 0.2156
vt 0.1715 0.2127
vt 0.1839 0.2667
vt 0.1850 0.2235
vt 0.2311 0.0732
vt 0.2468 0.0725
vt 0.1604 0.2122
vt 0.1723 0.2736
vt 0.2118 0.1307
vt 0.2243 0.1416
vt 0.2311 0.0437
vt 0.2436 0.0559
vt 0.0942 0.3479
vt 0.1296 0.3515
vt 0.1343 0.3448
vt 0.0999 0.3452
vt 0.1951 0.3630
vt 0.1999 0.3723
vt 0.2153 0.3744
vt 0.2042 0.3625
vt 0.2968 0.2068
vt 0.2748 0.2050
vt 0.2747 0.2240
vt 0.2954 0.2247
vt 0.2229 0.3922
vt 0.2081 0.3935
vt 0.2561 0.3813
vt 0.2575 0.3927
vt 0.2670 0.3874
vt 0.1624 0.3869
vt 0.1550 0.3713
vt 0.1281 0.3685
vt 0.1333 0.3800
vt 0.2880 0.2444
vt 0.2746 0.2575
vt 0.2527 0.2042
vt 0.2540 0.2223
vt 0.2565 0.1396
vt 0.2539 0.1677
vt 0.2749 0.1678
vt 0.2750 0.1395
vt 0.2639 0.3504
vt 0.2757 0.3436
vt 0.2734 0.3408
vt 0.2631 0.3456
vt 0.1692 0.3304
vt 0.1396 0.3342
vt 0.1618 0.3448
vt 0.2958 0.1701
vt 0.2748 0.1865
vt 0.2969 0.1811
vt 0.2527 0.1785
vt 0.1497 0.3626
vt 0.1239 0.3613
vt 0.2405 0.3695
vt 0.2435 0.3778
vt 0.2571 0.3765
vt 0.2487 0.3949
vt 0.2752 0.0830
vt 0.2753 0.0411
vt 0.2651 0.0824
vt 0.2293 0.3750
vt 0.2258 0.3663
vt 0.2614 0.2428
vt 0.2018 0.3571
vt 0.2109 0.3585
vt 0.2224 0.3480
vt 0.2071 0.3485
vt 0.2893 0.1151
vt 0.2852 0.0835
vt 0.2752 0.1137
vt 0.2609 0.1135
vt 0.0892 0.3615
vt 0.0947 0.3648
vt 0.1777 0.3719
vt 0.1717 0.3624
vt 0.2696 0.3847
vt 0.2476 0.3554
vt 0.2508 0.3476
vt 0.1782 0.3553
vt 0.1848 0.3466
vt 0.1578 0.2997
vt 0.1597 0.2905
vt 0.1550 0.2911
vt 0.1531 0.2994
vt 0.2328 0.3571
vt 0.2366 0.3489
vt 0.2335 0.3942
vt 0.2405 0.3306
vt 0.2298 0.3315
vt 0.2644 0.3346
vt 0.0180 0.3250
vt 0.0187 0.3217
vt 0.0144 0.3204
vt 0.0126 0.3233
vt 0.2152 0.3287
vt 0.1483 0.3043
vt 0.1447 0.3043
vt 0.1460 0.3090
vt 0.1501 0.3107
vt 0.1877 0.3921
vt 0.2934 0.1417
vt 0.0073 0.3070
vt 0.0039 0.3070
vt 0.0051 0.3117
vt 0.0091 0.3135
vt 0.1948 0.3279
vt 0.2558 0.3314
vt 0.1679 0.3123
vt 0.1666 0.3040
vt 0.1578 0.3042
vt 0.1597 0.3129
vt 0.1560 0.3528
vt 0.0267 0.2931
vt 0.0265 0.2862
vt 0.0181 0.2859
vt 0.0183 0.2929
vt 0.0374 0.3014
vt 0.0592 0.3008
vt 0.0597 0.2928
vt 0.0377 0.2931
vt 0.1557 0.2848
vt 0.1544 0.2809
vt 0.1491 0.2839
vt 0.1508 0.2870
vt 0.1284 0.3219
vt 0.1336 0.3169
vt 0.1316 0.3129
vt 0.1268 0.3161
vt 0.2295 0.2835
vt 0.2517 0.2825
vt 0.2526 0.2776
vt 0.2298 0.2791
vt 0.0377 0.2864
vt 0.0600 0.2862
vt 0.0601 0.2824
vt 0.0380 0.2824
vt 0.2617 0.3133
vt 0.2683 0.3117
vt 0.2687 0.3034
vt 0.2615 0.3033
vt 0.1789 0.3119
vt 0.1779 0.3039
vt 0.0887 0.3225
vt 0.1119 0.3263
vt 0.1098 0.3196
vt 0.0872 0.3157
vt 0.0381 0.3209
vt 0.0607 0.3206
vt 0.0597 0.3147
vt 0.0375 0.3150
vt 0.0138 0.3150
vt 0.0095 0.3180
vt 0.2284 0.2910
vt 0.2503 0.2905
vt 0.2508 0.3130
vt 0.2497 0.3032
vt 0.2609 0.3007
vt 0.2679 0.3002
vt 0.2680 0.2915
vt 0.2614 0.2903
vt 0.1603 0.2835
vt 0.1598 0.2792
vt 0.2729 0.2994
vt 0.2729 0.2939
vt 0.1126 0.3302
vt 0.1236 0.3306
vt 0.1219 0.3257
vt 0.2688 0.2849
vt 0.2627 0.2825
vt 0.1204 0.3200
vt 0.1205 0.2787
vt 0.1273 0.2824
vt 0.1304 0.2784
vt 0.1212 0.2726
vt 0.1190 0.3060
vt 0.1073 0.3061
vt 0.0873 0.2836
vt 0.0872 0.2791
vt 0.2301 0.3189
vt 0.2523 0.3199
vt 0.2289 0.3124
vt 0.2628 0.3197
vt 0.2012 0.2917
vt 0.2021 0.2852
vt 0.0266 0.2820
vt 0.0172 0.2817
vt 0.0265 0.3153
vt 0.0253 0.3070
vt 0.0166 0.3071
vt 0.0184 0.3159
vt 0.0175 0.3022
vt 0.0262 0.3018
vt 0.2491 0.3007
vt 0.1682 0.3183
vt 0.1600 0.3188
vt 0.0269 0.3213
vt 0.2647 0.2777
vt 0.1088 0.2865
vt 0.1197 0.2857
vt 0.1098 0.2785
vt 0.0867 0.2912
vt 0.0860 0.3007
vt 0.1667 0.2997
vt 0.1681 0.2911
vt 0.2023 0.2814
vt 0.1266 0.2891
vt 0.1317 0.2912
vt 0.1327 0.2867
vt 0.1503 0.2922
vt 0.2736 0.3086
vt 0.2739 0.3032
vt 0.1684 0.3217
vt 0.1798 0.3210
vt 0.1795 0.3178
vt 0.0509 0.3556
vt 0.0445 0.3691
vt 0.0536 0.3600
vt 0.2014 0.3115
vt 0.2272 0.3035
vt 0.2002 0.3038
vt 0.1312 0.3058
vt 0.1261 0.3059
vt 0.2741 0.2894
vt 0.2765 0.2871
vt 0.2717 0.2812
vt 0.0274 0.3248
vt 0.0611 0.3237
vt 0.0888 0.3262
vt 0.1687 0.2842
vt 0.1689 0.2800
vt 0.1780 0.2997
vt 0.1791 0.2914
vt 0.2022 0.3204
vt 0.2300 0.3225
vt 0.2021 0.3173
vt 0.1590 0.3221
vt 0.0365 0.3069
vt 0.0851 0.3065
vt 0.0584 0.3068
vt 0.2001 0.2997
vt 0.1555 0.3175
vt 0.1550 0.3121
vt 0.1504 0.3153
vt 0.0072 0.3202
vt 0.0389 0.3242
vt 0.0137 0.2873
vt 0.0122 0.2836
vt 0.0072 0.2869
vt 0.0091 0.2897
vt 0.1486 0.2988
vt 0.0092 0.2950
vt 0.0057 0.2964
vt 0.0050 0.3013
vt 0.0083 0.3017
vt 0.1202 0.3002
vt 0.1272 0.2994
vt 0.2688 0.3173
vt 0.1103 0.2737
vt 0.2649 0.3234
vt 0.2722 0.3201
vt 0.1326 0.3247
vt 0.1530 0.3043
vt 0.1083 0.3005
vt 0.0138 0.2937
vt 0.0119 0.3071
vt 0.0128 0.3020
vt 0.1459 0.3125
vt 0.1438 0.3141
vt 0.1479 0.3175
vt 0.1535 0.3205
vt 0.2269 0.3003
vt 0.1798 0.2847
vt 0.1803 0.2808
vt 0.1351 0.2842
vt 0.0467 0.3542
vt 0.0419 0.3562
vt 0.1367 0.3186
vt 0.2749 0.3125
vt 0.0427 0.3819
vt 0.0384 0.3805
vt 0.0450 0.3785
vt 0.0491 0.3776
vt 0.0471 0.3671
vt 0.0474 0.3798
vt 0.0514 0.3749
vt 0.0050 0.3151
vt 0.0030 0.3166
vt 0.0036 0.2905
vt 0.0054 0.2925
vt 0.2776 0.3142
vt 0.0528 0.3579
vt 0.0549 0.3625
vt 0.0549 0.3684
vt 0.0527 0.3739
vt 0.0379 0.3612
vt 0.0536 0.3684
vt 0.1322 0.2984
vt 0.0357 0.3760
vt 0.0353 0.3697
vt 0.2529 0.3238
vt 0.0394 0.3717
vt 0.0394 0.3659
vt 0.0415 0.3763
vt 0.0486 0.0518
vt 0.0446 0.0385
vt 0.0286 0.0374
vt 0.0295 0.0512
vt 0.0421 0.2138
vt 0.0705 0.2102
vt 0.0719 0.1973
vt 0.0422 0.2018
vt 0.0574 0.2551
vt 0.0656 0.2556
vt 0.0660 0.2450
vt 0.0506 0.2449
vt 0.0433 0.2247
vt 0.0688 0.2225
vt 0.1466 0.2895
vt 0.1465 0.2935
vt 0.1451 0.2873
vt 0.1453 0.2983
vt 0.0576 0.1218
vt 0.0897 0.1258
vt 0.0895 0.1147
vt 0.0561 0.1112
vt 0.0078 0.0742
vt 0.0241 0.0786
vt 0.0266 0.0648
vt 0.0130 0.0607
vt 0.0240 0.0238
vt 0.0152 0.0238
vt 0.0192 0.0367
vt 0.0957 0.1123
vt 0.1278 0.1093
vt 0.1277 0.1001
vt 0.0962 0.1026
vt 0.0252 0.0926
vt 0.0563 0.0924
vt 0.0518 0.0784
vt 0.0261 0.1532
vt 0.0418 0.1454
vt 0.0346 0.1338
vt 0.0157 0.1418
vt 0.1425 0.0520
vt 0.1466 0.0393
vt 0.1350 0.0365
vt 0.1283 0.0480
vt 0.0065 0.0882
vt 0.0460 0.2349
vt 0.0671 0.2341
vt 0.0184 0.0485
vt 0.0699 0.1774
vt 0.0686 0.1664
vt 0.0604 0.1674
vt 0.0270 0.1120
vt 0.0559 0.1010
vt 0.0268 0.1022
vt 0.0391 0.0270
vt 0.0451 0.3567
vt 0.0415 0.3604
vt 0.0091 0.1297
vt 0.0296 0.1225
vt 0.0060 0.1182
vt 0.2324 0.2457
vt 0.2410 0.2202
vt 0.2310 0.2172
vt 0.2233 0.2400
vt 0.0061 0.1082
vt 0.0493 0.3558
vt 0.1808 0.1474
vt 0.1656 0.1635
vt 0.1792 0.1664
vt 0.1917 0.1530
vt 0.0394 0.1629
vt 0.0506 0.1567
vt 0.0661 0.1552
vt 0.0546 0.1708
vt 0.0630 0.1440
vt 0.0864 0.1477
vt 0.0887 0.1368
vt 0.0600 0.1328
vt 0.0990 0.1544
vt 0.1150 0.1515
vt 0.1193 0.1403
vt 0.0967 0.1438
vt 0.0499 0.0646
vt 0.0777 0.0616
vt 0.0706 0.0497
vt 0.2352 0.2004
vt 0.2331 0.1910
vt 0.2217 0.1939
vt 0.2242 0.2019
vt 0.1586 0.0766
vt 0.1896 0.0657
vt 0.1855 0.0538
vt 0.1600 0.0627
vt 0.0831 0.1984
vt 0.1108 0.1954
vt 0.1089 0.1820
vt 0.0814 0.1849
vt 0.2022 0.1887
vt 0.2092 0.1901
vt 0.2079 0.1827
vt 0.2003 0.1807
vt 0.1290 0.1534
vt 0.1383 0.1601
vt 0.1517 0.1512
vt 0.1385 0.1424
vt 0.0771 0.1682
vt 0.0826 0.1583
vt 0.0871 0.2466
vt 0.1016 0.2419
vt 0.1068 0.2300
vt 0.0871 0.2353
vt 0.2205 0.2164
vt 0.2456 0.2012
vt 0.0231 0.2443
vt 0.0309 0.2381
vt 0.0252 0.2289
vt 0.0147 0.2342
vt 0.0862 0.2238
vt 0.1099 0.2190
vt 0.1111 0.2077
vt 0.0847 0.2115
vt 0.1818 0.0433
vt 0.1799 0.0327
vt 0.1627 0.0374
vt 0.1615 0.0497
vt 0.2114 0.1970
vt 0.2024 0.1973
vt 0.2016 0.2031
vt 0.2126 0.2037
vt 0.1535 0.1110
vt 0.1715 0.1191
vt 0.1718 0.1103
vt 0.1538 0.1025
vt 0.0095 0.2232
vt 0.0220 0.2189
vt 0.0207 0.2073
vt 0.0065 0.2092
vt 0.2116 0.1740
vt 0.2038 0.1713
vt 0.2106 0.2160
vt 0.2008 0.2134
vt 0.1979 0.2261
vt 0.2059 0.2310
vt 0.1186 0.0606
vt 0.1365 0.0659
vt 0.0353 0.2541
vt 0.0397 0.2474
vt 0.0518 0.2570
vt 0.0664 0.2661
vt 0.0500 0.2612
vt 0.2142 0.2352
vt 0.1459 0.1312
vt 0.1232 0.1295
vt 0.1509 0.1206
vt 0.1686 0.1297
vt 0.1453 0.1786
vt 0.1503 0.1953
vt 0.1631 0.1943
vt 0.1586 0.1794
vt 0.1287 0.1959
vt 0.1282 0.1805
vt 0.1262 0.1191
vt 0.1078 0.1738
vt 0.1183 0.1639
vt 0.1109 0.1628
vt 0.1923 0.2092
vt 0.1906 0.2218
vt 0.1109 0.2417
vt 0.1135 0.2489
vt 0.1250 0.2348
vt 0.1195 0.2290
vt 0.1528 0.1604
vt 0.2185 0.1645
vt 0.2109 0.1617
vt 0.1232 0.1675
vt 0.1407 0.1922
vt 0.1415 0.1727
vt 0.0886 0.1040
vt 0.1735 0.1797
vt 0.1907 0.1895
vt 0.1877 0.1798
vt 0.1921 0.1689
vt 0.2014 0.1579
vt 0.1906 0.1999
vt 0.1775 0.1921
vt 0.1274 0.2079
vt 0.0833 0.2708
vt 0.0937 0.2553
vt 0.0860 0.2583
vt 0.0632 0.0377
vt 0.0576 0.0272
vt 0.1375 0.2084
vt 0.1922 0.1947
vt 0.0940 0.0882
vt 0.0856 0.0748
vt 0.0985 0.2561
vt 0.0993 0.2607
vt 0.1621 0.1408
vt 0.1695 0.1422
vt 0.1015 0.0876
vt 0.1259 0.0943
vt 0.1304 0.0807
vt 0.1088 0.0746
vt 0.1246 0.2183
vt 0.1326 0.2213
vt 0.0213 0.1933
vt 0.0061 0.1925
vt 0.1027 0.1644
vt 0.1577 0.0902
vt 0.1794 0.0238
vt 0.1624 0.0285
vt 0.0728 0.1844
vt 0.0435 0.1889
vt 0.1519 0.2491
vt 0.1643 0.2556
vt 0.1643 0.2449
vt 0.1506 0.2383
vt 0.0955 0.1331
vt 0.0953 0.1225
vt 0.0568 0.3951
vt 0.0519 0.3839
vt 0.0451 0.3872
vt 0.0455 0.4005
vt 0.1924 0.0783
vt 0.0214 0.3720
vt 0.0309 0.3701
vt 0.0325 0.3606
vt 0.0242 0.3561
vt 0.0337 0.3976
vt 0.0381 0.3854
vt 0.0329 0.3792
vt 0.0250 0.3872
vt 0.1471 0.0307
vt 0.1360 0.0287
vt 0.0650 0.3829
vt 0.0568 0.3766
vt 0.0374 0.3532
vt 0.0324 0.3439
vt 0.1341 0.2427
vt 0.1429 0.2451
vt 0.1432 0.2359
vt 0.1366 0.2335
vt 0.0678 0.3670
vt 0.0584 0.3671
vt 0.1805 0.2487
vt 0.1893 0.2447
vt 0.1890 0.2356
vt 0.1816 0.2378
vt 0.0439 0.3385
vt 0.0442 0.3500
vt 0.0511 0.3518
vt 0.0555 0.3414
vt 0.0643 0.3518
vt 0.0563 0.3580
vt 0.0453 0.4005
vt 0.2439 0.1901
vt 0.0437 0.3385
vt 0.1453 0.2555
vt 0.1512 0.2591
vt 0.1872 0.2554
vt 0.1939 0.2547
vt 0.1978 0.2429
vt 0.1780 0.2254
vt 0.1762 0.2174
vt 0.1689 0.2202
vt 0.1688 0.2299
vt 0.1634 0.2305
vt 0.1631 0.2205
vt 0.1556 0.2173
vt 0.1539 0.2257
vt 0.2311 0.1425
vt 0.2436 0.1304
vt 0.2468 0.1133
vt 0.2311 0.1140
vt 0.1681 0.2444
vt 0.1469 0.2231
vt 0.1452 0.2296
vt 0.1956 0.2337
vt 0.1692 0.2655
vt 0.1812 0.2588
vt 0.1681 0.2551
vt 0.1483 0.2662
vt 0.1598 0.2731
vt 0.1631 0.2658
vt 0.2468 0.0958
vt 0.2311 0.0842
vt 0.2087 0.1139
vt 0.2243 0.1131
vt 0.2243 0.0833
vt 0.2087 0.0964
vt 0.1870 0.2299
vt 0.1383 0.2544
vt 0.2243 0.0723
vt 0.2243 0.0428
vt 0.2118 0.0563
vt 0.2087 0.0731
vt 0.1511 0.2151
vt 0.1806 0.2156
vt 0.1715 0.2127
vt 0.1839 0.2667
vt 0.1850 0.2235
vt 0.2468 0.0725
vt 0.2311 0.0732
vt 0.1604 0.2122
vt 0.1723 0.2736
vt 0.2118 0.1307
vt 0.2243 0.1416
vt 0.2436 0.0559
vt 0.2311 0.0437
vt 0.0942 0.3479
vt 0.1296 0.3515
vt 0.1343 0.3448
vt 0.0999 0.3452
vt 0.1951 0.3630
vt 0.1999 0.3723
vt 0.2153 0.3744
vt 0.2042 0.3625
vt 0.2968 0.2068
vt 0.2748 0.2050
vt 0.2747 0.2240
vt 0.2954 0.2247
vt 0.2229 0.3922
vt 0.2081 0.3935
vt 0.2561 0.3813
vt 0.2575 0.3927
vt 0.2670 0.3874
vt 0.1624 0.3869
vt 0.1550 0.3713
vt 0.1281 0.3685
vt 0.1333 0.3800
vt 0.2880 0.2444
vt 0.2746 0.2575
vt 0.2527 0.2042
vt 0.2540 0.2223
vt 0.2565 0.1396
vt 0.2539 0.1677
vt 0.2749 0.1678
vt 0.2750 0.1395
vt 0.2639 0.3504
vt 0.2757 0.3436
vt 0.2734 0.3408
vt 0.2631 0.3456
vt 0.1692 0.3304
vt 0.1396 0.3342
vt 0.1618 0.3448
vt 0.2958 0.1701
vt 0.2748 0.1865
vt 0.2969 0.1811
vt 0.2527 0.1785
vt 0.1497 0.3626
vt 0.1239 0.3613
vt 0.2405 0.3695
vt 0.2435 0.3778
vt 0.2571 0.3765
vt 0.2487 0.3949
vt 0.2752 0.0830
vt 0.2753 0.0411
vt 0.2651 0.0824
vt 0.2293 0.3750
vt 0.2258 0.3663
vt 0.2614 0.2428
vt 0.2018 0.3571
vt 0.2109 0.3585
vt 0.2224 0.3480
vt 0.2071 0.3485
vt 0.2893 0.1151
vt 0.2852 0.0835
vt 0.2752 0.1137
vt 0.2609 0.1135
vt 0.0892 0.3615
vt 0.0947 0.3648
vt 0.1777 0.3719
vt 0.1717 0.3624
vt 0.2696 0.3847
vt 0.2476 0.3554
vt 0.2508 0.3476
vt 0.1782 0.3553
vt 0.1848 0.3466
vt 0.1578 0.2997
vt 0.1597 0.2905
vt 0.1550 0.2911
vt 0.1531 0.2994
vt 0.2328 0.3571
vt 0.2366 0.3489
vt 0.2335 0.3942
vt 0.2405 0.3306
vt 0.2298 0.3315
vt 0.2644 0.3346
vt 0.0180 0.3250
vt 0.0187 0.3217
vt 0.0144 0.3204
vt 0.0126 0.3233
vt 0.2152 0.3287
vt 0.1483 0.3043
vt 0.1447 0.3043
vt 0.1460 0.3090
vt 0.1501 0.3107
vt 0.1877 0.3921
vt 0.2934 0.1417
vt 0.0073 0.3070
vt 0.0039 0.3070
vt 0.0051 0.3117
vt 0.0091 0.3135
vt 0.1948 0.3279
vt 0.2558 0.3314
vt 0.1679 0.3123
vt 0.1666 0.3040
vt 0.1578 0.3042
vt 0.1597 0.3129
vt 0.1560 0.3528
vt 0.0267 0.2931
vt 0.0265 0.2862
vt 0.0181 0.2859
vt 0.0183 0.2929
vt 0.0374 0.3014
vt 0.0592 0.3008
vt 0.0597 0.2928
vt 0.0377 0.2931
vt 0.1557 0.2848
vt 0.1544 0.2809
vt 0.1491 0.2839
vt 0.1508 0.2870
vt 0.1284 0.3219
vt 0.1336 0.3169
vt 0.1316 0.3129
vt 0.1268 0.3161
vt 0.2295 0.2835
vt 0.2517 0.2825
vt 0.2526 0.2776
vt 0.2298 0.2791
vt 0.0377 0.2864
vt 0.0600 0.2862
vt 0.0601 0.2824
vt 0.0380 0.2824
vt 0.2617 0.3133
vt 0.2683 0.3117
vt 0.2687 0.3034
vt 0.2615 0.3033
vt 0.1789 0.3119
vt 0.1779 0.3039
vt 0.0887 0.3225
vt 0.1119 0.3263
vt 0.1098 0.3196
vt 0.0872 0.3157
vt 0.0381 0.3209
vt 0.0607 0.3206
vt 0.0597 0.3147
vt 0.0375 0.3150
vt 0.0138 0.3150
vt 0.0095 0.3180
vt 0.2284 0.2910
vt 0.2503 0.2905
vt 0.2508 0.3130
vt 0.2497 0.3032
vt 0.2609 0.3007
vt 0.2679 0.3002
vt 0.2680 0.2915
vt 0.2614 0.2903
vt 0.1603 0.2835
vt 0.1598 0.2792
vt 0.2729 0.2994
vt 0.2729 0.2939
vt 0.1126 0.3302
vt 0.1236 0.3306
vt 0.1219 0.3257
vt 0.2688 0.2849
vt 0.2627 0.2825
vt 0.1204 0.3200
vt 0.1205 0.2787
vt 0.1273 0.2824
vt 0.1304 0.2784
vt 0.1212 0.2726
vt 0.1190 0.3060
vt 0.1073 0.3061
vt 0.0873 0.2836
vt 0.0872 0.2791
vt 0.2301 0.3189
vt 0.2523 0.3199
vt 0.2289 0.3124
vt 0.2628 0.3197
vt 0.2012 0.2917
vt 0.2021 0.2852
vt 0.0266 0.2820
vt 0.0172 0.2817
vt 0.0265 0.3153
vt 0.0253 0.3070
vt 0.0166 0.3071
vt 0.0184 0.3159
vt 0.0175 0.3022
vt 0.0262 0.3018
vt 0.2491 0.3007
vt 0.1682 0.3183
vt 0.1600 0.3188
vt 0.0269 0.3213
vt 0.2647 0.2777
vt 0.1088 0.2865
vt 0.1197 0.2857
vt 0.1098 0.2785
vt 0.0867 0.2912
vt 0.0860 0.3007
vt 0.1667 0.2997
vt 0.1681 0.2911
vt 0.2023 0.2814
vt 0.1266 0.2891
vt 0.1317 0.2912
vt 0.1327 0.2867
vt 0.1503 0.2922
vt 0.2736 0.3086
vt 0.2739 0.3032
vt 0.1684 0.3217
vt 0.1798 0.3210
vt 0.1795 0.3178
vt 0.0509 0.3556
vt 0.0445 0.3691
vt 0.0536 0.3600
vt 0.2014 0.3115
vt 0.2272 0.3035
vt 0.2002 0.3038
vt 0.1312 0.3058
vt 0.1261 0.3059
vt 0.2741 0.2894
vt 0.2765 0.2871
vt 0.2717 0.2812
vt 0.0274 0.3248
vt 0.0611 0.3237
vt 0.0888 0.3262
vt 0.1687 0.2842
vt 0.1689 0.2800
vt 0.1780 0.2997
vt 0.1791 0.2914
vt 0.2022 0.3204
vt 0.2300 0.3225
vt 0.2021 0.3173
vt 0.1590 0.3221
vt 0.0365 0.3069
vt 0.0851 0.3065
vt 0.0584 0.3068
vt 0.2001 0.2997
vt 0.1555 0.3175
vt 0.1550 0.3121
vt 0.1504 0.3153
vt 0.0072 0.3202
vt 0.0389 0.3242
vt 0.0137 0.2873
vt 0.0122 0.2836
vt 0.0072 0.2869
vt 0.0091 0.2897
vt 0.1486 0.2988
vt 0.0092 0.2950
vt 0.0057 0.2964
vt 0.0050 0.3013
vt 0.0083 0.3017
vt 0.1202 0.3002
vt 0.1272 0.2994
vt 0.2688 0.3173
vt 0.1103 0.2737
vt 0.2649 0.3234
vt 0.2722 0.3201
vt 0.1326 0.3247
vt 0.1530 0.3043
vt 0.1083 0.3005
vt 0.0138 0.2937
vt 0.0119 0.3071
vt 0.0128 0.3020
vt 0.1459 0.3125
vt 0.1438 0.3141
vt 0.1479 0.3175
vt 0.1535 0.3205
vt 0.2269 0.3003
vt 0.1798 0.2847
vt 0.1803 0.2808
vt 0.1351 0.2842
vt 0.0467 0.3542
vt 0.0419 0.3562
vt 0.1367 0.3186
vt 0.2749 0.3125
vt 0.0427 0.3819
vt 0.0384 0.3805
vt 0.0450 0.3785
vt 0.0491 0.3776
vt 0.0471 0.3671
vt 0.0474 0.3798
vt 0.0514 0.3749
vt 0.0050 0.3151
vt 0.0030 0.3166
vt 0.0036 0.2905
vt 0.0054 0.2925
vt 0.2776 0.3142
vt 0.0528 0.3579
vt 0.0549 0.3625
vt 0.0549 0.3684
vt 0.0527 0.3739
vt 0.0379 0.3612
vt 0.0536 0.3684
vt 0.1322 0.2984
vt 0.0357 0.3760
vt 0.0353 0.3697
vt 0.2529 0.3238
vt 0.0394 0.3717
vt 0.0394 0.3659
vt 0.0415 0.3763
vt 0.0486 0.0518
vt 0.0446 0.0385
vt 0.0286 0.0374
vt 0.0295 0.0512
vt 0.0421 0.2138
vt 0.0705 0.2102
vt 0.0719 0.1973
vt 0.0422 0.2018
vt 0.0574 0.2551
vt 0.0656 0.2556
vt 0.0660 0.2450
vt 0.0506 0.2449
vt 0.0433 0.2247
vt 0.0688 0.2225
vt 0.1466 0.2895
vt 0.1465 0.2935
vt 0.1451 0.2873
vt 0.1453 0.2983
vt 0.0576 0.1218
vt 0.0897 0.1258
vt 0.0895 0.1147
vt 0.0561 0.1112
vt 0.0078 0.0742
vt 0.0241 0.0786
vt 0.0266 0.0648
vt 0.0130 0.0607
vt 0.0240 0.0238
vt 0.0152 0.0238
vt 0.0192 0.0367
vt 0.0957 0.1123
vt 0.1278 0.1093
vt 0.1277 0.1001
vt 0.0962 0.1026
vt 0.0252 0.0926
vt 0.0563 0.0924
vt 0.0518 0.0784
vt 0.0261 0.1532
vt 0.0418 0.1454
vt 0.0346 0.1338
vt 0.0157 0.1418
vt 0.1425 0.0520
vt 0.1466 0.0393
vt 0.1350 0.0365
vt 0.1283 0.0480
vt 0.0065 0.0882
vt 0.0460 0.2349
vt 0.0671 0.2341
vt 0.0184 0.0485
vt 0.0699 0.1774
vt 0.0686 0.1664
vt 0.0604 0.1674
vt 0.0270 0.1120
vt 0.0559 0.1010
vt 0.0268 0.1022
vt 0.0391 0.0270
vt 0.0451 0.3567
vt 0.0415 0.3604
vt 0.0091 0.1297
vt 0.0296 0.1225
vt 0.0060 0.1182
vt 0.2324 0.2457
vt 0.2410 0.2202
vt 0.2310 0.2172
vt 0.2233 0.2400
vt 0.0061 0.1082
vt 0.0493 0.3558
vt 0.1808 0.1474
vt 0.1656 0.1635
vt 0.1792 0.1664
vt 0.1917 0.1530
vt 0.0394 0.1629
vt 0.0506 0.1567
vt 0.0661 0.1552
vt 0.0546 0.1708
vt 0.0630 0.1440
vt 0.0864 0.1477
vt 0.0887 0.1368
vt 0.0600 0.1328
vt 0.0990 0.1544
vt 0.1150 0.1515
vt 0.1193 0.1403
vt 0.0967 0.1438
vt 0.0499 0.0646
vt 0.0777 0.0616
vt 0.0706 0.0497
vt 0.2352 0.2004
vt 0.2331 0.1910
vt 0.2217 0.1939
vt 0.2242 0.2019
vt 0.1586 0.0766
vt 0.1896 0.0657
vt 0.1855 0.0538
vt 0.1600 0.0627
vt 0.0831 0.1984
vt 0.1108 0.1954
vt 0.1089 0.1820
vt 0.0814 0.1849
vt 0.2022 0.1887
vt 0.2092 0.1901
vt 0.2079 0.1827
vt 0.2003 0.1807
vt 0.1290 0.1534
vt 0.1383 0.1601
vt 0.1517 0.1512
vt 0.1385 0.1424
vt 0.0771 0.1682
vt 0.0826 0.1583
vt 0.0871 0.2466
vt 0.1016 0.2419
vt 0.1068 0.2300
vt 0.0871 0.2353
vt 0.2205 0.2164
vt 0.2456 0.2012
vt 0.0231 0.2443
vt 0.0309 0.2381
vt 0.0252 0.2289
vt 0.0147 0.2342
vt 0.0862 0.2238
vt 0.1099 0.2190
vt 0.1111 0.2077
vt 0.0847 0.2115
vt 0.1818 0.0433
vt 0.1799 0.0327
vt 0.1627 0.0374
vt 0.1615 0.0497
vt 0.2114 0.1970
vt 0.2024 0.1973
vt 0.2016 0.2031
vt 0.2126 0.2037
vt 0.1535 0.1110
vt 0.1715 0.1191
vt 0.1718 0.1103
vt 0.1538 0.1025
vt 0.0095 0.2232
vt 0.0220 0.2189
vt 0.0207 0.2073
vt 0.0065 0.2092
vt 0.2116 0.1740
vt 0.2038 0.1713
vt 0.2106 0.2160
vt 0.2008 0.2134
vt 0.1979 0.2261
vt 0.2059 0.2310
vt 0.1186 0.0606
vt 0.1365 0.0659
vt 0.0353 0.2541
vt 0.0397 0.2474
vt 0.0518 0.2570
vt 0.0664 0.2661
vt 0.0500 0.2612
vt 0.2142 0.2352
vt 0.1459 0.1312
vt 0.1232 0.1295
vt 0.1509 0.1206
vt 0.1686 0.1297
vt 0.1453 0.1786
vt 0.1503 0.1953
vt 0.1631 0.1943
vt 0.1586 0.1794
vt 0.1287 0.1959
vt 0.1282 0.1805
vt 0.1262 0.1191
vt 0.1078 0.1738
vt 0.1183 0.1639
vt 0.1109 0.1628
vt 0.1923 0.2092
vt 0.1906 0.2218
vt 0.1109 0.2417
vt 0.1135 0.2489
vt 0.1250 0.2348
vt 0.1195 0.2290
vt 0.1528 0.1604
vt 0.2185 0.1645
vt 0.2109 0.1617
vt 0.1232 0.1675
vt 0.1407 0.1922
vt 0.1415 0.1727
vt 0.0886 0.1040
vt 0.1735 0.1797
vt 0.1907 0.1895
vt 0.1877 0.1798
vt 0.1921 0.1689
vt 0.2014 0.1579
vt 0.1906 0.1999
vt 0.1775 0.1921
vt 0.1274 0.2079
vt 0.0833 0.2708
vt 0.0937 0.2553
vt 0.0860 0.2583
vt 0.0632 0.0377
vt 0.0576 0.0272
vt 0.1375 0.2084
vt 0.1922 0.1947
vt 0.0940 0.0882
vt 0.0856 0.0748
vt 0.0985 0.2561
vt 0.0993 0.2607
vt 0.1621 0.1408
vt 0.1695 0.1422
vt 0.1015 0.0876
vt 0.1259 0.0943
vt 0.1304 0.0807
vt 0.1088 0.0746
vt 0.1246 0.2183
vt 0.1326 0.2213
vt 0.0213 0.1933
vt 0.0061 0.1925
vt 0.1027 0.1644
vt 0.1577 0.0902
vt 0.1794 0.0238
vt 0.1624 0.0285
vt 0.0728 0.1844
vt 0.0435 0.1889
vt 0.1519 0.2491
vt 0.1643 0.2556
vt 0.1643 0.2449
vt 0.1506 0.2383
vt 0.0955 0.1331
vt 0.0953 0.1225
vt 0.0568 0.3951
vt 0.0519 0.3839
vt 0.0451 0.3872
vt 0.0455 0.4005
vt 0.1924 0.0783
vt 0.0214 0.3720
vt 0.0309 0.3701
vt 0.0325 0.3606
vt 0.0242 0.3561
vt 0.0337 0.3976
vt 0.0381 0.3854
vt 0.0329 0.3792
vt 0.0250 0.3872
vt 0.1471 0.0307
vt 0.1360 0.0287
vt 0.0650 0.3829
vt 0.0568 0.3766
vt 0.0374 0.3532
vt 0.0324 0.3439
vt 0.1341 0.2427
vt 0.1429 0.2451
vt 0.1432 0.2359
vt 0.1366 0.2335
vt 0.0678 0.3670
vt 0.0584 0.3671
vt 0.1805 0.2487
vt 0.1893 0.2447
vt 0.1890 0.2356
vt 0.1816 0.2378
vt 0.0439 0.3385
vt 0.0442 0.3500
vt 0.0511 0.3518
vt 0.0555 0.3414
vt 0.0643 0.3518
vt 0.0563 0.3580
vt 0.0453 0.4005
vt 0.2439 0.1901
vt 0.0437 0.3385
vt 0.1453 0.2555
vt 0.1512 0.2591
vt 0.1872 0.2554
vt 0.1939 0.2547
vt 0.1978 0.2429
vt 0.1780 0.2254
vt 0.1762 0.2174
vt 0.1689 0.2202
vt 0.1688 0.2299
vt 0.1634 0.2305
vt 0.1631 0.2205
vt 0.1556 0.2173
vt 0.1539 0.2257
vt 0.2311 0.1425
vt 0.2436 0.1304
vt 0.2468 0.1133
vt 0.2311 0.1140
vt 0.1681 0.2444
vt 0.1469 0.2231
vt 0.1452 0.2296
vt 0.1956 0.2337
vt 0.1692 0.2655
vt 0.1812 0.2588
vt 0.1681 0.2551
vt 0.1483 0.2662
vt 0.1598 0.2731
vt 0.1631 0.2658
vt 0.2468 0.0958
vt 0.2311 0.0842
vt 0.2087 0.1139
vt 0.2243 0.1131
vt 0.2243 0.0833
vt 0.2087 0.0964
vt 0.1870 0.2299
vt 0.1383 0.2544
vt 0.2243 0.0723
vt 0.2243 0.0428
vt 0.2118 0.0563
vt 0.2087 0.0731
vt 0.1511 0.2151
vt 0.1806 0.2156
vt 0.1715 0.2127
vt 0.1839 0.2667
vt 0.1850 0.2235
vt 0.2468 0.0725
vt 0.2311 0.0732
vt 0.1604 0.2122
vt 0.1723 0.2736
vt 0.2118 0.1307
vt 0.2243 0.1416
vt 0.2436 0.0559
vt 0.2311 0.0437
vt 0.0942 0.3479
vt 0.0999 0.3452
vt 0.1343 0.3448
vt 0.1296 0.3515
vt 0.1951 0.3630
vt 0.2042 0.3625
vt 0.2153 0.3744
vt 0.1999 0.3723
vt 0.2968 0.2068
vt 0.2954 0.2247
vt 0.2747 0.2240
vt 0.2748 0.2050
vt 0.2229 0.3922
vt 0.2081 0.3935
vt 0.2561 0.3813
vt 0.2670 0.3874
vt 0.2575 0.3927
vt 0.1624 0.3869
vt 0.1333 0.3800
vt 0.1281 0.3685
vt 0.1550 0.3713
vt 0.2880 0.2444
vt 0.2746 0.2575
vt 0.2527 0.2042
vt 0.2540 0.2223
vt 0.2565 0.1396
vt 0.2750 0.1395
vt 0.2749 0.1678
vt 0.2539 0.1677
vt 0.2639 0.3504
vt 0.2631 0.3456
vt 0.2734 0.3408
vt 0.2757 0.3436
vt 0.1692 0.3304
vt 0.1618 0.3448
vt 0.1396 0.3342
vt 0.2958 0.1701
vt 0.2969 0.1811
vt 0.2748 0.1865
vt 0.2527 0.1785
vt 0.1239 0.3613
vt 0.1497 0.3626
vt 0.2405 0.3695
vt 0.2571 0.3765
vt 0.2435 0.3778
vt 0.2487 0.3949
vt 0.2752 0.0830
vt 0.2651 0.0824
vt 0.2753 0.0411
vt 0.2258 0.3663
vt 0.2293 0.3750
vt 0.2614 0.2428
vt 0.2018 0.3571
vt 0.2071 0.3485
vt 0.2224 0.3480
vt 0.2109 0.3585
vt 0.2893 0.1151
vt 0.2752 0.1137
vt 0.2852 0.0835
vt 0.2609 0.1135
vt 0.0892 0.3615
vt 0.0947 0.3648
vt 0.1717 0.3624
vt 0.1777 0.3719
vt 0.2696 0.3847
vt 0.2476 0.3554
vt 0.2508 0.3476
vt 0.1782 0.3553
vt 0.1848 0.3466
vt 0.1578 0.2997
vt 0.1531 0.2994
vt 0.1550 0.2911
vt 0.1597 0.2905
vt 0.2328 0.3571
vt 0.2366 0.3489
vt 0.2335 0.3942
vt 0.2405 0.3306
vt 0.2298 0.3315
vt 0.2644 0.3346
vt 0.0180 0.3250
vt 0.0126 0.3233
vt 0.0144 0.3204
vt 0.0187 0.3217
vt 0.2152 0.3287
vt 0.1483 0.3043
vt 0.1501 0.3107
vt 0.1460 0.3090
vt 0.1447 0.3043
vt 0.1877 0.3921
vt 0.2934 0.1417
vt 0.0073 0.3070
vt 0.0091 0.3135
vt 0.0051 0.3117
vt 0.0039 0.3070
vt 0.1948 0.3279
vt 0.2558 0.3314
vt 0.1679 0.3123
vt 0.1597 0.3129
vt 0.1578 0.3042
vt 0.1666 0.3040
vt 0.1560 0.3528
vt 0.0267 0.2931
vt 0.0183 0.2929
vt 0.0181 0.2859
vt 0.0265 0.2862
vt 0.0374 0.3014
vt 0.0377 0.2931
vt 0.0597 0.2928
vt 0.0592 0.3008
vt 0.1557 0.2848
vt 0.1508 0.2870
vt 0.1491 0.2839
vt 0.1544 0.2809
vt 0.1284 0.3219
vt 0.1268 0.3161
vt 0.1316 0.3129
vt 0.1336 0.3169
vt 0.2295 0.2835
vt 0.2298 0.2791
vt 0.2526 0.2776
vt 0.2517 0.2825
vt 0.0377 0.2864
vt 0.0380 0.2824
vt 0.0601 0.2824
vt 0.0600 0.2862
vt 0.2617 0.3133
vt 0.2615 0.3033
vt 0.2687 0.3034
vt 0.2683 0.3117
vt 0.1779 0.3039
vt 0.1789 0.3119
vt 0.0887 0.3225
vt 0.0872 0.3157
vt 0.1098 0.3196
vt 0.1119 0.3263
vt 0.0381 0.3209
vt 0.0375 0.3150
vt 0.0597 0.3147
vt 0.0607 0.3206
vt 0.0138 0.3150
vt 0.0095 0.3180
vt 0.2284 0.2910
vt 0.2503 0.2905
vt 0.2508 0.3130
vt 0.2497 0.3032
vt 0.2609 0.3007
vt 0.2614 0.2903
vt 0.2680 0.2915
vt 0.2679 0.3002
vt 0.1603 0.2835
vt 0.1598 0.2792
vt 0.2729 0.2939
vt 0.2729 0.2994
vt 0.1126 0.3302
vt 0.1219 0.3257
vt 0.1236 0.3306
vt 0.2627 0.2825
vt 0.2688 0.2849
vt 0.1204 0.3200
vt 0.1205 0.2787
vt 0.1212 0.2726
vt 0.1304 0.2784
vt 0.1273 0.2824
vt 0.1073 0.3061
vt 0.1190 0.3060
vt 0.0872 0.2791
vt 0.0873 0.2836
vt 0.2301 0.3189
vt 0.2289 0.3124
vt 0.2523 0.3199
vt 0.2628 0.3197
vt 0.2012 0.2917
vt 0.2021 0.2852
vt 0.0172 0.2817
vt 0.0266 0.2820
vt 0.0265 0.3153
vt 0.0184 0.3159
vt 0.0166 0.3071
vt 0.0253 0.3070
vt 0.0262 0.3018
vt 0.0175 0.3022
vt 0.2491 0.3007
vt 0.1682 0.3183
vt 0.1600 0.3188
vt 0.0269 0.3213
vt 0.2647 0.2777
vt 0.1088 0.2865
vt 0.1098 0.2785
vt 0.1197 0.2857
vt 0.0867 0.2912
vt 0.0860 0.3007
vt 0.1667 0.2997
vt 0.1681 0.2911
vt 0.2023 0.2814
vt 0.1266 0.2891
vt 0.1327 0.2867
vt 0.1317 0.2912
vt 0.1503 0.2922
vt 0.2739 0.3032
vt 0.2736 0.3086
vt 0.1684 0.3217
vt 0.1795 0.3178
vt 0.1798 0.3210
vt 0.0509 0.3556
vt 0.0536 0.3600
vt 0.0445 0.3691
vt 0.2014 0.3115
vt 0.2002 0.3038
vt 0.2272 0.3035
vt 0.1261 0.3059
vt 0.1312 0.3058
vt 0.2717 0.2812
vt 0.2765 0.2871
vt 0.2741 0.2894
vt 0.0274 0.3248
vt 0.0611 0.3237
vt 0.0888 0.3262
vt 0.1687 0.2842
vt 0.1689 0.2800
vt 0.1791 0.2914
vt 0.1780 0.2997
vt 0.2022 0.3204
vt 0.2021 0.3173
vt 0.2300 0.3225
vt 0.1590 0.3221
vt 0.0365 0.3069
vt 0.0584 0.3068
vt 0.0851 0.3065
vt 0.2001 0.2997
vt 0.1555 0.3175
vt 0.1504 0.3153
vt 0.1550 0.3121
vt 0.0072 0.3202
vt 0.0389 0.3242
vt 0.0137 0.2873
vt 0.0091 0.2897
vt 0.0072 0.2869
vt 0.0122 0.2836
vt 0.1486 0.2988
vt 0.0092 0.2950
vt 0.0083 0.3017
vt 0.0050 0.3013
vt 0.0057 0.2964
vt 0.1202 0.3002
vt 0.1272 0.2994
vt 0.2688 0.3173
vt 0.1103 0.2737
vt 0.2649 0.3234
vt 0.2722 0.3201
vt 0.1326 0.3247
vt 0.1530 0.3043
vt 0.1083 0.3005
vt 0.0138 0.2937
vt 0.0119 0.3071
vt 0.0128 0.3020
vt 0.1479 0.3175
vt 0.1438 0.3141
vt 0.1459 0.3125
vt 0.1535 0.3205
vt 0.2269 0.3003
vt 0.1803 0.2808
vt 0.1798 0.2847
vt 0.1351 0.2842
vt 0.0467 0.3542
vt 0.0419 0.3562
vt 0.1367 0.3186
vt 0.2749 0.3125
vt 0.0427 0.3819
vt 0.0384 0.3805
vt 0.0450 0.3785
vt 0.0471 0.3671
vt 0.0491 0.3776
vt 0.0474 0.3798
vt 0.0514 0.3749
vt 0.0030 0.3166
vt 0.0050 0.3151
vt 0.0054 0.2925
vt 0.0036 0.2905
vt 0.2776 0.3142
vt 0.0528 0.3579
vt 0.0549 0.3625
vt 0.0549 0.3684
vt 0.0527 0.3739
vt 0.0379 0.3612
vt 0.0536 0.3684
vt 0.1322 0.2984
vt 0.0357 0.3760
vt 0.0353 0.3697
vt 0.2529 0.3238
vt 0.0394 0.3717
vt 0.0394 0.3659
vt 0.0415 0.3763
vt 0.0486 0.0518
vt 0.0295 0.0512
vt 0.0286 0.0374
vt 0.0446 0.0385
vt 0.0421 0.2138
vt 0.0422 0.2018
vt 0.0719 0.1973
vt 0.0705 0.2102
vt 0.0574 0.2551
vt 0.0506 0.2449
vt 0.0660 0.2450
vt 0.0656 0.2556
vt 0.0433 0.2247
vt 0.0688 0.2225
vt 0.1465 0.2935
vt 0.1466 0.2895
vt 0.1451 0.2873
vt 0.1453 0.2983
vt 0.0576 0.1218
vt 0.0561 0.1112
vt 0.0895 0.1147
vt 0.0897 0.1258
vt 0.0078 0.0742
vt 0.0130 0.0607
vt 0.0266 0.0648
vt 0.0241 0.0786
vt 0.0192 0.0367
vt 0.0152 0.0238
vt 0.0240 0.0238
vt 0.0957 0.1123
vt 0.0962 0.1026
vt 0.1277 0.1001
vt 0.1278 0.1093
vt 0.0252 0.0926
vt 0.0518 0.0784
vt 0.0563 0.0924
vt 0.0261 0.1532
vt 0.0157 0.1418
vt 0.0346 0.1338
vt 0.0418 0.1454
vt 0.1425 0.0520
vt 0.1283 0.0480
vt 0.1350 0.0365
vt 0.1466 0.0393
vt 0.0065 0.0882
vt 0.0460 0.2349
vt 0.0671 0.2341
vt 0.0184 0.0485
vt 0.0699 0.1774
vt 0.0604 0.1674
vt 0.0686 0.1664
vt 0.0270 0.1120
vt 0.0268 0.1022
vt 0.0559 0.1010
vt 0.0391 0.0270
vt 0.0451 0.3567
vt 0.0415 0.3604
vt 0.0091 0.1297
vt 0.0060 0.1182
vt 0.0296 0.1225
vt 0.2324 0.2457
vt 0.2233 0.2400
vt 0.2310 0.2172
vt 0.2410 0.2202
vt 0.0061 0.1082
vt 0.0493 0.3558
vt 0.1808 0.1474
vt 0.1917 0.1530
vt 0.1792 0.1664
vt 0.1656 0.1635
vt 0.0394 0.1629
vt 0.0506 0.1567
vt 0.0661 0.1552
vt 0.0546 0.1708
vt 0.0630 0.1440
vt 0.0600 0.1328
vt 0.0887 0.1368
vt 0.0864 0.1477
vt 0.0990 0.1544
vt 0.0967 0.1438
vt 0.1193 0.1403
vt 0.1150 0.1515
vt 0.0499 0.0646
vt 0.0706 0.0497
vt 0.0777 0.0616
vt 0.2352 0.2004
vt 0.2242 0.2019
vt 0.2217 0.1939
vt 0.2331 0.1910
vt 0.1586 0.0766
vt 0.1600 0.0627
vt 0.1855 0.0538
vt 0.1896 0.0657
vt 0.0831 0.1984
vt 0.0814 0.1849
vt 0.1089 0.1820
vt 0.1108 0.1954
vt 0.2022 0.1887
vt 0.2003 0.1807
vt 0.2079 0.1827
vt 0.2092 0.1901
vt 0.1290 0.1534
vt 0.1385 0.1424
vt 0.1517 0.1512
vt 0.1383 0.1601
vt 0.0826 0.1583
vt 0.0771 0.1682
vt 0.0871 0.2466
vt 0.0871 0.2353
vt 0.1068 0.2300
vt 0.1016 0.2419
vt 0.2205 0.2164
vt 0.2456 0.2012
vt 0.0231 0.2443
vt 0.0147 0.2342
vt 0.0252 0.2289
vt 0.0309 0.2381
vt 0.0862 0.2238
vt 0.0847 0.2115
vt 0.1111 0.2077
vt 0.1099 0.2190
vt 0.1818 0.0433
vt 0.1615 0.0497
vt 0.1627 0.0374
vt 0.1799 0.0327
vt 0.2114 0.1970
vt 0.2126 0.2037
vt 0.2016 0.2031
vt 0.2024 0.1973
vt 0.1535 0.1110
vt 0.1538 0.1025
vt 0.1718 0.1103
vt 0.1715 0.1191
vt 0.0095 0.2232
vt 0.0065 0.2092
vt 0.0207 0.2073
vt 0.0220 0.2189
vt 0.2038 0.1713
vt 0.2116 0.1740
vt 0.2106 0.2160
vt 0.2059 0.2310
vt 0.1979 0.2261
vt 0.2008 0.2134
vt 0.1186 0.0606
vt 0.1365 0.0659
vt 0.0353 0.2541
vt 0.0397 0.2474
vt 0.0518 0.2570
vt 0.0664 0.2661
vt 0.0500 0.2612
vt 0.2142 0.2352
vt 0.1232 0.1295
vt 0.1459 0.1312
vt 0.1509 0.1206
vt 0.1686 0.1297
vt 0.1453 0.1786
vt 0.1586 0.1794
vt 0.1631 0.1943
vt 0.1503 0.1953
vt 0.1282 0.1805
vt 0.1287 0.1959
vt 0.1262 0.1191
vt 0.1078 0.1738
vt 0.1109 0.1628
vt 0.1183 0.1639
vt 0.1906 0.2218
vt 0.1923 0.2092
vt 0.1109 0.2417
vt 0.1195 0.2290
vt 0.1250 0.2348
vt 0.1135 0.2489
vt 0.1528 0.1604
vt 0.2109 0.1617
vt 0.2185 0.1645
vt 0.1232 0.1675
vt 0.1415 0.1727
vt 0.1407 0.1922
vt 0.0886 0.1040
vt 0.1735 0.1797
vt 0.1907 0.1895
vt 0.1877 0.1798
vt 0.2014 0.1579
vt 0.1921 0.1689
vt 0.1906 0.1999
vt 0.1775 0.1921
vt 0.1274 0.2079
vt 0.0833 0.2708
vt 0.0860 0.2583
vt 0.0937 0.2553
vt 0.0632 0.0377
vt 0.0576 0.0272
vt 0.1375 0.2084
vt 0.1922 0.1947
vt 0.0856 0.0748
vt 0.0940 0.0882
vt 0.0985 0.2561
vt 0.0993 0.2607
vt 0.1621 0.1408
vt 0.1695 0.1422
vt 0.1015 0.0876
vt 0.1088 0.0746
vt 0.1304 0.0807
vt 0.1259 0.0943
vt 0.1246 0.2183
vt 0.1326 0.2213
vt 0.0061 0.1925
vt 0.0213 0.1933
vt 0.1027 0.1644
vt 0.1577 0.0902
vt 0.1624 0.0285
vt 0.1794 0.0238
vt 0.0435 0.1889
vt 0.0728 0.1844
vt 0.1519 0.2491
vt 0.1506 0.2383
vt 0.1643 0.2449
vt 0.1643 0.2556
vt 0.0955 0.1331
vt 0.0953 0.1225
vt 0.0568 0.3951
vt 0.0455 0.4005
vt 0.0451 0.3872
vt 0.0519 0.3839
vt 0.1924 0.0783
vt 0.0214 0.3720
vt 0.0242 0.3561
vt 0.0325 0.3606
vt 0.0309 0.3701
vt 0.0337 0.3976
vt 0.0250 0.3872
vt 0.0329 0.3792
vt 0.0381 0.3854
vt 0.1360 0.0287
vt 0.1471 0.0307
vt 0.0650 0.3829
vt 0.0568 0.3766
vt 0.0324 0.3439
vt 0.0374 0.3532
vt 0.1341 0.2427
vt 0.1366 0.2335
vt 0.1432 0.2359
vt 0.1429 0.2451
vt 0.0678 0.3670
vt 0.0584 0.3671
vt 0.1805 0.2487
vt 0.1816 0.2378
vt 0.1890 0.2356
vt 0.1893 0.2447
vt 0.0439 0.3385
vt 0.0555 0.3414
vt 0.0511 0.3518
vt 0.0442 0.3500
vt 0.0643 0.3518
vt 0.0563 0.3580
vt 0.0453 0.4005
vt 0.2439 0.1901
vt 0.0437 0.3385
vt 0.1453 0.2555
vt 0.1512 0.2591
vt 0.1872 0.2554
vt 0.1978 0.2429
vt 0.1939 0.2547
vt 0.1780 0.2254
vt 0.1688 0.2299
vt 0.1689 0.2202
vt 0.1762 0.2174
vt 0.1634 0.2305
vt 0.1539 0.2257
vt 0.1556 0.2173
vt 0.1631 0.2205
vt 0.2311 0.1425
vt 0.2311 0.1140
vt 0.2468 0.1133
vt 0.2436 0.1304
vt 0.1681 0.2444
vt 0.1452 0.2296
vt 0.1469 0.2231
vt 0.1956 0.2337
vt 0.1692 0.2655
vt 0.1681 0.2551
vt 0.1812 0.2588
vt 0.1483 0.2662
vt 0.1631 0.2658
vt 0.1598 0.2731
vt 0.2311 0.0842
vt 0.2468 0.0958
vt 0.2087 0.1139
vt 0.2087 0.0964
vt 0.2243 0.0833
vt 0.2243 0.1131
vt 0.1870 0.2299
vt 0.1383 0.2544
vt 0.2243 0.0723
vt 0.2087 0.0731
vt 0.2118 0.0563
vt 0.2243 0.0428
vt 0.1511 0.2151
vt 0.1806 0.2156
vt 0.1715 0.2127
vt 0.1839 0.2667
vt 0.1850 0.2235
vt 0.2311 0.0732
vt 0.2468 0.0725
vt 0.1604 0.2122
vt 0.1723 0.2736
vt 0.2118 0.1307
vt 0.2243 0.1416
vt 0.2311 0.0437
vt 0.2436 0.0559
vt 0.7784 0.1751
vt 0.7524 0.1821
vt 0.7524 0.1405
vt 0.7784 0.1474
vt 0.7730 0.1046
vt 0.7921 0.1236
vt 0.7923 0.1991
vt 0.7732 0.2181
vt 0.7305 0.1879
vt 0.7305 0.1346
vt 0.7570 0.0886
vt 0.7572 0.2341
vt 0.8163 0.2129
vt 0.8441 0.2129
vt 0.8511 0.2390
vt 0.8094 0.2390
vt 0.8679 0.1993
vt 0.8870 0.2183
vt 0.8569 0.2608
vt 0.8035 0.2608
vt 0.9030 0.2343
vt 0.8437 0.1100
vt 0.8159 0.1100
vt 0.8089 0.0840
vt 0.8507 0.0840
vt 0.8677 0.1238
vt 0.8868 0.1048
vt 0.8031 0.0621
vt 0.8565 0.0621
vt 0.9028 0.0888
vt 0.8816 0.1478
vt 0.9076 0.1409
vt 0.9076 0.1825
vt 0.8816 0.1755
vt 0.9295 0.1350
vt 0.9295 0.1884
vt 0.2949 0.7119
vt 0.3111 0.7136
vt 0.3075 0.7373
vt 0.2936 0.7353
vt 0.2385 0.7136
vt 0.2547 0.7153
vt 0.2511 0.7390
vt 0.2372 0.7370
vt 0.2788 0.7119
vt 0.2800 0.7352
vt 0.2224 0.7136
vt 0.2235 0.7368
vt 0.2629 0.7135
vt 0.2662 0.7368
vt 0.2066 0.7152
vt 0.2098 0.7384
vt 0.2926 0.7468
vt 0.2806 0.7466
vt 0.2362 0.7485
vt 0.2242 0.7483
vt 0.2687 0.7484
vt 0.2122 0.7501
vt 0.3048 0.7490
vt 0.2484 0.7507
vt 0.2909 0.7624
vt 0.2819 0.7622
vt 0.2345 0.7642
vt 0.2254 0.7639
vt 0.2729 0.7641
vt 0.2164 0.7658
vt 0.3000 0.7648
vt 0.2436 0.7665
vt 0.2330 0.7744
vt 0.2267 0.7742
vt 0.2831 0.7725
vt 0.2768 0.7745
vt 0.2203 0.7762
vt 0.2955 0.7750
vt 0.2894 0.7727
vt 0.2391 0.7768
vt 0.2294 0.7886
vt 0.2858 0.7868
vt 0.2619 0.9480
vt 0.2625 0.9294
vt 0.2824 0.9297
vt 0.2823 0.9482
vt 0.2640 0.8928
vt 0.2640 0.8724
vt 0.2876 0.8760
vt 0.2846 0.8942
vt 0.2614 0.9675
vt 0.2832 0.9674
vt 0.2633 0.9112
vt 0.2831 0.9119
vt 0.2601 0.9898
vt 0.2861 0.9882
vt 0.2895 0.8956
vt 0.2883 0.9127
vt 0.2890 0.9663
vt 0.2918 0.9840
vt 0.2878 0.9302
vt 0.2878 0.9481
vt 0.2920 0.8794
vt 0.3050 0.8990
vt 0.3039 0.9147
vt 0.3050 0.9638
vt 0.3068 0.9801
vt 0.3035 0.9308
vt 0.3038 0.9473
vt 0.3068 0.8829
vt 0.1917 0.7093
vt 0.1673 0.7160
vt 0.1624 0.7010
vt 0.1853 0.6873
vt 0.0435 0.6664
vt 0.0600 0.6916
vt 0.0492 0.6954
vt 0.0279 0.6792
vt 0.1412 0.7997
vt 0.1645 0.8014
vt 0.1593 0.8125
vt 0.1434 0.8155
vt 0.0752 0.7989
vt 0.0519 0.7987
vt 0.0427 0.7669
vt 0.0714 0.7627
vt 0.1719 0.6733
vt 0.1526 0.6962
vt 0.1216 0.6844
vt 0.1366 0.6532
vt 0.0265 0.8141
vt 0.0114 0.7781
vt 0.1889 0.8187
vt 0.1768 0.8335
vt 0.0718 0.8138
vt 0.0583 0.8419
vt 0.0370 0.8291
vt 0.0561 0.8096
vt 0.1546 0.8446
vt 0.1218 0.8529
vt 0.1150 0.8194
vt 0.1522 0.7194
vt 0.1551 0.7462
vt 0.1136 0.7449
vt 0.1155 0.7143
vt 0.0579 0.7150
vt 0.0520 0.7412
vt 0.0331 0.7373
vt 0.0425 0.7098
vt 0.0192 0.7003
vt 0.0109 0.7320
vt 0.0998 0.8199
vt 0.0904 0.8528
vt 0.1012 0.8017
vt 0.1006 0.7615
vt 0.1150 0.8004
vt 0.1963 0.7418
vt 0.1736 0.7445
vt 0.0265 0.9210
vt 0.0045 0.9178
vt 0.0151 0.8701
vt 0.0300 0.8756
vt 0.1222 0.9204
vt 0.1004 0.9213
vt 0.1023 0.8759
vt 0.1169 0.8758
vt 0.0484 0.9208
vt 0.0446 0.8761
vt 0.1425 0.9168
vt 0.1322 0.8706
vt 0.0688 0.9179
vt 0.0601 0.8713
vt 0.0782 0.9188
vt 0.0872 0.8708
vt 0.1020 0.9927
vt 0.0818 0.9927
vt 0.0818 0.9435
vt 0.1020 0.9435
vt 0.2089 0.9931
vt 0.1887 0.9931
vt 0.1887 0.9438
vt 0.2089 0.9438
vt 0.1424 0.9927
vt 0.1222 0.9927
vt 0.1222 0.9435
vt 0.1424 0.9435
vt 0.1685 0.9931
vt 0.1685 0.9438
vt 0.1483 0.9931
vt 0.1483 0.9438
vt 0.1186 0.7612
vt 0.1477 0.7646
vt 0.0916 0.6836
vt 0.0943 0.7140
vt 0.0926 0.7446
vt 0.1760 0.7710
vt 0.2064 0.7846
vt 0.0803 0.6508
vt 0.0385 0.8456
vt 0.1098 0.8462
vt 0.2359 0.8169
vt 0.2561 0.8169
vt 0.2541 0.8245
vt 0.2379 0.8245
vt 0.2561 0.8167
vt 0.2359 0.8167
vt 0.2379 0.8092
vt 0.2541 0.8092
vt 0.2566 0.7974
vt 0.2768 0.7974
vt 0.2747 0.8050
vt 0.2586 0.8050
vt 0.2362 0.7974
vt 0.2564 0.7974
vt 0.2543 0.8050
vt 0.2382 0.8050
vt 0.2563 0.8169
vt 0.2765 0.8169
vt 0.2745 0.8245
vt 0.2583 0.8245
vt 0.2563 0.8092
vt 0.2765 0.8092
vt 0.2745 0.8167
vt 0.2583 0.8167
vt 0.0419 0.9926
vt 0.0419 0.9765
vt 0.0739 0.9765
vt 0.0739 0.9926
vt 0.0050 0.9768
vt 0.0050 0.9606
vt 0.0369 0.9606
vt 0.0369 0.9768
vt 0.0419 0.9603
vt 0.0739 0.9603
vt 0.0050 0.9445
vt 0.0369 0.9445
vt 0.0419 0.9442
vt 0.0739 0.9442
vt 0.0050 0.9929
vt 0.0369 0.9929
vt 0.2150 0.9150
vt 0.2015 0.9132
vt 0.2047 0.8968
vt 0.2161 0.8988
vt 0.1803 0.9152
vt 0.1669 0.9152
vt 0.1681 0.8990
vt 0.1793 0.8992
vt 0.2283 0.9150
vt 0.2274 0.8990
vt 0.1933 0.9136
vt 0.1905 0.8976
vt 0.2414 0.9134
vt 0.2386 0.8974
vt 0.1535 0.9134
vt 0.1566 0.8970
vt 0.1787 0.8912
vt 0.1886 0.8895
vt 0.2268 0.8910
vt 0.2367 0.8893
vt 0.1589 0.8889
vt 0.1689 0.8910
vt 0.2069 0.8887
vt 0.2169 0.8908
vt 0.1777 0.8802
vt 0.1852 0.8785
vt 0.2258 0.8800
vt 0.2332 0.8782
vt 0.1628 0.8778
vt 0.1703 0.8800
vt 0.2109 0.8776
vt 0.2183 0.8798
vt 0.2248 0.8726
vt 0.2300 0.8708
vt 0.1665 0.8706
vt 0.1715 0.8727
vt 0.2146 0.8704
vt 0.2196 0.8725
vt 0.1767 0.8729
vt 0.1820 0.8710
vt 0.1745 0.8614
vt 0.2225 0.8612
vt 0.2543 0.8920
vt 0.2538 0.8746
vt 0.2534 0.9097
vt 0.2521 0.9280
vt 0.2487 0.9857
vt 0.2505 0.9667
vt 0.2507 0.9472
vt 0.2949 0.7119
vt 0.2936 0.7353
vt 0.3075 0.7373
vt 0.3111 0.7136
vt 0.2385 0.7136
vt 0.2372 0.7370
vt 0.2788 0.7119
vt 0.2800 0.7352
vt 0.2224 0.7136
vt 0.2235 0.7368
vt 0.2066 0.7152
vt 0.2098 0.7384
vt 0.2806 0.7466
vt 0.2926 0.7468
vt 0.2242 0.7483
vt 0.2362 0.7485
vt 0.2122 0.7501
vt 0.3048 0.7490
vt 0.2819 0.7622
vt 0.2909 0.7624
vt 0.2254 0.7639
vt 0.2345 0.7642
vt 0.2164 0.7658
vt 0.3000 0.7648
vt 0.2267 0.7742
vt 0.2330 0.7744
vt 0.2831 0.7725
vt 0.2203 0.7762
vt 0.2894 0.7727
vt 0.2955 0.7750
vt 0.2619 0.9480
vt 0.2823 0.9482
vt 0.2824 0.9297
vt 0.2625 0.9294
vt 0.2640 0.8928
vt 0.2846 0.8942
vt 0.2614 0.9675
vt 0.2832 0.9674
vt 0.2633 0.9112
vt 0.2831 0.9119
vt 0.2883 0.9127
vt 0.2895 0.8956
vt 0.2890 0.9663
vt 0.2878 0.9302
vt 0.2878 0.9481
vt 0.3039 0.9147
vt 0.3050 0.8990
vt 0.3050 0.9638
vt 0.3035 0.9308
vt 0.3038 0.9473
vt 0.1917 0.7093
vt 0.1853 0.6873
vt 0.1624 0.7010
vt 0.1673 0.7160
vt 0.0435 0.6664
vt 0.0279 0.6792
vt 0.0492 0.6954
vt 0.0600 0.6916
vt 0.1412 0.7997
vt 0.1434 0.8155
vt 0.1593 0.8125
vt 0.1645 0.8014
vt 0.0752 0.7989
vt 0.0714 0.7627
vt 0.0427 0.7669
vt 0.0519 0.7987
vt 0.1719 0.6733
vt 0.1366 0.6532
vt 0.1216 0.6844
vt 0.1526 0.6962
vt 0.0114 0.7781
vt 0.0265 0.8141
vt 0.1768 0.8335
vt 0.1889 0.8187
vt 0.0718 0.8138
vt 0.0561 0.8096
vt 0.0370 0.8291
vt 0.0583 0.8419
vt 0.1546 0.8446
vt 0.1522 0.7194
vt 0.1155 0.7143
vt 0.0579 0.7150
vt 0.0425 0.7098
vt 0.0192 0.7003
vt 0.0265 0.9210
vt 0.0300 0.8756
vt 0.1222 0.9204
vt 0.1169 0.8758
vt 0.1023 0.8759
vt 0.1004 0.9213
vt 0.0484 0.9208
vt 0.0446 0.8761
vt 0.0688 0.9179
vt 0.0601 0.8713
vt 0.0872 0.8708
vt 0.0782 0.9188
vt 0.1020 0.9927
vt 0.1020 0.9435
vt 0.0818 0.9435
vt 0.0818 0.9927
vt 0.2089 0.9931
vt 0.2089 0.9438
vt 0.1887 0.9438
vt 0.1887 0.9931
vt 0.1222 0.9435
vt 0.1222 0.9927
vt 0.1685 0.9438
vt 0.1685 0.9931
vt 0.1477 0.7646
vt 0.0916 0.6836
vt 0.0943 0.7140
vt 0.1760 0.7710
vt 0.2064 0.7846
vt 0.0803 0.6508
vt 0.2359 0.8169
vt 0.2379 0.8245
vt 0.2541 0.8245
vt 0.2561 0.8169
vt 0.2561 0.8167
vt 0.2541 0.8092
vt 0.2566 0.7974
vt 0.2586 0.8050
vt 0.2747 0.8050
vt 0.2768 0.7974
vt 0.2362 0.7974
vt 0.2382 0.8050
vt 0.2543 0.8050
vt 0.2564 0.7974
vt 0.2745 0.8245
vt 0.2765 0.8169
vt 0.2563 0.8092
vt 0.2583 0.8167
vt 0.2745 0.8167
vt 0.2765 0.8092
vt 0.0739 0.9765
vt 0.0419 0.9765
vt 0.0050 0.9768
vt 0.0369 0.9768
vt 0.0369 0.9606
vt 0.0050 0.9606
vt 0.0739 0.9603
vt 0.0419 0.9603
vt 0.0739 0.9442
vt 0.0419 0.9442
vt 0.0050 0.9929
vt 0.0369 0.9929
vt 0.2150 0.9150
vt 0.2161 0.8988
vt 0.1803 0.9152
vt 0.1793 0.8992
vt 0.1681 0.8990
vt 0.1669 0.9152
vt 0.2283 0.9150
vt 0.2274 0.8990
vt 0.2414 0.9134
vt 0.2386 0.8974
vt 0.1566 0.8970
vt 0.1535 0.9134
vt 0.1787 0.8912
vt 0.2367 0.8893
vt 0.2268 0.8910
vt 0.1689 0.8910
vt 0.1589 0.8889
vt 0.2169 0.8908
vt 0.1777 0.8802
vt 0.2332 0.8782
vt 0.2258 0.8800
vt 0.1703 0.8800
vt 0.1628 0.8778
vt 0.2183 0.8798
vt 0.2300 0.8708
vt 0.2248 0.8726
vt 0.1715 0.8727
vt 0.1665 0.8706
vt 0.2196 0.8725
vt 0.1767 0.8729
vt 0.2543 0.8920
vt 0.2534 0.9097
vt 0.2521 0.9280
vt 0.2505 0.9667
vt 0.2507 0.9472
vn -0.8819 0.4714 0.0000
vn -0.9569 0.2903 0.0000
vn -0.9952 0.0980 -0.0000
vn -0.9952 -0.0980 0.0000
vn -0.9569 -0.2903 0.0000
vn -0.8819 -0.4714 -0.0000
vn -0.7730 -0.6344 -0.0000
vn -0.6344 -0.7730 0.0000
vn -0.4714 -0.8819 0.0000
vn -0.0980 0.9952 -0.0000
vn -0.2127 -0.9768 0.0235
vn -0.2903 0.9569 -0.0000
vn 0.2255 -0.9712 0.0769
vn -0.4714 0.8819 0.0000
vn -0.6344 0.7730 0.0000
vn -0.7730 0.6344 0.0000
vn -0.0000 -0.8819 0.4714
vn -0.0000 0.0980 0.9952
vn -0.0000 -0.7730 0.6344
vn -0.0000 0.2903 0.9569
vn -0.0000 -0.6344 0.7730
vn -0.0000 0.4714 0.8819
vn -0.0000 -0.4714 0.8819
vn -0.0000 0.6344 0.7730
vn -0.0000 -0.2903 0.9569
vn -0.0000 0.7730 0.6344
vn -0.0000 -0.0980 0.9952
vn -0.0000 0.8819 0.4714
vn -0.0000 0.9569 0.2903
vn -0.0000 0.9950 0.1002
vn 0.0000 1.0000 0.0000
vn -1.0000 0.0000 -0.0000
vn 0.0000 -0.0000 1.0000
vn -0.0000 0.0000 -1.0000
vn -0.2151 0.0365 0.9759
vn 1.0000 -0.0000 0.0000
vn -0.0000 -1.0000 0.0000
vn -0.0337 -0.9583 0.2837
vn -0.0879 -0.9760 -0.1992
vn -0.9987 0.0441 0.0247
vn -0.5232 -0.1358 0.8413
vn -0.5629 0.5244 0.6389
vn -0.5636 0.3894 0.7285
vn -0.5624 0.6392 0.5246
vn -0.4823 0.8573 0.1800
vn -0.5203 0.1361 0.8431
vn -0.5141 -0.8554 0.0629
vn -0.5626 0.7911 0.2400
vn -0.5712 -0.3869 0.7239
vn -0.5648 0.2396 0.7897
vn -0.5764 -0.7207 0.3852
vn -0.5694 -0.2386 0.7866
vn -0.5748 -0.6326 0.5191
vn -0.5730 -0.5199 0.6335
vn -0.5623 0.7293 0.3898
vn -0.7833 0.4187 0.4594
vn -0.8498 0.2578 0.4598
vn -0.8836 0.0870 0.4602
vn -0.8834 -0.0870 0.4604
vn -0.8494 -0.2577 0.4605
vn -0.6735 -0.4661 0.5737
vn -0.6885 -0.4458 0.5721
vn -0.5632 -0.6863 0.4602
vn -0.4186 -0.7831 0.4598
vn -0.1773 0.9230 0.3415
vn -0.1014 -0.9307 0.3515
vn -0.2582 0.8511 0.4572
vn -0.4191 0.7841 0.4578
vn -0.5638 0.6870 0.4584
vn -0.6868 0.5636 0.4589
vn 0.0360 -0.1308 -0.9908
vn 0.1105 0.0747 -0.9911
vn 0.0268 0.1585 -0.9870
vn 0.1389 0.0419 -0.9894
vn -0.9983 0.0413 0.0403
vn 0.1394 0.0178 -0.9901
vn 0.0287 -0.1464 -0.9888
vn 0.1110 0.0715 -0.9912
vn 0.1201 -0.0648 -0.9906
vn 0.0573 -0.1169 -0.9915
vn 0.0403 -0.0029 0.9992
vn 0.0924 0.1206 -0.9884
vn 0.0797 -0.1004 -0.9917
vn 0.1304 -0.0413 -0.9906
vn 0.1052 -0.0824 -0.9910
vn 0.0744 0.1384 -0.9876
vn 0.1351 -0.0115 -0.9908
vn 0.9613 0.2719 -0.0437
vn 0.9639 -0.1267 -0.2341
vn 0.9602 -0.2248 -0.1659
vn 0.9587 -0.2496 -0.1365
vn -0.0451 0.0423 0.9981
vn 0.9541 -0.2931 -0.0608
vn 0.9632 0.1679 -0.2097
vn 0.9631 -0.1730 -0.2061
vn 0.9608 -0.2654 -0.0802
vn 0.9630 0.2130 -0.1649
vn 0.9630 0.1310 -0.2353
vn 0.9641 0.0788 -0.2535
vn 0.9611 0.0443 -0.2727
vn 0.9606 0.2482 -0.1252
vn 0.9601 -0.0469 -0.2756
vn 0.9638 -0.0742 -0.2563
vn 0.8819 0.4714 -0.0000
vn 0.9569 0.2903 -0.0000
vn 0.9952 0.0980 0.0000
vn 0.9952 -0.0980 0.0000
vn 0.9569 -0.2903 0.0000
vn 0.8819 -0.4714 0.0000
vn 0.7730 -0.6344 -0.0000
vn 0.6344 -0.7730 -0.0000
vn 0.4714 -0.8819 0.0000
vn 0.0980 0.9952 -0.0000
vn 0.2127 -0.9768 0.0235
vn 0.2903 0.9569 0.0000
vn -0.2255 -0.9712 0.0769
vn 0.4714 0.8819 -0.0000
vn 0.6344 0.7730 0.0000
vn 0.7730 0.6344 -0.0000
vn 0.2314 0.0393 0.9721
vn -1.0000 -0.0047 -0.0009
vn 0.0319 -0.9583 0.2841
vn 0.0879 -0.9760 -0.1992
vn 0.9987 0.0441 0.0247
vn -1.0000 0.0049 -0.0011
vn 0.4936 -0.0852 0.8655
vn 0.5605 0.5699 0.6009
vn 0.4923 0.4103 0.7677
vn 0.5610 0.6001 0.5702
vn 0.3859 0.9057 0.1755
vn 0.4932 0.0853 0.8657
vn 0.1335 -0.9881 0.0766
vn 0.4899 0.8342 0.2531
vn 0.4939 -0.4099 0.7668
vn 0.4928 0.2526 0.8327
vn 0.3747 -0.8576 0.3523
vn 0.4938 -0.2524 0.8321
vn 0.4938 -0.6722 0.5516
vn 0.4939 -0.5516 0.6721
vn 0.4905 0.7685 0.4108
vn 0.7856 0.4199 0.4545
vn 0.8524 0.2586 0.4545
vn 0.9168 0.1558 0.3678
vn 0.9166 -0.1558 0.3682
vn 0.8521 -0.2585 0.4552
vn 0.7851 -0.4196 0.4556
vn 0.6879 -0.5646 0.4561
vn 0.5644 -0.6877 0.4566
vn 0.4192 -0.7843 0.4572
vn 0.1773 0.9234 0.3403
vn 0.1013 -0.9309 0.3510
vn 0.2584 0.8519 0.4556
vn 0.4197 0.7853 0.4552
vn 0.5130 0.8043 0.2999
vn 0.8181 0.5042 0.2765
vn -0.0360 -0.1309 -0.9907
vn -0.1288 0.0683 -0.9893
vn -0.0268 0.1586 -0.9870
vn -0.1395 0.0420 -0.9893
vn 0.9985 0.0400 0.0382
vn 1.0000 0.0016 -0.0032
vn -0.1481 0.0290 -0.9886
vn -0.0287 -0.1466 -0.9888
vn -0.1134 0.0913 -0.9893
vn -0.1205 -0.0651 -0.9906
vn -0.0574 -0.1170 -0.9915
vn -0.0403 -0.0029 0.9992
vn -0.0926 0.1209 -0.9883
vn -0.0747 -0.1188 -0.9901
vn -0.1309 -0.0415 -0.9905
vn -0.1312 -0.0803 -0.9881
vn -0.0746 0.1387 -0.9875
vn -0.1433 -0.0218 -0.9894
vn -0.9854 0.1680 -0.0276
vn -0.9870 -0.0766 -0.1415
vn -0.9791 -0.1797 -0.0952
vn -0.9846 -0.1533 -0.0838
vn 0.0427 0.0545 0.9976
vn -0.9830 -0.1803 -0.0346
vn -0.9864 0.1028 -0.1284
vn -0.9800 -0.1016 -0.1709
vn -0.9856 -0.1621 -0.0490
vn -0.9862 0.1308 -0.1014
vn -0.9864 0.0800 -0.1439
vn -0.9869 0.0479 -0.1540
vn -0.9935 0.0887 -0.0712
vn -0.9850 0.1542 -0.0778
vn -0.9933 -0.0895 -0.0736
vn -0.9869 -0.0449 -0.1551
vn -0.2127 -0.9768 -0.0235
vn 0.2255 -0.9712 -0.0769
vn -0.0000 -0.8819 -0.4714
vn -0.0000 0.0980 -0.9952
vn -0.0000 -0.7730 -0.6344
vn -0.0000 0.2903 -0.9569
vn -0.0000 -0.6344 -0.7730
vn -0.0000 0.4714 -0.8819
vn -0.0000 -0.4714 -0.8819
vn 0.0000 0.6344 -0.7730
vn -0.0000 -0.2903 -0.9569
vn -0.0000 0.7730 -0.6344
vn -0.0000 -0.0980 -0.9952
vn -0.0000 0.8819 -0.4714
vn -0.0000 0.9569 -0.2903
vn -0.0000 0.9950 -0.1002
vn -0.2151 0.0365 -0.9759
vn -0.0337 -0.9583 -0.2837
vn -0.0879 -0.9760 0.1992
vn -0.9987 0.0441 -0.0247
vn -0.5747 -0.0802 -0.8144
vn -0.5684 0.5219 -0.6360
vn -0.5699 0.3873 -0.7247
vn -0.5670 0.6368 -0.5226
vn -0.4840 0.8564 -0.1798
vn -0.5732 0.0803 -0.8155
vn -0.5145 -0.8552 -0.0630
vn -0.5026 0.8451 -0.1823
vn -0.6361 -0.4287 -0.6415
vn -0.5716 0.2382 -0.7852
vn -0.5797 -0.7186 -0.3841
vn -0.5762 -0.2373 -0.7821
vn -0.5792 -0.6301 -0.5171
vn -0.6361 -0.4286 -0.6416
vn -0.4874 0.7237 -0.4886
vn -0.8863 0.3728 -0.2745
vn -0.8816 0.2674 -0.3889
vn -0.9169 0.0903 -0.3888
vn -0.9169 -0.0903 -0.3887
vn -0.8817 -0.2675 -0.3886
vn -0.8127 -0.4344 -0.3885
vn -0.7123 -0.5846 -0.3884
vn -0.5813 -0.7130 -0.3920
vn -0.4372 -0.8085 -0.3938
vn -0.1629 0.9399 -0.3000
vn -0.1054 -0.9521 -0.2869
vn -0.2674 0.8815 -0.3892
vn -0.4342 0.8124 -0.3892
vn -0.5844 0.7121 -0.3891
vn -0.6855 0.6718 -0.2808
vn 0.0521 -0.1893 0.9805
vn 0.1864 0.0988 0.9775
vn 0.0388 0.2298 0.9725
vn 0.2017 0.0608 0.9776
vn -0.9987 0.0381 -0.0350
vn 0.2024 0.0258 0.9790
vn 0.0373 -0.2089 0.9772
vn 0.1640 0.1321 0.9776
vn 0.1987 -0.0856 0.9763
vn 0.0830 -0.1692 0.9821
vn 0.0403 -0.0029 -0.9992
vn 0.1331 0.1750 0.9755
vn 0.1155 -0.1455 0.9826
vn 0.1892 -0.0599 0.9801
vn 0.1529 -0.1399 0.9783
vn 0.1085 0.1995 0.9739
vn 0.1960 -0.0167 0.9805
vn 0.9614 0.2716 0.0437
vn 0.9644 -0.1259 0.2326
vn 0.9606 -0.2238 0.1651
vn 0.9499 -0.2581 0.1760
vn -0.0482 0.0439 -0.9979
vn 0.9543 -0.2926 0.0607
vn 0.9679 0.1385 0.2097
vn 0.9635 -0.1720 0.2049
vn 0.9559 -0.2870 0.0627
vn 0.9634 0.2120 0.1641
vn 0.9681 0.1412 0.2068
vn 0.9646 0.0783 0.2517
vn 0.9651 0.0270 0.2604
vn 0.9609 0.2474 0.1247
vn 0.9645 -0.0292 0.2626
vn 0.9643 -0.0736 0.2544
vn 0.2127 -0.9768 -0.0235
vn -0.2255 -0.9712 -0.0769
vn 0.2314 0.0393 -0.9721
vn 0.0319 -0.9583 -0.2841
vn 0.0879 -0.9760 0.1992
vn 0.9987 0.0441 -0.0247
vn 0.3881 -0.1676 -0.9063
vn 0.4864 0.5543 -0.6754
vn 0.4862 0.4119 -0.7707
vn 0.4867 0.6753 -0.5542
vn 0.3844 0.9063 -0.1756
vn 0.3873 0.1677 -0.9066
vn 0.4003 -0.9137 -0.0699
vn 0.4879 0.8353 -0.2534
vn 0.4878 -0.4115 -0.7699
vn 0.4862 0.2537 -0.8362
vn 0.5215 -0.7397 -0.4253
vn 0.4872 -0.2535 -0.8357
vn 0.5202 -0.6762 -0.5217
vn 0.4886 -0.5535 -0.6745
vn 0.4872 0.7702 -0.4117
vn 0.8125 0.4343 -0.3890
vn 0.8816 0.2674 -0.3889
vn 0.9169 0.0903 -0.3888
vn 0.9169 -0.0903 -0.3887
vn 0.8817 -0.2675 -0.3886
vn 0.8127 -0.4344 -0.3885
vn 0.7123 -0.5846 -0.3884
vn 0.5846 -0.7123 -0.3883
vn 0.4344 -0.8127 -0.3883
vn 0.1629 0.9399 -0.3000
vn 0.1054 -0.9521 -0.2869
vn 0.2674 0.8815 -0.3892
vn 0.4342 0.8124 -0.3892
vn 0.5844 0.7121 -0.3891
vn 0.7121 0.5844 -0.3890
vn -0.0521 -0.1893 0.9805
vn -0.1864 0.0988 0.9775
vn -0.0388 0.2298 0.9725
vn -0.2017 0.0608 0.9776
vn 0.9987 0.0381 -0.0350
vn -0.2024 0.0258 0.9790
vn -0.0373 -0.2089 0.9772
vn -0.1640 0.1321 0.9776
vn -0.1741 -0.0940 0.9802
vn -0.0830 -0.1692 0.9821
vn -0.0403 -0.0029 -0.9992
vn -0.1341 0.1751 0.9754
vn -0.1155 -0.1455 0.9826
vn -0.1892 -0.0599 0.9801
vn -0.1524 -0.1195 0.9811
vn -0.1081 0.2010 0.9736
vn -0.1960 -0.0167 0.9805
vn -0.9854 0.1681 0.0276
vn -0.9868 -0.0770 0.1422
vn -0.9852 -0.1378 0.1019
vn -0.9845 -0.1538 0.0841
vn 0.0466 0.0446 -0.9979
vn -0.9830 -0.1806 0.0346
vn -0.9863 0.1033 0.1290
vn -0.9865 -0.1052 0.1254
vn -0.9855 -0.1624 0.0491
vn -0.9869 0.1304 0.0953
vn -0.9862 0.0805 0.1447
vn -0.9868 0.0482 0.1549
vn -0.9846 0.0317 0.1717
vn -0.9857 0.1479 0.0802
vn -0.9843 -0.0333 0.1736
vn -0.9867 -0.0452 0.1560
vn 0.7051 -0.0699 -0.7057
vn 0.6948 -0.0699 0.7157
vn -0.7051 -0.0699 -0.7057
vn -0.6948 -0.0699 0.7157
vn 0.6959 -0.1745 -0.6966
vn 0.6650 0.2977 0.6850
vn -0.6291 -0.4559 -0.6296
vn -0.6964 -0.0183 0.7174
vn 0.6147 -0.5452 -0.5700
vn 0.6934 -0.0330 0.7198
vn -0.7046 -0.1396 -0.6957
vn -0.6499 0.4167 0.6356
vn 0.6407 0.4223 -0.6412
vn 0.6964 -0.0212 0.7173
vn -0.6946 -0.1851 -0.6952
vn -0.5797 -0.5543 0.5972
vn 0.6996 -0.0183 -0.7143
vn 0.5999 -0.6077 0.5203
vn -0.6597 0.4681 -0.5879
vn -0.6949 -0.1927 0.6928
vn 0.9522 0.1169 0.2822
vn 0.9522 0.0000 0.3055
vn 0.9595 0.0000 0.2817
vn 0.9595 0.1078 0.2602
vn 0.9522 -0.2160 -0.2160
vn 0.9522 -0.1169 -0.2822
vn 0.9595 -0.1078 -0.2602
vn 0.9595 -0.1992 -0.1992
vn 0.9522 0.2160 0.2160
vn 0.9595 0.1992 0.1992
vn 0.9522 -0.2822 -0.1169
vn 0.9595 -0.2602 -0.1078
vn 0.9522 0.2822 0.1169
vn 0.9595 0.2602 0.1078
vn 0.9522 -0.3055 0.0000
vn 0.9595 -0.2817 0.0000
vn 0.9522 0.2822 -0.1169
vn 0.9522 0.3055 0.0000
vn 0.9595 0.2817 0.0000
vn 0.9595 0.2602 -0.1078
vn 0.9522 -0.2822 0.1169
vn 0.9595 -0.2602 0.1078
vn 0.9522 0.2160 -0.2160
vn 0.9595 0.1992 -0.1992
vn 0.9522 -0.2160 0.2160
vn 0.9595 -0.1992 0.1992
vn 0.9522 0.1169 -0.2822
vn 0.9595 0.1078 -0.2602
vn 0.9522 -0.1169 0.2822
vn 0.9595 -0.1078 0.2602
vn 0.9522 0.0000 -0.3055
vn 0.9595 0.0000 -0.2817
vn 0.9777 -0.0804 0.1941
vn 0.9777 0.0000 0.2101
vn 0.9777 0.0000 -0.2101
vn 0.9777 -0.0804 -0.1941
vn 0.9777 0.0804 0.1941
vn 0.9777 -0.1486 -0.1486
vn 0.9777 0.1486 0.1486
vn 0.9777 -0.1941 -0.0804
vn 0.9777 0.1941 0.0804
vn 0.9777 -0.2101 0.0000
vn 0.9777 0.2101 0.0000
vn 0.9777 0.1941 -0.0804
vn 0.9777 -0.1941 0.0804
vn 0.9777 0.1486 -0.1486
vn 0.9777 -0.1486 0.1486
vn 0.9777 0.0804 -0.1941
vn 0.9939 0.1021 -0.0423
vn 0.9939 0.0781 -0.0781
vn 0.9939 -0.1021 0.0423
vn 0.9939 -0.0781 0.0781
vn 0.9939 0.0423 -0.1021
vn 0.9939 -0.0423 0.1021
vn 0.9939 0.0000 -0.1105
vn 0.9939 0.0000 0.1105
vn 0.9939 -0.0423 -0.1021
vn 0.9939 0.0423 0.1021
vn 0.9939 -0.0781 -0.0781
vn 0.9939 0.0781 0.0781
vn 0.9939 -0.1021 -0.0423
vn 0.9939 0.1021 0.0423
vn 0.9939 -0.1105 0.0000
vn 0.9939 0.1105 0.0000
vn -0.9522 0.1169 0.2822
vn -0.9595 0.1078 0.2602
vn -0.9595 0.0000 0.2817
vn -0.9522 0.0000 0.3055
vn -0.9522 -0.2160 -0.2160
vn -0.9595 -0.1992 -0.1992
vn -0.9595 -0.1078 -0.2602
vn -0.9522 -0.1169 -0.2822
vn -0.9522 0.2160 0.2160
vn -0.9595 0.1992 0.1992
vn -0.9522 -0.2822 -0.1169
vn -0.9595 -0.2602 -0.1078
vn -0.9522 0.2822 0.1169
vn -0.9595 0.2602 0.1078
vn -0.9522 -0.3055 0.0000
vn -0.9595 -0.2817 0.0000
vn -0.9522 0.2822 -0.1169
vn -0.9595 0.2602 -0.1078
vn -0.9595 0.2817 0.0000
vn -0.9522 0.3055 0.0000
vn -0.9522 -0.2822 0.1169
vn -0.9595 -0.2602 0.1078
vn -0.9522 0.2160 -0.2160
vn -0.9595 0.1992 -0.1992
vn -0.9522 -0.2160 0.2160
vn -0.9595 -0.1992 0.1992
vn -0.9522 0.1169 -0.2822
vn -0.9595 0.1078 -0.2602
vn -0.9522 -0.1169 0.2822
vn -0.9595 -0.1078 0.2602
vn -0.9522 0.0000 -0.3055
vn -0.9595 0.0000 -0.2817
vn -0.9777 0.0000 0.2101
vn -0.9777 -0.0804 0.1941
vn -0.9777 -0.0804 -0.1941
vn -0.9777 0.0000 -0.2101
vn -0.9777 0.0804 0.1941
vn -0.9777 -0.1486 -0.1486
vn -0.9777 0.1486 0.1486
vn -0.9777 -0.1941 -0.0804
vn -0.9777 0.1941 0.0804
vn -0.9777 -0.2101 0.0000
vn -0.9777 0.1941 -0.0804
vn -0.9777 0.2101 0.0000
vn -0.9777 -0.1941 0.0804
vn -0.9777 0.1486 -0.1486
vn -0.9777 -0.1486 0.1486
vn -0.9777 0.0804 -0.1941
vn -0.9939 0.0781 -0.0781
vn -0.9939 0.1021 -0.0423
vn -0.9939 -0.0781 0.0781
vn -0.9939 -0.1021 0.0423
vn -0.9939 0.0423 -0.1021
vn -0.9939 -0.0423 0.1021
vn -0.9939 0.0000 -0.1105
vn -0.9939 0.0000 0.1105
vn -0.9939 -0.0423 -0.1021
vn -0.9939 0.0423 0.1021
vn -0.9939 -0.0781 -0.0781
vn -0.9939 0.0781 0.0781
vn -0.9939 -0.1021 -0.0423
vn -0.9939 0.1021 0.0423
vn -0.9939 -0.1105 0.0000
vn -0.9939 0.1105 0.0000
vn -0.2822 0.1169 0.9522
vn -0.3055 0.0000 0.9522
vn -0.2817 0.0000 0.9595
vn -0.2602 0.1078 0.9595
vn 0.2160 -0.2160 0.9522
vn 0.2822 -0.1169 0.9522
vn 0.2602 -0.1078 0.9595
vn 0.1992 -0.1992 0.9595
vn -0.2160 0.2160 0.9522
vn -0.1992 0.1992 0.9595
vn 0.1169 -0.2822 0.9522
vn 0.1078 -0.2602 0.9595
vn -0.1169 0.2822 0.9522
vn -0.1078 0.2602 0.9595
vn 0.0000 -0.3055 0.9522
vn 0.0000 -0.2817 0.9595
vn 0.1169 0.2822 0.9522
vn 0.0000 0.3055 0.9522
vn 0.0000 0.2817 0.9595
vn 0.1078 0.2602 0.9595
vn -0.1169 -0.2822 0.9522
vn -0.1078 -0.2602 0.9595
vn 0.2160 0.2160 0.9522
vn 0.1992 0.1992 0.9595
vn -0.2160 -0.2160 0.9522
vn -0.1992 -0.1992 0.9595
vn 0.2822 0.1169 0.9522
vn 0.2602 0.1078 0.9595
vn -0.2822 -0.1169 0.9522
vn -0.2602 -0.1078 0.9595
vn 0.3055 0.0000 0.9522
vn 0.2817 0.0000 0.9595
vn -0.1941 -0.0804 0.9777
vn -0.2101 0.0000 0.9777
vn 0.2101 0.0000 0.9777
vn 0.1941 -0.0804 0.9777
vn -0.1941 0.0804 0.9777
vn 0.1486 -0.1486 0.9777
vn -0.1486 0.1486 0.9777
vn 0.0804 -0.1941 0.9777
vn -0.0804 0.1941 0.9777
vn 0.0000 -0.2101 0.9777
vn 0.0000 0.2101 0.9777
vn 0.0804 0.1941 0.9777
vn -0.0804 -0.1941 0.9777
vn 0.1486 0.1486 0.9777
vn -0.1486 -0.1486 0.9777
vn 0.1941 0.0804 0.9777
vn 0.0423 0.1021 0.9939
vn 0.0781 0.0781 0.9939
vn -0.0423 -0.1021 0.9939
vn -0.0781 -0.0781 0.9939
vn 0.1021 0.0423 0.9939
vn -0.1021 -0.0423 0.9939
vn 0.1105 0.0000 0.9939
vn -0.1105 0.0000 0.9939
vn 0.1021 -0.0423 0.9939
vn -0.1021 0.0423 0.9939
vn 0.0781 -0.0781 0.9939
vn -0.0781 0.0781 0.9939
vn 0.0423 -0.1021 0.9939
vn -0.0423 0.1021 0.9939
vn 0.0000 -0.1105 0.9939
vn 0.0000 0.1105 0.9939
vn -0.2822 0.1169 -0.9522
vn -0.2602 0.1078 -0.9595
vn -0.2817 0.0000 -0.9595
vn -0.3055 0.0000 -0.9522
vn 0.2160 -0.2160 -0.9522
vn 0.1992 -0.1992 -0.9595
vn 0.2602 -0.1078 -0.9595
vn 0.2822 -0.1169 -0.9522
vn -0.2160 0.2160 -0.9522
vn -0.1992 0.1992 -0.9595
vn 0.1169 -0.2822 -0.9522
vn 0.1078 -0.2602 -0.9595
vn -0.1169 0.2822 -0.9522
vn -0.1078 0.2602 -0.9595
vn 0.0000 -0.3055 -0.9522
vn 0.0000 -0.2817 -0.9595
vn 0.1169 0.2822 -0.9522
vn 0.1078 0.2602 -0.9595
vn 0.0000 0.2817 -0.9595
vn 0.0000 0.3055 -0.9522
vn -0.1169 -0.2822 -0.9522
vn -0.1078 -0.2602 -0.9595
vn 0.2160 0.2160 -0.9522
vn 0.1992 0.1992 -0.9595
vn -0.2160 -0.2160 -0.9522
vn -0.1992 -0.1992 -0.9595
vn 0.2822 0.1169 -0.9522
vn 0.2602 0.1078 -0.9595
vn -0.2822 -0.1169 -0.9522
vn -0.2602 -0.1078 -0.9595
vn 0.3055 0.0000 -0.9522
vn 0.2817 0.0000 -0.9595
vn -0.2101 0.0000 -0.9777
vn -0.1941 -0.0804 -0.9777
vn 0.1941 -0.0804 -0.9777
vn 0.2101 0.0000 -0.9777
vn -0.1941 0.0804 -0.9777
vn 0.1486 -0.1486 -0.9777
vn -0.1486 0.1486 -0.9777
vn 0.0804 -0.1941 -0.9777
vn -0.0804 0.1941 -0.9777
vn 0.0000 -0.2101 -0.9777
vn 0.0804 0.1941 -0.9777
vn 0.0000 0.2101 -0.9777
vn -0.0804 -0.1941 -0.9777
vn 0.1486 0.1486 -0.9777
vn -0.1486 -0.1486 -0.9777
vn 0.1941 0.0804 -0.9777
vn 0.0781 0.0781 -0.9939
vn 0.0423 0.1021 -0.9939
vn -0.0781 -0.0781 -0.9939
vn -0.0423 -0.1021 -0.9939
vn 0.1021 0.0423 -0.9939
vn -0.1021 -0.0423 -0.9939
vn 0.1105 0.0000 -0.9939
vn -0.1105 0.0000 -0.9939
vn 0.1021 -0.0423 -0.9939
vn -0.1021 0.0423 -0.9939
vn 0.0781 -0.0781 -0.9939
vn -0.0781 0.0781 -0.9939
vn 0.0423 -0.1021 -0.9939
vn -0.0423 0.1021 -0.9939
vn 0.0000 -0.1105 -0.9939
vn 0.0000 0.1105 -0.9939
vn 0.0052 -0.9957 0.0923
vn 0.4241 -0.3186 -0.8477
vn 0.9873 0.0817 -0.1364
vn 0.4242 -0.4637 0.7778
vn -0.9088 -0.3988 0.1223
vn -0.9293 -0.3372 0.1501
vn -0.4267 0.3173 -0.8469
vn -0.5551 0.2951 -0.7776
vn 0.5329 -0.1728 0.8283
vn 0.4720 0.0218 0.8813
vn -0.3731 -0.4341 0.8199
vn -0.3736 -0.4324 0.8206
vn 0.3458 0.5315 -0.7732
vn 0.3179 0.6127 -0.7236
vn -0.4026 0.6804 -0.6124
vn 0.0978 0.9485 -0.3013
vn 0.2318 0.7929 -0.5635
vn 0.3856 0.3811 -0.8402
vn 0.4072 0.2673 -0.8733
vn -0.5126 0.0069 -0.8586
vn -0.5330 0.0950 -0.8407
vn 0.2932 0.3683 0.8822
vn -0.3415 0.6904 0.6377
vn -0.9629 -0.2474 0.1080
vn -0.9821 -0.0507 0.1811
vn -0.8584 -0.4969 0.1274
vn -0.3412 -0.5460 0.7651
vn -0.3351 -0.5643 0.7544
vn 0.6725 0.7340 -0.0947
vn 0.9789 0.1704 -0.1127
vn 0.5005 -0.3286 0.8009
vn 0.4866 -0.2666 0.8319
vn -0.3543 -0.5036 0.7879
vn -0.8325 -0.5264 0.1726
vn -0.8436 -0.5122 0.1611
vn -0.9000 0.3088 0.3077
vn -0.4555 0.4664 -0.7582
vn 0.3094 0.6345 -0.7082
vn -0.3685 -0.4523 0.8121
vn -0.4274 0.2833 -0.8585
vn 0.9272 0.3691 -0.0639
vn 0.8998 0.3835 -0.2081
vn 0.4390 -0.4482 0.7787
vn -0.3530 -0.5078 0.7858
vn -0.5466 0.1533 -0.8232
vn 0.8365 0.5308 -0.1361
vn 0.4733 -0.4304 0.7686
vn 0.9689 0.2289 -0.0934
vn -0.8992 -0.0880 -0.4285
vn -0.9866 -0.0863 -0.1386
vn -0.9183 0.3858 -0.0880
vn -0.8268 0.4199 -0.3743
vn 0.9120 0.3501 -0.2135
vn 0.3674 0.4565 -0.8103
vn 0.0457 -0.9944 0.0947
vn -0.1078 -0.9310 0.3487
vn -0.5188 -0.8473 0.1134
vn -0.3955 -0.9048 -0.1578
vn 0.3819 0.0604 0.9222
vn 0.2555 0.4463 0.8576
vn -0.0910 0.2680 0.9591
vn -0.0135 0.0301 0.9995
vn 0.3635 0.4710 -0.8037
vn -0.9887 -0.0782 0.1279
vn -0.8640 -0.4657 0.1915
vn -0.7818 -0.2941 0.5498
vn -0.8584 -0.0553 0.5100
vn 0.7435 0.5728 0.3450
vn 0.6606 0.5702 0.4882
vn 0.8188 0.0856 0.5676
vn 0.9014 0.0880 0.4239
vn 0.8291 -0.4196 0.3694
vn 0.7468 -0.4225 0.5136
vn 0.4638 -0.8179 0.3405
vn 0.5462 -0.8143 0.1962
vn 0.8824 0.0876 0.4623
vn 0.8100 -0.4215 0.4077
vn 0.7769 -0.4228 0.4664
vn 0.8491 0.0867 0.5210
vn -0.6548 0.7523 0.0728
vn -0.7032 0.6406 0.3083
vn -0.3704 0.7806 0.5034
vn -0.2667 0.9156 0.3007
vn 0.0812 -0.6478 -0.7575
vn -0.2153 -0.3858 -0.8971
vn 0.1903 -0.1930 -0.9626
vn 0.3307 -0.3244 -0.8862
vn -0.5388 0.8157 -0.2105
vn -0.1207 0.9920 0.0352
vn -0.1121 0.9935 0.0202
vn -0.5307 0.8169 -0.2259
vn 0.5264 -0.8174 0.2340
vn 0.1076 -0.9941 -0.0123
vn 0.0740 -0.9962 0.0461
vn 0.4932 -0.8192 0.2926
vn 0.7746 0.5688 0.2765
vn 0.9298 0.1096 0.3514
vn 0.9828 0.0918 -0.1598
vn 0.8628 0.4562 -0.2179
vn 0.7240 0.5737 0.3831
vn -0.4183 -0.9000 -0.1227
vn -0.7598 -0.5534 -0.3412
vn -0.7517 -0.5556 -0.3553
vn -0.4082 -0.9022 -0.1391
vn -0.3343 -0.9044 -0.2651
vn -0.6810 -0.5722 -0.4569
vn -0.7153 -0.5737 -0.3989
vn -0.3684 -0.9063 -0.2070
vn -0.8405 -0.5379 -0.0649
vn -0.5882 -0.7314 0.3449
vn -0.8220 0.4204 -0.3840
vn -0.8142 0.4211 -0.3995
vn 0.6761 0.5718 0.4646
vn 0.8316 0.1050 0.5454
vn -0.7698 -0.0411 -0.6370
vn -0.6996 0.4197 -0.5783
vn -0.3001 0.3385 -0.8918
vn -0.3512 -0.0286 -0.9359
vn -0.5437 0.8148 -0.2011
vn -0.1259 0.9910 0.0444
vn 0.1586 0.1755 -0.9716
vn 0.1306 -0.0063 -0.9914
vn 0.0286 -0.9922 0.1213
vn -0.2282 -0.8737 -0.4295
vn 0.1816 -0.9717 -0.1510
vn -0.4194 0.8115 -0.4069
vn -0.0790 0.6479 -0.7576
vn -0.5893 -0.5539 -0.5881
vn 0.6096 -0.7901 0.0643
vn 0.4069 -0.7086 -0.5764
vn 0.7117 -0.5870 -0.3859
vn -0.8913 -0.0504 -0.4506
vn 0.0225 -0.9905 0.1358
vn 0.4479 -0.8123 0.3735
vn 0.3204 0.9025 0.2877
vn 0.6666 0.5709 0.4792
vn 0.3295 0.9038 0.2729
vn 0.4320 0.8976 0.0867
vn -0.8015 0.4220 -0.4236
vn -0.5178 0.8182 -0.2497
vn 0.1287 -0.9904 -0.0493
vn -0.6576 -0.5699 -0.4927
vn -0.7414 -0.5730 -0.3493
vn -0.8158 -0.0856 -0.5719
vn 0.3977 0.9045 0.1537
vn 0.3149 0.9015 0.2967
vn -0.3119 -0.9010 -0.3014
vn -0.0051 0.9865 -0.1634
vn 0.7518 -0.4193 0.5089
vn 0.4552 -0.8160 0.3563
vn 0.8663 -0.4237 0.2646
vn 0.7471 -0.4071 0.5253
vn 0.8232 0.0930 0.5600
vn -0.7440 0.4223 -0.5177
vn -0.0987 0.9951 -0.0033
vn 0.9325 -0.2838 -0.2232
vn 0.6507 -0.2929 -0.7005
vn 0.7630 -0.1419 -0.6306
vn -0.9296 0.3267 0.1708
vn 0.7917 0.0536 -0.6085
vn 0.7327 0.2336 -0.6392
vn -0.0433 0.9942 -0.0987
vn 0.3772 0.9061 0.1913
vn -0.0649 0.9960 -0.0617
vn 0.4993 0.0297 -0.8659
vn 0.6905 0.5729 0.4416
vn 0.2481 0.7863 -0.5658
vn 0.4296 0.3965 -0.8112
vn 0.2681 0.3283 -0.9057
vn -0.4613 0.8176 -0.3445
vn -0.7675 0.4228 -0.4818
vn -0.8396 -0.0864 -0.5362
vn 0.3435 0.9053 0.2497
vn -0.8739 -0.0875 -0.4782
vn -0.8973 -0.0739 -0.4351
vn 0.1425 0.8327 0.5350
vn -0.0198 0.7096 0.7043
vn 0.4638 0.5254 0.7133
vn -0.2355 -0.8033 0.5470
vn 0.2817 -0.7662 0.5775
vn 0.0989 -0.6618 0.7431
vn 0.3248 -0.3453 0.8805
vn -0.0490 -0.2199 0.9743
vn 0.5931 0.7160 -0.3681
vn 0.6113 0.0753 0.7878
vn 0.5449 -0.3976 0.7382
vn -0.4766 0.4741 0.7403
vn -0.2605 0.4303 0.8643
vn -0.4839 0.8191 -0.3081
vn 0.4947 -0.3565 -0.7925
vn 0.5998 0.3618 -0.7136
vn -0.5001 -0.0143 0.8658
vn -0.3947 -0.5022 0.7694
vn -0.6120 -0.4579 0.6447
vn -0.1885 -0.4149 0.8901
vn -0.8216 0.1943 0.5358
vn -0.6818 0.3879 0.6202
vn 0.8349 -0.5438 0.0853
vn 0.5233 -0.8498 0.0628
vn 0.4142 -0.8142 0.4068
vn 0.7757 -0.4591 0.4330
vn -0.7919 0.4766 -0.3817
vn -0.6989 0.3861 -0.6020
vn -0.8804 -0.0796 -0.4674
vn -0.9675 0.0261 -0.2515
vn -0.6336 0.4982 0.5919
vn -0.7519 0.5476 0.3671
vn -0.8455 0.3073 0.4366
vn -0.6842 0.3684 0.6294
vn -0.8331 0.5360 -0.1361
vn -0.9913 0.1303 -0.0188
vn 0.5602 -0.2703 0.7830
vn 0.6989 -0.3861 0.6020
vn 0.8804 0.0796 0.4674
vn 0.7358 0.1802 0.6527
vn 0.1135 -0.9925 -0.0447
vn 0.1866 -0.9644 -0.1872
vn 0.5433 -0.8382 -0.0462
vn 0.5118 -0.8516 0.1129
vn -0.0339 -0.9727 0.2296
vn 0.1641 -0.9760 -0.1428
vn 0.5350 -0.8448 0.0038
vn -0.7358 -0.1802 -0.6527
vn -0.6832 -0.6100 -0.4014
vn -0.8260 -0.5240 -0.2075
vn 0.4352 -0.8270 0.3559
vn 0.8332 -0.5360 0.1361
vn 0.7919 -0.4766 0.3817
vn -0.4093 -0.3698 0.8341
vn -0.3349 -0.5932 0.7320
vn 0.0634 -0.4523 0.8896
vn -0.0812 -0.2537 0.9638
vn -0.0345 0.4146 -0.9093
vn 0.3518 0.5513 -0.7565
vn 0.2152 0.8112 -0.5437
vn -0.2329 0.6527 -0.7209
vn -0.0071 -0.9835 0.1809
vn -0.8197 0.5603 0.1190
vn -0.9499 0.2261 0.2156
vn 0.1370 -0.9864 -0.0900
vn -0.4568 0.4067 0.7911
vn -0.3466 0.1819 0.9202
vn -0.2437 0.2829 0.9276
vn 0.3301 -0.7483 0.5753
vn 0.8341 -0.5510 0.0255
vn -0.2388 -0.7772 0.5822
vn -0.1271 -0.9101 0.3945
vn 0.2035 -0.6207 0.7571
vn -0.5428 -0.2690 -0.7956
vn -0.4954 -0.6561 -0.5692
vn 0.9913 -0.1303 0.0188
vn 0.9726 -0.1924 -0.1304
vn 0.9302 0.1543 -0.3331
vn 0.9439 0.2568 -0.2075
vn -0.4569 -0.1211 0.8812
vn -0.2210 -0.0376 0.9745
vn -0.0307 0.1492 0.9883
vn -0.4741 0.1368 0.8697
vn 0.1834 0.0062 0.9830
vn 0.3847 -0.1367 0.9128
vn 0.5428 0.2690 0.7956
vn 0.3137 0.3404 0.8864
vn -0.9109 -0.0927 0.4021
vn -0.8174 0.0781 0.5706
vn 0.8310 -0.5557 -0.0253
vn 0.9882 -0.1503 -0.0284
vn -0.2552 -0.9210 -0.2943
vn -0.1435 -0.9004 -0.4108
vn -0.3847 0.1367 -0.9128
vn -0.2594 0.0467 -0.9646
vn -0.4010 -0.3166 -0.8596
vn 0.9675 -0.0261 0.2515
vn 0.9149 0.4037 0.0001
vn 0.8260 0.5240 0.2075
vn 0.6300 0.7307 -0.2628
vn 0.7135 0.4336 -0.5503
vn 0.3703 0.5002 -0.7827
vn -0.6752 -0.0787 0.7334
vn -0.7130 -0.3109 0.6284
vn 0.0629 0.3895 0.9189
vn -0.1931 0.4128 0.8901
vn 0.2746 0.6593 0.6999
vn 0.0349 0.6187 0.7848
vn -0.3586 -0.6632 -0.6569
vn -0.4165 -0.9040 -0.0962
vn -0.2269 0.9363 0.2679
vn -0.1135 0.9925 0.0447
vn -0.5118 0.8516 -0.1129
vn -0.5550 0.8203 0.1381
vn 0.6832 0.6100 0.4014
vn 0.4954 0.6561 0.5692
vn -0.4995 -0.2849 -0.8181
vn -0.3461 0.1086 -0.9319
vn -0.5943 0.2976 -0.7471
vn -0.7723 -0.1588 -0.6151
vn -0.2205 -0.9171 -0.3321
vn -0.4487 -0.8922 -0.0512
vn -0.5503 -0.8279 0.1079
vn 0.0071 0.9835 -0.1809
vn 0.1271 0.9101 -0.3945
vn -0.3301 0.7483 -0.5753
vn -0.4352 0.8270 -0.3559
vn 0.9003 0.4328 0.0464
vn 0.9372 0.1870 -0.2945
vn -0.4535 -0.6603 -0.5986
vn -0.7190 -0.5943 -0.3604
vn 0.3849 0.4555 -0.8027
vn 0.0282 0.3293 -0.9438
vn -0.3257 0.8179 0.4742
vn -0.5616 0.7345 0.3809
vn -0.5307 0.5993 0.5993
vn -0.4032 0.6444 0.6497
vn -0.9439 -0.2568 0.2075
vn -0.7037 -0.5217 0.4824
vn -0.6482 -0.6977 0.3050
vn 0.6482 0.6977 -0.3050
vn 0.7037 0.5217 -0.4824
vn 0.3349 0.5932 -0.7320
vn 0.2388 0.7772 -0.5822
vn 0.5503 0.8279 -0.1079
vn -0.9149 -0.4037 -0.0001
vn -0.6690 0.2445 0.7019
vn -0.5921 0.1597 0.7898
vn -0.4469 -0.3025 -0.8419
vn -0.4028 -0.6629 -0.6311
vn -0.1074 0.7756 0.6220
vn 0.0768 0.8774 0.4735
vn 0.9536 -0.0027 0.3011
vn 0.9813 -0.1733 -0.0837
vn 0.7151 0.3914 -0.5792
vn 0.7093 0.4819 -0.5145
vn 0.9423 0.2251 -0.2479
vn -0.1791 -0.9094 -0.3753
vn 0.4165 0.9040 0.0962
vn -0.2083 0.5367 0.8176
vn -0.2852 0.6215 0.7297
vn -0.0634 0.4523 -0.8896
vn -0.2035 0.6207 -0.7571
vn 0.2552 0.9210 0.2943
vn -0.5602 0.2703 -0.7830
vn -0.2997 0.0752 -0.9510
vn 0.8003 0.0594 0.5965
vn 0.7280 -0.3571 0.5851
vn 0.9305 0.2817 -0.2341
vn 0.9032 0.3909 -0.1774
vn -0.0005 0.3690 -0.9294
vn 0.4679 -0.3050 -0.8295
vn 0.4180 -0.3226 -0.8492
vn 0.5303 -0.4464 -0.7207
vn 0.5501 -0.3956 -0.7354
vn 0.5441 -0.3471 -0.7638
vn 0.5141 -0.3140 -0.7982
vn 0.3778 -0.3622 -0.8521
vn 0.4900 -0.4859 -0.7237
vn -0.3735 -0.4418 0.8156
vn -0.1512 -0.8925 0.4250
vn 0.5286 -0.6475 0.5489
vn 0.4545 -0.2100 0.8656
vn 0.3580 -0.4130 -0.8374
vn -0.9694 -0.0234 -0.2445
vn -0.8864 -0.4282 -0.1756
vn -0.6985 -0.7150 -0.0277
vn -0.9392 -0.2805 0.1978
vn 0.3940 -0.4946 -0.7747
vn 0.4402 -0.5036 -0.7434
vn 0.3639 -0.4615 -0.8090
vn 0.3167 0.2920 0.9024
vn 0.5476 0.4552 0.7021
vn -0.9190 0.2397 0.3129
vn -0.4291 0.1926 0.8824
vn -0.8494 -0.5145 0.1177
vn -0.4653 0.1036 -0.8791
vn -0.3305 -0.2445 -0.9116
vn -0.6612 -0.7491 -0.0396
vn 0.9668 0.1643 -0.1958
vn 0.4765 -0.4583 0.7502
vn 0.4968 -0.7001 0.5128
vn 0.9315 -0.1911 -0.3095
vn 0.0442 0.9827 -0.1798
vn 0.3725 0.4355 -0.8195
vn -0.4554 0.3333 -0.8255
vn -0.4563 0.6312 -0.6271
vn -0.4209 0.2244 -0.8789
vn -0.2055 -0.8411 0.5003
vn -0.3016 -0.6572 0.6906
vn -0.9195 0.3930 0.0022
vn -0.2853 0.8005 0.5270
vn 0.7292 0.6815 -0.0615
vn 0.3722 0.4367 -0.8190
vn 0.3714 0.4398 -0.8177
vn 0.3545 -0.6346 -0.6867
vn -0.1609 -0.8946 0.4168
vn -0.0052 -0.9957 0.0922
vn -0.4242 -0.4637 0.7778
vn -0.9873 0.0817 -0.1363
vn -0.4241 -0.3186 -0.8477
vn 0.9088 -0.3988 0.1223
vn 0.5551 0.2951 -0.7776
vn 0.4267 0.3173 -0.8469
vn 0.9293 -0.3372 0.1501
vn -0.5329 -0.1728 0.8283
vn 0.3736 -0.4324 0.8206
vn 0.3731 -0.4341 0.8199
vn -0.4720 0.0218 0.8813
vn -0.3458 0.5315 -0.7732
vn -0.3179 0.6127 -0.7236
vn 0.4026 0.6804 -0.6124
vn -0.2318 0.7929 -0.5635
vn -0.0978 0.9485 -0.3013
vn -0.3856 0.3811 -0.8402
vn 0.5330 0.0950 -0.8407
vn 0.5126 0.0069 -0.8586
vn -0.4072 0.2673 -0.8733
vn -0.2932 0.3683 0.8822
vn 0.3415 0.6904 0.6377
vn 0.9629 -0.2474 0.1080
vn 0.9821 -0.0507 0.1811
vn 0.8584 -0.4968 0.1274
vn 0.3351 -0.5643 0.7544
vn 0.3412 -0.5460 0.7651
vn -0.6725 0.7340 -0.0947
vn -0.9789 0.1704 -0.1127
vn -0.5005 -0.3286 0.8009
vn 0.3543 -0.5036 0.7879
vn -0.4866 -0.2666 0.8319
vn 0.8436 -0.5122 0.1611
vn 0.8325 -0.5264 0.1726
vn 0.4555 0.4664 -0.7582
vn 0.9000 0.3088 0.3077
vn -0.3094 0.6345 -0.7082
vn 0.3685 -0.4523 0.8121
vn 0.4274 0.2833 -0.8585
vn -0.8998 0.3834 -0.2081
vn -0.9272 0.3691 -0.0639
vn -0.4390 -0.4482 0.7787
vn 0.3530 -0.5078 0.7858
vn 0.5466 0.1533 -0.8232
vn -0.8365 0.5308 -0.1361
vn -0.4733 -0.4304 0.7686
vn -0.9689 0.2289 -0.0934
vn 0.8992 -0.0880 -0.4285
vn 0.8268 0.4199 -0.3743
vn 0.9183 0.3858 -0.0880
vn 0.9866 -0.0863 -0.1386
vn -0.9120 0.3501 -0.2135
vn -0.3674 0.4565 -0.8103
vn -0.0457 -0.9944 0.0947
vn 0.3955 -0.9048 -0.1578
vn 0.5188 -0.8473 0.1134
vn 0.1078 -0.9310 0.3487
vn -0.3819 0.0604 0.9222
vn 0.0135 0.0301 0.9995
vn 0.0910 0.2680 0.9591
vn -0.2555 0.4463 0.8576
vn -0.3635 0.4710 -0.8037
vn 0.9887 -0.0782 0.1279
vn 0.8584 -0.0553 0.5100
vn 0.7818 -0.2942 0.5498
vn 0.8640 -0.4657 0.1915
vn -0.7435 0.5728 0.3450
vn -0.9014 0.0880 0.4239
vn -0.8188 0.0856 0.5676
vn -0.6606 0.5702 0.4882
vn -0.8291 -0.4196 0.3694
vn -0.5462 -0.8143 0.1962
vn -0.4638 -0.8179 0.3405
vn -0.7468 -0.4225 0.5136
vn -0.8824 0.0876 0.4623
vn -0.8491 0.0867 0.5210
vn -0.7769 -0.4228 0.4664
vn -0.8100 -0.4215 0.4077
vn 0.6548 0.7523 0.0728
vn 0.2667 0.9156 0.3007
vn 0.3704 0.7806 0.5034
vn 0.7032 0.6406 0.3083
vn -0.0811 -0.6478 -0.7575
vn -0.3307 -0.3244 -0.8862
vn -0.1903 -0.1930 -0.9626
vn 0.2153 -0.3858 -0.8971
vn 0.5388 0.8157 -0.2105
vn 0.5307 0.8169 -0.2259
vn 0.1121 0.9935 0.0202
vn 0.1207 0.9920 0.0352
vn -0.5264 -0.8174 0.2340
vn -0.4932 -0.8192 0.2926
vn -0.0740 -0.9962 0.0461
vn -0.1076 -0.9941 -0.0123
vn -0.7746 0.5688 0.2765
vn -0.8628 0.4562 -0.2179
vn -0.9828 0.0918 -0.1598
vn -0.9298 0.1096 0.3514
vn -0.7240 0.5737 0.3831
vn 0.4183 -0.9000 -0.1227
vn 0.4082 -0.9022 -0.1391
vn 0.7517 -0.5556 -0.3553
vn 0.7598 -0.5534 -0.3412
vn 0.3343 -0.9044 -0.2651
vn 0.3684 -0.9063 -0.2070
vn 0.7153 -0.5737 -0.3989
vn 0.6810 -0.5722 -0.4569
vn 0.8405 -0.5379 -0.0649
vn 0.5882 -0.7314 0.3449
vn 0.8220 0.4204 -0.3840
vn 0.8142 0.4212 -0.3995
vn -0.6761 0.5718 0.4646
vn -0.8316 0.1050 0.5454
vn 0.7698 -0.0411 -0.6370
vn 0.3512 -0.0286 -0.9359
vn 0.3001 0.3385 -0.8918
vn 0.6996 0.4197 -0.5783
vn 0.5437 0.8148 -0.2011
vn 0.1259 0.9910 0.0444
vn -0.1306 -0.0063 -0.9914
vn -0.1586 0.1755 -0.9716
vn -0.0286 -0.9922 0.1213
vn -0.1816 -0.9717 -0.1510
vn 0.2282 -0.8737 -0.4295
vn 0.0790 0.6479 -0.7576
vn 0.4194 0.8115 -0.4069
vn 0.5893 -0.5539 -0.5881
vn -0.6096 -0.7901 0.0643
vn -0.7117 -0.5870 -0.3859
vn -0.4069 -0.7086 -0.5764
vn 0.8913 -0.0504 -0.4506
vn -0.4479 -0.8123 0.3735
vn -0.0225 -0.9905 0.1358
vn -0.3204 0.9025 0.2877
vn -0.3295 0.9038 0.2729
vn -0.6666 0.5709 0.4792
vn -0.4320 0.8976 0.0867
vn 0.8015 0.4220 -0.4236
vn 0.5178 0.8182 -0.2497
vn -0.1287 -0.9904 -0.0493
vn 0.6576 -0.5699 -0.4927
vn 0.8158 -0.0856 -0.5719
vn 0.7414 -0.5730 -0.3493
vn -0.3977 0.9045 0.1537
vn -0.3149 0.9015 0.2967
vn 0.3119 -0.9010 -0.3014
vn 0.0051 0.9865 -0.1634
vn -0.7518 -0.4193 0.5089
vn -0.8663 -0.4237 0.2646
vn -0.4552 -0.8160 0.3563
vn -0.7471 -0.4071 0.5253
vn -0.8232 0.0930 0.5600
vn 0.7440 0.4223 -0.5177
vn 0.0987 0.9951 -0.0033
vn -0.9325 -0.2838 -0.2232
vn -0.7630 -0.1419 -0.6306
vn -0.6507 -0.2930 -0.7005
vn 0.9296 0.3267 0.1708
vn -0.7327 0.2336 -0.6392
vn -0.7917 0.0536 -0.6085
vn 0.0433 0.9942 -0.0987
vn 0.0649 0.9960 -0.0617
vn -0.3772 0.9061 0.1913
vn -0.4993 0.0297 -0.8659
vn -0.6905 0.5729 0.4416
vn -0.2681 0.3283 -0.9057
vn -0.4297 0.3965 -0.8112
vn -0.2481 0.7863 -0.5658
vn 0.4613 0.8176 -0.3445
vn 0.8396 -0.0864 -0.5362
vn 0.7675 0.4228 -0.4818
vn -0.3435 0.9053 0.2497
vn 0.8973 -0.0739 -0.4351
vn 0.8739 -0.0875 -0.4782
vn -0.1425 0.8327 0.5350
vn -0.4638 0.5254 0.7133
vn 0.0198 0.7096 0.7043
vn 0.2355 -0.8033 0.5470
vn -0.2817 -0.7662 0.5775
vn -0.0989 -0.6618 0.7431
vn -0.3248 -0.3453 0.8805
vn 0.0490 -0.2199 0.9743
vn -0.5931 0.7160 -0.3681
vn -0.6113 0.0753 0.7878
vn -0.5449 -0.3976 0.7382
vn 0.2605 0.4303 0.8643
vn 0.4766 0.4741 0.7403
vn 0.4839 0.8191 -0.3081
vn -0.4947 -0.3565 -0.7925
vn -0.5998 0.3618 -0.7136
vn 0.5001 -0.0143 0.8658
vn 0.6120 -0.4579 0.6447
vn 0.3947 -0.5022 0.7694
vn 0.1885 -0.4149 0.8901
vn 0.8216 0.1943 0.5358
vn 0.6818 0.3879 0.6202
vn -0.8349 -0.5438 0.0853
vn -0.7757 -0.4591 0.4330
vn -0.4142 -0.8141 0.4068
vn -0.5233 -0.8498 0.0628
vn 0.7919 0.4766 -0.3817
vn 0.9675 0.0261 -0.2515
vn 0.8804 -0.0796 -0.4674
vn 0.6989 0.3861 -0.6020
vn 0.6336 0.4982 0.5919
vn 0.6842 0.3684 0.6294
vn 0.8455 0.3073 0.4366
vn 0.7519 0.5476 0.3671
vn 0.8331 0.5360 -0.1361
vn 0.9913 0.1303 -0.0188
vn -0.5602 -0.2703 0.7830
vn -0.7358 0.1802 0.6527
vn -0.8804 0.0796 0.4674
vn -0.6989 -0.3861 0.6020
vn -0.1135 -0.9925 -0.0447
vn -0.5118 -0.8516 0.1129
vn -0.5433 -0.8382 -0.0462
vn -0.1866 -0.9644 -0.1872
vn -0.5350 -0.8448 0.0038
vn -0.1641 -0.9760 -0.1428
vn 0.0339 -0.9727 0.2296
vn 0.8260 -0.5240 -0.2075
vn 0.6832 -0.6100 -0.4014
vn 0.7358 -0.1802 -0.6527
vn -0.4352 -0.8270 0.3559
vn -0.7919 -0.4766 0.3817
vn -0.8331 -0.5360 0.1361
vn 0.4093 -0.3698 0.8341
vn 0.0812 -0.2537 0.9638
vn -0.0634 -0.4523 0.8896
vn 0.3349 -0.5932 0.7320
vn 0.0345 0.4146 -0.9093
vn 0.2329 0.6527 -0.7209
vn -0.2152 0.8112 -0.5437
vn -0.3518 0.5513 -0.7565
vn 0.0071 -0.9835 0.1809
vn 0.8197 0.5603 0.1190
vn 0.9499 0.2261 0.2156
vn -0.1370 -0.9864 -0.0900
vn 0.4568 0.4067 0.7911
vn 0.2437 0.2829 0.9276
vn 0.3466 0.1819 0.9202
vn -0.3301 -0.7483 0.5753
vn -0.8341 -0.5510 0.0255
vn 0.2388 -0.7772 0.5822
vn -0.2035 -0.6207 0.7571
vn 0.1271 -0.9101 0.3945
vn 0.4954 -0.6561 -0.5692
vn 0.5428 -0.2690 -0.7956
vn -0.9913 -0.1303 0.0188
vn -0.9439 0.2568 -0.2075
vn -0.9302 0.1543 -0.3331
vn -0.9726 -0.1924 -0.1303
vn 0.4569 -0.1211 0.8812
vn 0.2210 -0.0376 0.9745
vn 0.0307 0.1492 0.9883
vn 0.4741 0.1368 0.8697
vn -0.1834 0.0062 0.9830
vn -0.3137 0.3404 0.8864
vn -0.5428 0.2690 0.7956
vn -0.3847 -0.1367 0.9128
vn 0.8174 0.0781 0.5706
vn 0.9109 -0.0927 0.4021
vn -0.8310 -0.5557 -0.0253
vn -0.9882 -0.1503 -0.0284
vn 0.2552 -0.9210 -0.2943
vn 0.1435 -0.9004 -0.4108
vn 0.3847 0.1367 -0.9128
vn 0.4010 -0.3166 -0.8596
vn 0.2594 0.0467 -0.9646
vn -0.8260 0.5240 0.2075
vn -0.9149 0.4037 0.0001
vn -0.9675 -0.0261 0.2515
vn -0.3703 0.5002 -0.7827
vn -0.7135 0.4336 -0.5503
vn -0.6300 0.7307 -0.2628
vn 0.6752 -0.0787 0.7334
vn 0.7130 -0.3109 0.6284
vn 0.1931 0.4128 0.8901
vn -0.0629 0.3895 0.9189
vn -0.0349 0.6187 0.7848
vn -0.2746 0.6593 0.6999
vn 0.3586 -0.6632 -0.6569
vn 0.4165 -0.9040 -0.0962
vn 0.2269 0.9363 0.2679
vn 0.5550 0.8203 0.1381
vn 0.5118 0.8516 -0.1129
vn 0.1135 0.9925 0.0447
vn -0.4954 0.6561 0.5692
vn -0.6832 0.6100 0.4014
vn 0.4995 -0.2849 -0.8181
vn 0.7723 -0.1588 -0.6151
vn 0.5943 0.2976 -0.7471
vn 0.3461 0.1086 -0.9319
vn 0.4487 -0.8922 -0.0512
vn 0.2205 -0.9171 -0.3321
vn 0.5503 -0.8279 0.1079
vn -0.0071 0.9835 -0.1809
vn 0.4352 0.8270 -0.3559
vn 0.3301 0.7483 -0.5753
vn -0.1271 0.9101 -0.3945
vn -0.9372 0.1870 -0.2945
vn -0.9003 0.4328 0.0464
vn 0.4535 -0.6603 -0.5986
vn 0.7190 -0.5943 -0.3604
vn -0.3849 0.4555 -0.8027
vn -0.0282 0.3293 -0.9438
vn 0.3257 0.8179 0.4742
vn 0.5616 0.7345 0.3809
vn 0.5307 0.5993 0.5993
vn 0.4032 0.6444 0.6497
vn 0.7037 -0.5217 0.4824
vn 0.9439 -0.2568 0.2075
vn 0.6482 -0.6977 0.3050
vn -0.6482 0.6977 -0.3050
vn -0.2388 0.7772 -0.5822
vn -0.3349 0.5932 -0.7320
vn -0.7037 0.5217 -0.4824
vn -0.5503 0.8279 -0.1079
vn 0.9149 -0.4037 -0.0001
vn 0.5921 0.1597 0.7898
vn 0.6690 0.2445 0.7019
vn 0.4028 -0.6629 -0.6311
vn 0.4469 -0.3025 -0.8419
vn 0.1074 0.7756 0.6220
vn -0.0768 0.8774 0.4735
vn -0.9813 -0.1733 -0.0837
vn -0.9536 -0.0027 0.3011
vn -0.7151 0.3914 -0.5792
vn -0.7093 0.4819 -0.5145
vn -0.9423 0.2251 -0.2479
vn 0.1791 -0.9094 -0.3753
vn -0.4165 0.9040 0.0962
vn 0.2083 0.5367 0.8176
vn 0.2852 0.6215 0.7297
vn 0.2035 0.6207 -0.7571
vn 0.0634 0.4523 -0.8896
vn -0.2552 0.9210 0.2943
vn 0.5602 0.2703 -0.7830
vn 0.2997 0.0752 -0.9510
vn -0.8003 0.0594 0.5965
vn -0.9032 0.3909 -0.1774
vn -0.9305 0.2817 -0.2341
vn -0.7280 -0.3571 0.5851
vn 0.0005 0.3690 -0.9294
vn -0.4180 -0.3226 -0.8492
vn -0.4679 -0.3050 -0.8295
vn -0.5501 -0.3956 -0.7354
vn -0.5303 -0.4464 -0.7207
vn -0.5141 -0.3140 -0.7982
vn -0.5441 -0.3471 -0.7638
vn -0.3778 -0.3622 -0.8521
vn -0.4901 -0.4859 -0.7237
vn 0.3735 -0.4418 0.8156
vn -0.4545 -0.2100 0.8656
vn -0.5286 -0.6475 0.5489
vn 0.1512 -0.8925 0.4250
vn -0.3580 -0.4130 -0.8374
vn 0.9694 -0.0234 -0.2445
vn 0.9392 -0.2805 0.1978
vn 0.6985 -0.7150 -0.0277
vn 0.8864 -0.4282 -0.1756
vn -0.4402 -0.5036 -0.7434
vn -0.3940 -0.4946 -0.7747
vn -0.3639 -0.4615 -0.8090
vn -0.3167 0.2920 0.9024
vn -0.5476 0.4552 0.7021
vn 0.9190 0.2397 0.3129
vn 0.4291 0.1926 0.8824
vn 0.8494 -0.5145 0.1177
vn 0.6612 -0.7491 -0.0396
vn 0.3305 -0.2445 -0.9116
vn 0.4653 0.1036 -0.8791
vn -0.9668 0.1643 -0.1958
vn -0.9315 -0.1911 -0.3095
vn -0.4968 -0.7001 0.5128
vn -0.4765 -0.4583 0.7502
vn -0.0442 0.9827 -0.1798
vn 0.4563 0.6312 -0.6271
vn 0.4554 0.3333 -0.8255
vn -0.3725 0.4355 -0.8195
vn 0.4209 0.2244 -0.8789
vn 0.3016 -0.6572 0.6906
vn 0.2055 -0.8411 0.5003
vn 0.9195 0.3930 0.0022
vn 0.2853 0.8005 0.5270
vn -0.7292 0.6815 -0.0615
vn -0.3722 0.4367 -0.8190
vn -0.3714 0.4398 -0.8177
vn -0.3545 -0.6346 -0.6867
vn 0.1609 -0.8946 0.4168
vn -0.0825 -0.9957 -0.0416
vn 0.5221 -0.3186 0.7911
vn -0.3755 0.0817 0.9232
vn -0.8857 -0.4637 -0.0215
vn 0.3484 -0.3988 -0.8482
vn 0.3347 -0.3372 -0.8799
vn 0.9468 0.3173 0.0539
vn 0.9510 0.2951 -0.0919
vn -0.9838 -0.1728 0.0474
vn -0.9992 0.0218 -0.0319
vn -0.5235 -0.4341 -0.7331
vn -0.5239 -0.4324 -0.7338
vn 0.4967 0.5315 0.6861
vn 0.4677 0.6127 0.6371
vn 0.7316 0.6804 -0.0425
vn 0.2120 0.9485 0.2353
vn 0.3721 0.7929 0.4825
vn 0.5349 0.3811 0.7541
vn 0.5527 0.2673 0.7893
vn 0.9998 0.0069 -0.0146
vn 0.9946 0.0950 -0.0412
vn -0.9106 0.3683 -0.1872
vn -0.3815 0.6904 -0.6146
vn 0.3878 -0.2474 -0.8879
vn 0.3342 -0.0507 -0.9411
vn 0.3189 -0.4968 -0.8071
vn -0.4920 -0.5460 -0.6780
vn -0.4858 -0.5643 -0.6674
vn -0.2542 0.7340 0.6297
vn -0.3918 0.1704 0.9041
vn -0.9439 -0.3286 0.0330
vn -0.9638 -0.2666 0.0054
vn -0.5052 -0.5036 -0.7008
vn 0.2667 -0.5264 -0.8073
vn 0.2823 -0.5122 -0.8112
vn 0.1835 0.3088 -0.9333
vn 0.8844 0.4664 -0.0154
vn 0.4587 0.6345 0.6221
vn -0.5191 -0.4523 -0.7252
vn 0.9572 0.2833 0.0591
vn -0.4082 0.3691 0.8349
vn -0.2696 0.3834 0.8833
vn -0.8939 -0.4482 -0.0091
vn -0.5040 -0.5078 -0.6986
vn 0.9862 0.1533 -0.0618
vn -0.3004 0.5308 0.7924
vn -0.9022 -0.4304 0.0255
vn -0.4036 0.2289 0.8858
vn 0.8207 -0.0880 -0.5644
vn 0.6133 -0.0863 -0.7851
vn 0.5354 0.3858 -0.7513
vn 0.7375 0.4199 -0.5289
vn -0.2711 0.3501 0.8966
vn 0.5180 0.4565 0.7233
vn -0.1049 -0.9944 -0.0078
vn -0.2481 -0.9310 -0.2677
vn 0.1612 -0.8473 -0.5060
vn 0.3344 -0.9048 -0.2636
vn -0.9896 0.0604 -0.1303
vn -0.8705 0.4463 -0.2075
vn -0.7851 0.2680 -0.5584
vn -0.8588 0.0301 -0.5114
vn 0.5143 0.4710 0.7167
vn 0.3836 -0.0782 -0.9202
vn 0.2661 -0.4657 -0.8440
vn -0.0852 -0.2942 -0.9519
vn -0.0125 -0.0553 -0.9984
vn -0.6705 0.5728 0.4714
vn -0.7531 0.5702 0.3280
vn -0.9010 0.0856 0.4253
vn -0.8178 0.0880 0.5687
vn -0.7345 -0.4196 0.5333
vn -0.8182 -0.4225 0.3900
vn -0.5268 -0.8179 0.2315
vn -0.4430 -0.8143 0.3750
vn -0.8415 0.0877 0.5330
vn -0.7581 -0.4215 0.4976
vn -0.7924 -0.4228 0.4396
vn -0.8758 0.0867 0.4749
vn 0.2643 0.7523 -0.6035
vn 0.0846 0.6406 -0.7631
vn -0.2508 0.7806 -0.5725
vn -0.1271 0.9156 -0.3813
vn 0.6154 -0.6478 0.4490
vn 0.8845 -0.3858 0.2621
vn 0.7385 -0.1930 0.6461
vn 0.6021 -0.3244 0.7295
vn 0.4518 0.8157 -0.3613
vn 0.0298 0.9920 -0.1221
vn 0.0385 0.9935 -0.1072
vn 0.4610 0.8169 -0.3466
vn -0.4658 -0.8174 0.3389
vn -0.0432 -0.9941 0.0993
vn -0.0769 -0.9962 0.0410
vn -0.5000 -0.8192 0.2808
vn -0.6267 0.5688 0.5325
vn -0.7692 0.1096 0.6295
vn -0.3530 0.0918 0.9311
vn -0.2426 0.4562 0.8561
vn -0.6937 0.5737 0.4354
vn 0.3154 -0.9000 -0.3009
vn 0.6754 -0.5534 -0.4874
vn 0.6835 -0.5556 -0.4733
vn 0.3246 -0.9022 -0.2840
vn 0.3967 -0.9044 -0.1569
vn 0.7362 -0.5722 -0.3613
vn 0.7031 -0.5737 -0.4200
vn 0.3634 -0.9063 -0.2155
vn 0.4765 -0.5379 -0.6954
vn -0.0046 -0.7314 -0.6819
vn 0.7436 0.4204 -0.5199
vn 0.7531 0.4211 -0.5054
vn -0.7404 0.5718 0.3532
vn -0.8881 0.1050 0.4475
vn 0.9365 -0.0411 -0.3482
vn 0.8506 0.4197 -0.3168
vn 0.9224 0.3385 0.1860
vn 0.9861 -0.0286 0.1638
vn 0.4461 0.8148 -0.3703
vn 0.0245 0.9910 -0.1312
vn 0.7621 0.1755 0.6232
vn 0.7933 -0.0063 0.6088
vn -0.1193 -0.9922 -0.0359
vn 0.4860 -0.8737 0.0172
vn 0.0400 -0.9717 0.2328
vn 0.5621 0.8115 -0.1597
vn 0.6955 0.6479 0.3104
vn 0.8039 -0.5539 -0.2163
vn -0.3605 -0.7901 0.4958
vn 0.2957 -0.7086 0.6406
vn -0.0216 -0.5870 0.8093
vn 0.8359 -0.0504 -0.5466
vn -0.1288 -0.9905 -0.0484
vn -0.5474 -0.8123 0.2011
vn -0.4094 0.9025 0.1336
vn -0.7483 0.5709 0.3377
vn -0.4011 0.9038 0.1489
vn -0.2911 0.8976 0.3308
vn 0.7676 0.4220 -0.4824
vn 0.4752 0.8182 -0.3235
vn -0.0216 -0.9904 0.1361
vn 0.7555 -0.5699 -0.3231
vn 0.6732 -0.5730 -0.4674
vn 0.9032 -0.0856 -0.4206
vn -0.3319 0.9045 0.2676
vn -0.4144 0.9015 0.1243
vn 0.4170 -0.9010 -0.1194
vn 0.1441 0.9865 0.0773
vn -0.8166 -0.4193 0.3966
vn -0.5362 -0.8160 0.2160
vn -0.6623 -0.4237 0.6179
vn -0.8285 -0.4071 0.3844
vn -0.8966 0.0930 0.4329
vn 0.8203 0.4223 -0.3855
vn 0.0522 0.9951 -0.0838
vn -0.2730 -0.2838 0.9192
vn 0.2813 -0.2929 0.9138
vn 0.1646 -0.1419 0.9761
vn 0.3168 0.3267 -0.8904
vn 0.1311 0.0536 0.9899
vn 0.1872 0.2336 0.9541
vn 0.1072 0.9942 0.0118
vn -0.3543 0.9061 0.2310
vn 0.0859 0.9960 -0.0254
vn 0.5003 0.0297 0.8654
vn -0.7277 0.5729 0.3771
vn 0.3659 0.7863 0.4978
vn 0.4877 0.3965 0.7777
vn 0.6503 0.3283 0.6850
vn 0.5290 0.8176 -0.2272
vn 0.8010 0.4228 -0.4238
vn 0.8842 -0.0864 -0.4590
vn -0.3880 0.9053 0.1726
vn 0.8511 -0.0875 -0.5177
vn 0.8255 -0.0739 -0.5596
vn -0.5346 0.8327 -0.1441
vn -0.6001 0.7096 -0.3693
vn -0.8496 0.5254 0.0450
vn -0.3559 -0.8033 -0.4775
vn -0.6410 -0.7662 -0.0448
vn -0.6930 -0.6618 -0.2859
vn -0.9249 -0.3453 -0.1589
vn -0.8192 -0.2199 -0.5296
vn 0.0222 0.7160 0.6977
vn -0.9879 0.0753 0.1355
vn -0.9118 -0.3976 0.1028
vn -0.4028 0.4741 -0.7829
vn -0.6182 0.4303 -0.6577
vn 0.5088 0.8191 -0.2651
vn 0.4389 -0.3565 0.8247
vn 0.3181 0.3618 0.8763
vn -0.4998 -0.0143 -0.8660
vn -0.4689 -0.5022 -0.7266
vn -0.2523 -0.4579 -0.8524
vn -0.6766 -0.4149 -0.6083
vn -0.0532 0.1943 -0.9795
vn -0.1961 0.3879 -0.9006
vn -0.4913 -0.5438 0.6803
vn -0.3160 -0.8498 0.4218
vn -0.5595 -0.8142 0.1553
vn -0.7628 -0.4591 0.4552
vn 0.7265 0.4766 -0.4949
vn 0.8708 0.3861 -0.3043
vn 0.8450 -0.0796 -0.5288
vn 0.7015 0.0261 -0.7121
vn -0.1958 0.4982 -0.8446
vn 0.0580 0.5476 -0.8347
vn 0.0446 0.3073 -0.9505
vn -0.2030 0.3684 -0.9072
vn 0.5344 0.5360 -0.6535
vn 0.5119 0.1303 -0.8491
vn -0.9582 -0.2703 0.0937
vn -0.8708 -0.3861 0.3043
vn -0.8450 0.0796 0.5288
vn -0.9332 0.1802 0.3109
vn -0.0180 -0.9925 0.1206
vn 0.0688 -0.9644 0.2552
vn -0.2317 -0.8382 0.4936
vn -0.3536 -0.8516 0.3868
vn -0.1819 -0.9727 -0.1442
vn 0.0417 -0.9760 0.2135
vn -0.2708 -0.8448 0.4613
vn 0.9332 -0.1802 -0.3109
vn 0.6892 -0.6100 -0.3910
vn 0.5927 -0.5240 -0.6116
vn -0.5258 -0.8270 0.1989
vn -0.5344 -0.5360 0.6535
vn -0.7265 -0.4766 0.4949
vn -0.5177 -0.3698 -0.7715
vn -0.4665 -0.5932 -0.6561
vn -0.8021 -0.4523 -0.3899
vn -0.7941 -0.2537 -0.5522
vn 0.8048 0.4146 0.4247
vn 0.4793 0.5513 0.6829
vn 0.3632 0.8112 0.4582
vn 0.7408 0.6527 0.1587
vn -0.1531 -0.9835 -0.0966
vn 0.3068 0.5603 -0.7693
vn 0.2882 0.2261 -0.9304
vn 0.0094 -0.9864 0.1636
vn -0.4568 0.4067 -0.7911
vn -0.6236 0.1819 -0.7602
vn -0.6815 0.2829 -0.6749
vn -0.6633 -0.7483 -0.0017
vn -0.4391 -0.5510 0.7096
vn -0.3848 -0.7772 -0.4979
vn -0.2781 -0.9101 -0.3073
vn -0.7575 -0.6207 -0.2023
vn 0.9604 -0.2690 -0.0723
vn 0.7406 -0.6561 -0.1445
vn -0.5119 -0.1303 0.8491
vn -0.3734 -0.1924 0.9075
vn -0.1766 0.1543 0.9721
vn -0.2922 0.2568 0.9212
vn -0.5347 -0.1211 -0.8363
vn -0.7335 -0.0376 -0.6786
vn -0.8405 0.1492 -0.5207
vn -0.5162 0.1368 -0.8455
vn -0.9430 0.0062 -0.3326
vn -0.9829 -0.1367 -0.1232
vn -0.9604 0.2690 0.0723
vn -0.9245 0.3404 -0.1715
vn 0.1072 -0.0927 -0.9899
vn -0.0855 0.0781 -0.9933
vn -0.3935 -0.5557 0.7324
vn -0.4695 -0.1503 0.8700
vn 0.3825 -0.9210 -0.0739
vn 0.4275 -0.9004 0.0811
vn 0.9829 0.1367 0.1232
vn 0.9651 0.0467 0.2576
vn 0.9449 -0.3166 0.0825
vn -0.7015 -0.0261 0.7121
vn -0.4575 0.4037 0.7922
vn -0.5927 0.5240 0.6116
vn -0.0874 0.7307 0.6770
vn 0.1198 0.4336 0.8931
vn 0.4927 0.5002 0.7120
vn -0.2975 -0.0787 -0.9514
vn -0.1877 -0.3109 -0.9317
vn -0.8272 0.3895 -0.4049
vn -0.6743 0.4128 -0.6123
vn -0.7435 0.6593 -0.1121
vn -0.6971 0.6188 -0.3622
vn 0.7482 -0.6632 0.0179
vn 0.2916 -0.9040 -0.3126
vn -0.1186 0.9363 -0.3305
vn 0.0180 0.9925 -0.1206
vn 0.3537 0.8516 -0.3868
vn 0.1579 0.8203 -0.5497
vn -0.6892 0.6100 0.3910
vn -0.7406 0.6561 0.1445
vn 0.9583 -0.2849 -0.0235
vn 0.9801 0.1086 0.1662
vn 0.9442 0.2976 -0.1412
vn 0.9189 -0.1588 -0.3612
vn 0.3979 -0.9171 -0.0249
vn 0.2687 -0.8922 -0.3630
vn 0.1817 -0.8279 -0.5305
vn 0.1531 0.9835 0.0966
vn 0.2781 0.9101 0.3073
vn 0.6633 0.7483 0.0017
vn 0.5258 0.8270 -0.1989
vn -0.4903 0.4328 0.7565
vn -0.2135 0.1870 0.9588
vn 0.7451 -0.6603 -0.0934
vn 0.6716 -0.5943 -0.4424
vn 0.5027 0.4555 0.7347
vn 0.8032 0.3293 0.4964
vn -0.2478 0.8179 -0.5192
vn -0.0490 0.7345 -0.6768
vn -0.2537 0.5993 -0.7593
vn -0.3611 0.6444 -0.6741
vn 0.2922 -0.2568 -0.9212
vn -0.0659 -0.5217 -0.8506
vn 0.0599 -0.6977 -0.7138
vn -0.0599 0.6977 0.7138
vn 0.0659 0.5217 0.8506
vn 0.4665 0.5932 0.6561
vn 0.3848 0.7772 0.4979
vn -0.1817 0.8279 0.5305
vn 0.4575 -0.4037 -0.7922
vn -0.2733 0.2445 -0.9303
vn -0.3880 0.1597 -0.9077
vn 0.9525 -0.3025 0.0339
vn 0.7479 -0.6629 -0.0332
vn -0.4850 0.7756 -0.4040
vn -0.4485 0.8774 -0.1703
vn -0.7375 -0.0027 0.6753
vn -0.4181 -0.1733 0.8917
vn 0.1440 0.3914 0.9089
vn 0.0909 0.4819 0.8715
vn -0.2564 0.2251 0.9400
vn 0.4145 -0.9094 0.0325
vn -0.2916 0.9040 0.3126
vn -0.6039 0.5367 -0.5892
vn -0.4893 0.6215 -0.6118
vn 0.8021 0.4523 0.3899
vn 0.7575 0.6207 0.2023
vn -0.3825 0.9210 0.0739
vn 0.9582 0.2703 -0.0937
vn 0.9735 0.0752 0.2160
vn -0.9168 0.0594 0.3948
vn -0.8708 -0.3571 0.3379
vn -0.2624 0.2817 0.9229
vn -0.2979 0.3909 0.8709
vn 0.8052 0.3690 0.4642
vn 0.4844 -0.3050 0.8199
vn 0.5264 -0.3226 0.7866
vn 0.3590 -0.4464 0.8196
vn 0.3618 -0.3956 0.8441
vn 0.3894 -0.3471 0.8531
vn 0.4342 -0.3140 0.8443
vn 0.5490 -0.3622 0.7532
vn 0.3817 -0.4859 0.7862
vn -0.5195 -0.4418 -0.7313
vn -0.2924 -0.8925 -0.3435
vn -0.7396 -0.6475 0.1833
vn -0.9769 -0.2100 -0.0392
vn 0.5462 -0.4130 0.7287
vn 0.6964 -0.0234 -0.7172
vn 0.5953 -0.4282 -0.6799
vn 0.3732 -0.7150 -0.5911
vn 0.2983 -0.2805 -0.9123
vn 0.4739 -0.4946 0.7285
vn 0.4237 -0.5036 0.7529
vn 0.5187 -0.4615 0.7197
vn -0.9399 0.2920 -0.1769
vn -0.8818 0.4552 0.1232
vn 0.1885 0.2397 -0.9524
vn -0.5496 0.1926 -0.8129
vn 0.3227 -0.5145 -0.7944
vn 0.9939 0.1036 0.0365
vn 0.9547 -0.2445 0.1696
vn 0.3649 -0.7491 -0.5528
vn -0.3137 0.1643 0.9352
vn -0.8880 -0.4583 0.0375
vn -0.6925 -0.7001 0.1739
vn -0.1976 -0.1911 0.9615
vn 0.1337 0.9827 0.1281
vn 0.5235 0.4355 0.7324
vn 0.9426 0.3333 0.0184
vn 0.7712 0.6312 -0.0817
vn 0.9716 0.2244 0.0749
vn -0.3305 -0.8411 -0.4281
vn -0.4473 -0.6572 -0.6066
vn 0.4578 0.3930 -0.7974
vn -0.3137 0.8005 -0.5106
vn -0.3113 0.6815 0.6623
vn 0.5231 0.4367 0.7318
vn 0.5224 0.4398 0.7305
vn 0.4175 -0.6346 0.6504
vn -0.2805 -0.8946 -0.3478
vn 0.0825 -0.9957 -0.0416
vn 0.8857 -0.4637 -0.0215
vn 0.3755 0.0817 0.9232
vn -0.5221 -0.3186 0.7911
vn -0.3484 -0.3988 -0.8482
vn -0.9510 0.2951 -0.0919
vn -0.9468 0.3173 0.0539
vn -0.3347 -0.3372 -0.8799
vn 0.9838 -0.1728 0.0474
vn 0.5239 -0.4324 -0.7338
vn 0.5235 -0.4341 -0.7331
vn 0.9992 0.0218 -0.0319
vn -0.4967 0.5315 0.6861
vn -0.4677 0.6127 0.6371
vn -0.7316 0.6804 -0.0425
vn -0.3721 0.7929 0.4825
vn -0.2120 0.9485 0.2353
vn -0.5349 0.3811 0.7541
vn -0.9946 0.0950 -0.0412
vn -0.9998 0.0069 -0.0146
vn -0.5527 0.2673 0.7893
vn 0.9106 0.3683 -0.1872
vn 0.3815 0.6904 -0.6146
vn -0.3879 -0.2474 -0.8879
vn -0.3342 -0.0507 -0.9411
vn -0.3189 -0.4968 -0.8071
vn 0.4858 -0.5643 -0.6674
vn 0.4920 -0.5460 -0.6780
vn 0.2542 0.7340 0.6297
vn 0.3918 0.1704 0.9041
vn 0.9439 -0.3286 0.0330
vn 0.5052 -0.5036 -0.7008
vn 0.9638 -0.2666 0.0054
vn -0.2823 -0.5122 -0.8112
vn -0.2667 -0.5264 -0.8073
vn -0.8844 0.4664 -0.0154
vn -0.1835 0.3088 -0.9332
vn -0.4587 0.6345 0.6221
vn 0.5191 -0.4523 -0.7252
vn -0.9572 0.2833 0.0591
vn 0.2696 0.3834 0.8833
vn 0.4082 0.3691 0.8349
vn 0.8939 -0.4482 -0.0091
vn 0.5040 -0.5078 -0.6986
vn -0.9862 0.1533 -0.0618
vn 0.3004 0.5308 0.7924
vn 0.9022 -0.4304 0.0255
vn 0.4036 0.2289 0.8858
vn -0.8207 -0.0880 -0.5644
vn -0.7375 0.4199 -0.5289
vn -0.5354 0.3858 -0.7513
vn -0.6133 -0.0863 -0.7851
vn 0.2711 0.3501 0.8966
vn -0.5180 0.4565 0.7233
vn 0.1048 -0.9944 -0.0078
vn -0.3344 -0.9048 -0.2636
vn -0.1612 -0.8473 -0.5060
vn 0.2481 -0.9310 -0.2677
vn 0.9896 0.0604 -0.1303
vn 0.8588 0.0301 -0.5114
vn 0.7851 0.2680 -0.5584
vn 0.8705 0.4463 -0.2075
vn -0.5143 0.4710 0.7167
vn -0.3836 -0.0782 -0.9202
vn 0.0125 -0.0553 -0.9984
vn 0.0852 -0.2942 -0.9519
vn -0.2662 -0.4657 -0.8440
vn 0.6705 0.5728 0.4714
vn 0.8178 0.0880 0.5687
vn 0.9010 0.0856 0.4253
vn 0.7531 0.5702 0.3280
vn 0.7345 -0.4196 0.5333
vn 0.4430 -0.8143 0.3750
vn 0.5268 -0.8179 0.2315
vn 0.8182 -0.4225 0.3900
vn 0.8415 0.0877 0.5330
vn 0.8758 0.0867 0.4749
vn 0.7924 -0.4228 0.4396
vn 0.7581 -0.4215 0.4976
vn -0.2643 0.7523 -0.6035
vn 0.1271 0.9156 -0.3813
vn 0.2508 0.7806 -0.5725
vn -0.0846 0.6406 -0.7631
vn -0.6154 -0.6478 0.4490
vn -0.6021 -0.3244 0.7295
vn -0.7385 -0.1930 0.6461
vn -0.8845 -0.3858 0.2621
vn -0.4518 0.8157 -0.3613
vn -0.4610 0.8169 -0.3466
vn -0.0385 0.9935 -0.1072
vn -0.0298 0.9920 -0.1221
vn 0.4658 -0.8174 0.3389
vn 0.5000 -0.8192 0.2808
vn 0.0769 -0.9962 0.0410
vn 0.0432 -0.9941 0.0993
vn 0.6267 0.5688 0.5325
vn 0.2426 0.4562 0.8561
vn 0.3530 0.0918 0.9311
vn 0.7692 0.1096 0.6295
vn 0.6937 0.5737 0.4354
vn -0.3154 -0.9000 -0.3009
vn -0.3246 -0.9022 -0.2840
vn -0.6835 -0.5556 -0.4733
vn -0.6754 -0.5534 -0.4874
vn -0.3967 -0.9044 -0.1569
vn -0.3634 -0.9063 -0.2155
vn -0.7031 -0.5737 -0.4200
vn -0.7362 -0.5722 -0.3613
vn -0.4765 -0.5379 -0.6954
vn 0.0045 -0.7314 -0.6819
vn -0.7436 0.4204 -0.5199
vn -0.7531 0.4211 -0.5054
vn 0.7404 0.5718 0.3532
vn 0.8881 0.1050 0.4475
vn -0.9365 -0.0411 -0.3482
vn -0.9861 -0.0286 0.1638
vn -0.9224 0.3385 0.1860
vn -0.8506 0.4197 -0.3168
vn -0.4461 0.8148 -0.3703
vn -0.0245 0.9910 -0.1312
vn -0.7933 -0.0063 0.6088
vn -0.7621 0.1755 0.6232
vn 0.1193 -0.9922 -0.0359
vn -0.0400 -0.9717 0.2328
vn -0.4860 -0.8737 0.0172
vn -0.6955 0.6479 0.3104
vn -0.5621 0.8115 -0.1597
vn -0.8039 -0.5539 -0.2163
vn 0.3605 -0.7901 0.4958
vn 0.0216 -0.5870 0.8093
vn -0.2957 -0.7086 0.6406
vn -0.8359 -0.0504 -0.5466
vn 0.5474 -0.8123 0.2011
vn 0.1288 -0.9905 -0.0484
vn 0.4094 0.9025 0.1336
vn 0.4011 0.9038 0.1489
vn 0.7483 0.5709 0.3377
vn 0.2911 0.8976 0.3308
vn -0.7676 0.4220 -0.4824
vn -0.4751 0.8182 -0.3235
vn 0.0216 -0.9904 0.1361
vn -0.7555 -0.5699 -0.3231
vn -0.9032 -0.0856 -0.4206
vn -0.6732 -0.5730 -0.4674
vn 0.3319 0.9045 0.2676
vn 0.4143 0.9015 0.1243
vn -0.4170 -0.9010 -0.1194
vn -0.1441 0.9865 0.0773
vn 0.8166 -0.4193 0.3966
vn 0.6623 -0.4237 0.6179
vn 0.5362 -0.8160 0.2160
vn 0.8285 -0.4071 0.3844
vn 0.8966 0.0930 0.4329
vn -0.8203 0.4223 -0.3855
vn -0.0522 0.9951 -0.0838
vn 0.2730 -0.2838 0.9192
vn -0.1646 -0.1419 0.9761
vn -0.2813 -0.2930 0.9138
vn -0.3168 0.3267 -0.8904
vn -0.1872 0.2336 0.9541
vn -0.1311 0.0536 0.9899
vn -0.1072 0.9942 0.0118
vn -0.0859 0.9960 -0.0254
vn 0.3543 0.9061 0.2310
vn -0.5003 0.0297 0.8654
vn 0.7277 0.5729 0.3771
vn -0.6503 0.3283 0.6850
vn -0.4877 0.3965 0.7777
vn -0.3659 0.7863 0.4978
vn -0.5290 0.8176 -0.2272
vn -0.8842 -0.0864 -0.4590
vn -0.8010 0.4228 -0.4238
vn 0.3880 0.9053 0.1726
vn -0.8255 -0.0739 -0.5596
vn -0.8511 -0.0875 -0.5177
vn 0.5346 0.8327 -0.1441
vn 0.8496 0.5254 0.0450
vn 0.6001 0.7096 -0.3693
vn 0.3559 -0.8033 -0.4775
vn 0.6410 -0.7662 -0.0448
vn 0.6930 -0.6618 -0.2859
vn 0.9249 -0.3453 -0.1589
vn 0.8192 -0.2199 -0.5296
vn -0.0222 0.7160 0.6977
vn 0.9879 0.0753 0.1355
vn 0.9118 -0.3976 0.1028
vn 0.6182 0.4303 -0.6577
vn 0.4028 0.4741 -0.7829
vn -0.5088 0.8191 -0.2651
vn -0.4389 -0.3565 0.8247
vn -0.3181 0.3618 0.8763
vn 0.4998 -0.0143 -0.8660
vn 0.2523 -0.4579 -0.8524
vn 0.4689 -0.5022 -0.7266
vn 0.6766 -0.4149 -0.6083
vn 0.0532 0.1943 -0.9795
vn 0.1961 0.3879 -0.9006
vn 0.4913 -0.5438 0.6803
vn 0.7628 -0.4591 0.4552
vn 0.5595 -0.8142 0.1553
vn 0.3160 -0.8498 0.4218
vn -0.7265 0.4766 -0.4949
vn -0.7015 0.0261 -0.7121
vn -0.8450 -0.0796 -0.5288
vn -0.8708 0.3861 -0.3043
vn 0.1958 0.4982 -0.8446
vn 0.2030 0.3684 -0.9072
vn -0.0446 0.3073 -0.9505
vn -0.0580 0.5476 -0.8347
vn -0.5344 0.5360 -0.6535
vn -0.5119 0.1303 -0.8491
vn 0.9582 -0.2703 0.0937
vn 0.9332 0.1802 0.3109
vn 0.8450 0.0796 0.5288
vn 0.8708 -0.3861 0.3043
vn 0.0180 -0.9925 0.1206
vn 0.3536 -0.8516 0.3868
vn 0.2317 -0.8382 0.4936
vn -0.0688 -0.9644 0.2552
vn 0.2708 -0.8448 0.4613
vn -0.0417 -0.9760 0.2135
vn 0.1819 -0.9727 -0.1442
vn -0.5927 -0.5240 -0.6116
vn -0.6892 -0.6100 -0.3910
vn -0.9332 -0.1802 -0.3109
vn 0.5258 -0.8270 0.1989
vn 0.7265 -0.4766 0.4949
vn 0.5344 -0.5360 0.6535
vn 0.5177 -0.3698 -0.7715
vn 0.7941 -0.2537 -0.5522
vn 0.8021 -0.4523 -0.3899
vn 0.4665 -0.5932 -0.6561
vn -0.8048 0.4146 0.4247
vn -0.7408 0.6527 0.1587
vn -0.3632 0.8112 0.4582
vn -0.4793 0.5513 0.6829
vn 0.1531 -0.9835 -0.0966
vn -0.3068 0.5603 -0.7693
vn -0.2882 0.2261 -0.9304
vn -0.0094 -0.9864 0.1636
vn 0.4568 0.4067 -0.7911
vn 0.6815 0.2829 -0.6749
vn 0.6236 0.1819 -0.7602
vn 0.6633 -0.7483 -0.0017
vn 0.4391 -0.5510 0.7096
vn 0.3848 -0.7772 -0.4979
vn 0.7575 -0.6207 -0.2023
vn 0.2781 -0.9101 -0.3073
vn -0.7406 -0.6561 -0.1445
vn -0.9604 -0.2690 -0.0723
vn 0.5119 -0.1303 0.8491
vn 0.2922 0.2568 0.9212
vn 0.1766 0.1543 0.9721
vn 0.3734 -0.1924 0.9075
vn 0.5347 -0.1211 -0.8363
vn 0.7335 -0.0376 -0.6786
vn 0.8405 0.1492 -0.5207
vn 0.5162 0.1368 -0.8455
vn 0.9430 0.0062 -0.3326
vn 0.9245 0.3404 -0.1715
vn 0.9604 0.2690 0.0723
vn 0.9829 -0.1367 -0.1232
vn 0.0855 0.0781 -0.9933
vn -0.1072 -0.0927 -0.9899
vn 0.3935 -0.5557 0.7324
vn 0.4695 -0.1503 0.8700
vn -0.3825 -0.9210 -0.0739
vn -0.4275 -0.9004 0.0811
vn -0.9829 0.1367 0.1232
vn -0.9449 -0.3166 0.0825
vn -0.9651 0.0467 0.2576
vn 0.5927 0.5240 0.6116
vn 0.4575 0.4037 0.7922
vn 0.7015 -0.0261 0.7121
vn -0.4927 0.5002 0.7121
vn -0.1198 0.4336 0.8931
vn 0.0874 0.7307 0.6770
vn 0.2975 -0.0787 -0.9514
vn 0.1877 -0.3109 -0.9317
vn 0.6743 0.4128 -0.6123
vn 0.8272 0.3895 -0.4049
vn 0.6971 0.6187 -0.3622
vn 0.7435 0.6593 -0.1121
vn -0.7482 -0.6632 0.0179
vn -0.2916 -0.9040 -0.3126
vn 0.1186 0.9363 -0.3305
vn -0.1579 0.8203 -0.5497
vn -0.3536 0.8516 -0.3868
vn -0.0180 0.9925 -0.1206
vn 0.7406 0.6561 0.1445
vn 0.6892 0.6100 0.3910
vn -0.9583 -0.2849 -0.0235
vn -0.9189 -0.1588 -0.3612
vn -0.9442 0.2976 -0.1412
vn -0.9801 0.1086 0.1662
vn -0.2687 -0.8922 -0.3630
vn -0.3979 -0.9171 -0.0249
vn -0.1817 -0.8279 -0.5305
vn -0.1531 0.9835 0.0966
vn -0.5258 0.8270 -0.1989
vn -0.6633 0.7483 0.0017
vn -0.2781 0.9101 0.3073
vn 0.2135 0.1870 0.9588
vn 0.4903 0.4328 0.7565
vn -0.7451 -0.6603 -0.0934
vn -0.6716 -0.5943 -0.4424
vn -0.5027 0.4555 0.7347
vn -0.8032 0.3293 0.4964
vn 0.2478 0.8179 -0.5192
vn 0.0490 0.7345 -0.6768
vn 0.2537 0.5993 -0.7593
vn 0.3611 0.6444 -0.6741
vn 0.0659 -0.5217 -0.8506
vn -0.2922 -0.2568 -0.9212
vn -0.0599 -0.6977 -0.7138
vn 0.0599 0.6977 0.7138
vn -0.3848 0.7772 0.4979
vn -0.4665 0.5932 0.6561
vn -0.0659 0.5217 0.8506
vn 0.1817 0.8279 0.5305
vn -0.4575 -0.4037 -0.7922
vn 0.3880 0.1597 -0.9077
vn 0.2733 0.2445 -0.9303
vn -0.7479 -0.6629 -0.0332
vn -0.9525 -0.3025 0.0339
vn 0.4850 0.7756 -0.4040
vn 0.4485 0.8774 -0.1703
vn 0.4181 -0.1733 0.8917
vn 0.7375 -0.0027 0.6753
vn -0.1440 0.3914 0.9089
vn -0.0909 0.4819 0.8715
vn 0.2564 0.2251 0.9400
vn -0.4145 -0.9094 0.0325
vn 0.2916 0.9040 0.3126
vn 0.6039 0.5367 -0.5892
vn 0.4893 0.6215 -0.6118
vn -0.7575 0.6207 0.2023
vn -0.8021 0.4523 0.3899
vn 0.3825 0.9210 0.0739
vn -0.9582 0.2703 -0.0937
vn -0.9735 0.0752 0.2160
vn 0.9168 0.0594 0.3948
vn 0.2979 0.3909 0.8709
vn 0.2624 0.2817 0.9229
vn 0.8708 -0.3571 0.3379
vn -0.8052 0.3690 0.4642
vn -0.5264 -0.3226 0.7866
vn -0.4844 -0.3050 0.8199
vn -0.3618 -0.3956 0.8441
vn -0.3590 -0.4464 0.8196
vn -0.4342 -0.3140 0.8443
vn -0.3894 -0.3471 0.8531
vn -0.5490 -0.3622 0.7532
vn -0.3817 -0.4859 0.7862
vn 0.5195 -0.4418 -0.7313
vn 0.9769 -0.2100 -0.0392
vn 0.7396 -0.6475 0.1833
vn 0.2924 -0.8925 -0.3435
vn -0.5462 -0.4130 0.7287
vn -0.6964 -0.0234 -0.7172
vn -0.2983 -0.2805 -0.9123
vn -0.3732 -0.7150 -0.5911
vn -0.5953 -0.4282 -0.6799
vn -0.4237 -0.5036 0.7529
vn -0.4739 -0.4946 0.7285
vn -0.5187 -0.4615 0.7197
vn 0.9399 0.2920 -0.1769
vn 0.8818 0.4552 0.1232
vn -0.1885 0.2397 -0.9524
vn 0.5496 0.1926 -0.8129
vn -0.3227 -0.5145 -0.7944
vn -0.3649 -0.7491 -0.5528
vn -0.9547 -0.2445 0.1696
vn -0.9939 0.1036 0.0365
vn 0.3137 0.1643 0.9351
vn 0.1976 -0.1911 0.9615
vn 0.6925 -0.7001 0.1739
vn 0.8880 -0.4583 0.0375
vn -0.1337 0.9827 0.1282
vn -0.7712 0.6312 -0.0817
vn -0.9426 0.3333 0.0184
vn -0.5235 0.4355 0.7324
vn -0.9716 0.2244 0.0749
vn 0.4473 -0.6572 -0.6066
vn 0.3305 -0.8411 -0.4281
vn -0.4578 0.3930 -0.7974
vn 0.3137 0.8005 -0.5106
vn 0.3114 0.6815 0.6623
vn -0.5231 0.4367 0.7318
vn -0.5224 0.4398 0.7305
vn -0.4175 -0.6346 0.6504
vn 0.2805 -0.8946 -0.3478
vn 0.0772 -0.9957 0.0506
vn 0.4614 -0.4637 0.7563
vn -0.6117 0.0817 0.7868
vn -0.9462 -0.3186 -0.0566
vn 0.5604 -0.3988 -0.7259
vn -0.3959 0.2951 -0.8696
vn -0.5200 0.3173 -0.7930
vn 0.5947 -0.3372 -0.7298
vn 0.4508 -0.1728 0.8757
vn 0.8975 -0.4324 0.0868
vn 0.8967 -0.4341 0.0868
vn 0.5272 0.0218 0.8494
vn -0.8425 0.5315 -0.0871
vn -0.7856 0.6127 -0.0865
vn -0.3290 0.6804 -0.6548
vn -0.6039 0.7929 -0.0810
vn -0.3098 0.9485 -0.0660
vn -0.9205 0.3811 -0.0862
vn -0.4616 0.0950 -0.8820
vn -0.4872 0.0069 -0.8732
vn -0.9599 0.2673 -0.0840
vn 0.6174 0.3683 0.6951
vn 0.7230 0.6904 0.0231
vn 0.5750 -0.2474 -0.7798
vn 0.6479 -0.0507 -0.7600
vn 0.5395 -0.4968 -0.6797
vn 0.8209 -0.5643 0.0870
vn 0.8332 -0.5460 0.0871
vn -0.4183 0.7340 0.5351
vn -0.5871 0.1704 0.7914
vn 0.4434 -0.3286 0.8339
vn 0.8595 -0.5036 0.0871
vn 0.4772 -0.2666 0.8374
vn 0.5613 -0.5122 -0.6500
vn 0.5658 -0.5264 -0.6346
vn -0.4289 0.4664 -0.7736
vn 0.7165 0.3088 -0.6255
vn -0.7681 0.6345 -0.0862
vn 0.8876 -0.4523 0.0869
vn -0.5297 0.2833 -0.7994
vn -0.6301 0.3834 0.6752
vn -0.5189 0.3691 0.7710
vn 0.4548 -0.4482 0.7695
vn 0.8570 -0.5078 0.0871
vn -0.4396 0.1533 -0.8850
vn -0.5361 0.5308 0.6563
vn 0.4290 -0.4304 0.7942
vn -0.5654 0.2289 0.7924
vn 0.0784 -0.0880 -0.9930
vn 0.0892 0.4199 -0.9032
vn 0.3829 0.3858 -0.8393
vn 0.3733 -0.0863 -0.9237
vn -0.6409 0.3501 0.6831
vn -0.8854 0.4565 -0.0869
vn 0.0592 -0.9944 0.0869
vn 0.0611 -0.9048 -0.4214
vn 0.3576 -0.8473 -0.3926
vn 0.3559 -0.9310 0.0810
vn 0.6077 0.0604 0.7918
vn 0.8723 0.0301 0.4880
vn 0.8761 0.2680 0.4007
vn 0.6149 0.4463 0.6501
vn -0.8778 0.4710 -0.0870
vn 0.6051 -0.0782 -0.7923
vn 0.8708 -0.0553 -0.4884
vn 0.8670 -0.2942 -0.4021
vn 0.5978 -0.4657 -0.6525
vn -0.0730 0.5728 0.8164
vn -0.0836 0.0880 0.9926
vn 0.0822 0.0856 0.9929
vn 0.0924 0.5702 0.8162
vn -0.0946 -0.4196 0.9027
vn -0.1032 -0.8143 0.5711
vn 0.0629 -0.8179 0.5719
vn 0.0714 -0.4225 0.9036
vn -0.0408 0.0877 0.9953
vn 0.0266 0.0867 0.9958
vn 0.0155 -0.4228 0.9061
vn -0.0519 -0.4215 0.9053
vn 0.3905 0.7523 -0.5307
vn 0.3938 0.9156 -0.0806
vn 0.6212 0.7806 -0.0691
vn 0.6186 0.6406 -0.4548
vn -0.6966 -0.6478 -0.3085
vn -0.9328 -0.3244 -0.1567
vn -0.9287 -0.1930 -0.3165
vn -0.6692 -0.3858 -0.6350
vn 0.0870 0.8157 -0.5719
vn 0.0697 0.8169 -0.5726
vn 0.0735 0.9935 -0.0870
vn 0.0909 0.9920 -0.0869
vn -0.0605 -0.8174 0.5729
vn 0.0068 -0.8192 0.5734
vn 0.0029 -0.9962 0.0871
vn -0.0644 -0.9941 0.0870
vn -0.1478 0.5688 0.8090
vn -0.6201 0.4562 0.6382
vn -0.6298 0.0918 0.7713
vn -0.1606 0.1096 0.9809
vn -0.0302 0.5737 0.8185
vn 0.1028 -0.9000 -0.4236
vn 0.0836 -0.9022 -0.4231
vn 0.0681 -0.5556 -0.8286
vn 0.0844 -0.5534 -0.8286
vn -0.0624 -0.9044 -0.4221
vn 0.0049 -0.9063 -0.4225
vn 0.0122 -0.5737 -0.8190
vn -0.0552 -0.5722 -0.8182
vn 0.3640 -0.5379 -0.7604
vn 0.5928 -0.7314 -0.3370
vn 0.0784 0.4204 -0.9039
vn 0.0611 0.4211 -0.9049
vn 0.0644 0.5718 0.8178
vn 0.0565 0.1050 0.9929
vn -0.1667 -0.0411 -0.9851
vn -0.6349 -0.0286 -0.7721
vn -0.6223 0.3385 -0.7058
vn -0.1510 0.4197 -0.8950
vn 0.0976 0.8148 -0.5715
vn 0.1014 0.9910 -0.0868
vn -0.9239 -0.0063 -0.3826
vn -0.9207 0.1755 -0.3484
vn 0.0907 -0.9922 0.0854
vn -0.2216 -0.9717 0.0818
vn -0.2579 -0.8737 -0.4124
vn -0.6166 0.6479 -0.4472
vn -0.1427 0.8115 -0.5666
vn -0.2147 -0.5539 -0.8044
vn -0.2491 -0.7901 0.5600
vn -0.6900 -0.5870 0.4234
vn -0.7027 -0.7086 0.0642
vn 0.0554 -0.0504 -0.9972
vn 0.0995 -0.8123 0.5747
vn 0.1063 -0.9905 0.0874
vn 0.0889 0.9025 0.4214
vn 0.0716 0.9038 0.4219
vn 0.0817 0.5709 0.8169
vn -0.1409 0.8976 0.4175
vn 0.0339 0.4220 -0.9059
vn 0.0426 0.8182 -0.5733
vn -0.1071 -0.9904 0.0868
vn -0.0979 -0.5699 -0.8158
vn -0.0873 -0.0856 -0.9925
vn 0.0681 -0.5730 -0.8167
vn -0.0658 0.9045 0.4213
vn 0.0995 0.9015 0.4210
vn -0.1051 -0.9010 -0.4208
vn -0.1390 0.9865 -0.0861
vn 0.0648 -0.4193 0.9055
vn -0.2040 -0.4237 0.8825
vn 0.0810 -0.8160 0.5723
vn 0.0814 -0.4071 0.9097
vn 0.0734 0.0930 0.9930
vn -0.0763 0.4223 -0.9032
vn 0.0464 0.9951 -0.0871
vn -0.6595 -0.2838 0.6960
vn -0.9276 -0.1419 0.3454
vn -0.9320 -0.2930 0.2133
vn 0.6127 0.3267 -0.7196
vn -0.9199 0.2336 0.3149
vn -0.9228 0.0536 0.3814
vn -0.0638 0.9942 -0.0869
vn -0.0210 0.9960 -0.0871
vn -0.0229 0.9061 0.4223
vn -0.9995 0.0297 -0.0005
vn 0.0372 0.5729 0.8188
vn -0.9184 0.3283 -0.2207
vn -0.9174 0.3965 -0.0335
vn -0.6140 0.7863 -0.0680
vn -0.0677 0.8176 -0.5717
vn -0.0446 -0.0864 -0.9952
vn -0.0335 0.4228 -0.9056
vn 0.0445 0.9053 0.4224
vn 0.0718 -0.0739 -0.9947
vn 0.0228 -0.0875 -0.9959
vn 0.3921 0.8327 0.3909
vn 0.3858 0.5254 0.7583
vn 0.6199 0.7096 0.3350
vn 0.5914 -0.8033 0.0695
vn 0.3593 -0.7662 0.5327
vn 0.5941 -0.6618 0.4572
vn 0.6001 -0.3453 0.7215
vn 0.8683 -0.2199 0.4447
vn -0.6153 0.7160 0.3295
vn 0.3766 0.0753 0.9233
vn 0.3669 -0.3976 0.8410
vn 0.8787 0.4303 0.2065
vn 0.8794 0.4741 -0.0426
vn -0.0248 0.8191 -0.5732
vn -0.9337 -0.3565 0.0322
vn -0.9179 0.3618 0.1626
vn 0.9999 -0.0143 -0.0002
vn 0.8644 -0.4579 -0.2076
vn 0.8637 -0.5022 0.0428
vn 0.8651 -0.4149 0.2817
vn 0.8749 0.1943 -0.4436
vn 0.8780 0.3879 -0.2804
vn -0.3435 -0.5438 0.7657
vn -0.0128 -0.4591 0.8883
vn 0.1452 -0.8142 0.5622
vn -0.2073 -0.8498 0.4846
vn 0.0654 0.4766 -0.8767
vn 0.2659 0.0261 -0.9636
vn 0.0354 -0.0796 -0.9962
vn -0.1719 0.3861 -0.9063
vn 0.8293 0.4982 -0.2527
vn 0.8872 0.3684 -0.2778
vn 0.8008 0.3073 -0.5139
vn 0.6939 0.5476 -0.4676
vn 0.2987 0.5360 -0.7896
vn 0.4793 0.1303 -0.8679
vn 0.3979 -0.2703 0.8767
vn 0.1974 0.1802 0.9636
vn -0.0354 0.0796 0.9962
vn 0.1719 -0.3861 0.9063
vn -0.0954 -0.9925 0.0759
vn -0.1581 -0.8516 0.4997
vn -0.3116 -0.8382 0.4474
vn -0.2555 -0.9644 0.0680
vn -0.2641 -0.8448 0.4652
vn -0.2058 -0.9760 0.0707
vn 0.2158 -0.9727 0.0854
vn 0.2333 -0.5240 -0.8191
vn -0.0060 -0.6100 -0.7924
vn -0.1974 -0.1802 -0.9636
vn 0.0906 -0.8270 0.5548
vn -0.0654 -0.4766 0.8767
vn -0.2987 -0.5360 0.7896
vn 0.9270 -0.3698 0.0625
vn 0.8753 -0.2537 0.4116
vn 0.7387 -0.4523 0.4997
vn 0.8014 -0.5932 0.0759
vn -0.7702 0.4146 -0.4846
vn -0.5079 0.6527 -0.5622
vn -0.5784 0.8112 -0.0854
vn -0.8310 0.5513 -0.0736
vn 0.1603 -0.9835 0.0843
vn 0.5129 0.5603 -0.6503
vn 0.6617 0.2261 -0.7149
vn -0.1464 -0.9864 0.0736
vn 0.9135 0.4067 0.0000
vn 0.9252 0.2829 0.2527
vn 0.9702 0.1819 0.1599
vn 0.3332 -0.7483 0.5736
vn -0.3950 -0.5510 0.7350
vn 0.6236 -0.7772 0.0843
vn 0.5539 -0.6207 0.5548
vn 0.4052 -0.9101 0.0871
vn -0.2452 -0.6561 -0.7136
vn -0.4176 -0.2690 -0.8679
vn -0.4793 -0.1303 0.8679
vn -0.6517 0.2568 0.7136
vn -0.7535 0.1543 0.6390
vn -0.5992 -0.1924 0.7771
vn 0.9916 -0.1211 0.0450
vn 0.9545 -0.0376 0.2959
vn 0.8712 0.1492 0.4676
vn 0.9903 0.1368 0.0243
vn 0.7596 0.0062 0.6503
vn 0.6108 0.3404 0.7149
vn 0.4176 0.2690 0.8679
vn 0.5982 -0.1367 0.7896
vn 0.9029 0.0781 -0.4226
vn 0.8036 -0.0927 -0.5878
vn -0.4375 -0.5557 0.7070
vn -0.5187 -0.1503 0.8416
vn -0.1273 -0.9210 -0.3682
vn -0.2840 -0.9004 -0.3297
vn -0.5982 0.1367 -0.7896
vn -0.5439 -0.3166 -0.7771
vn -0.7056 0.0467 -0.7070
vn -0.2333 0.5240 0.8191
vn -0.4573 0.4037 0.7924
vn -0.2659 -0.0261 0.9636
vn -0.8630 0.5002 -0.0707
vn -0.8334 0.4336 0.3428
vn -0.5426 0.7307 0.4142
vn 0.9727 -0.0787 -0.2180
vn 0.9008 -0.3109 -0.3033
vn 0.8674 0.4128 0.2778
vn 0.7643 0.3895 0.5139
vn 0.6622 0.6187 0.4226
vn 0.4688 0.6593 0.5878
vn -0.3896 -0.6632 -0.6390
vn 0.1249 -0.9040 -0.4088
vn 0.3455 0.9363 -0.0625
vn 0.3971 0.8203 -0.4116
vn 0.1581 0.8516 -0.4997
vn 0.0954 0.9925 -0.0759
vn 0.2452 0.6561 0.7136
vn 0.0060 0.6100 0.7924
vn -0.4588 -0.2849 -0.8416
vn -0.1465 -0.1588 -0.9763
vn -0.3498 0.2976 -0.8883
vn -0.6340 0.1086 -0.7657
vn 0.1800 -0.8922 -0.4142
vn -0.1773 -0.9171 -0.3570
vn 0.3686 -0.8279 -0.4226
vn -0.1603 0.9835 -0.0843
vn -0.0906 0.8270 -0.5548
vn -0.3332 0.7483 -0.5736
vn -0.4052 0.9101 -0.0871
vn -0.7236 0.1870 0.6644
vn -0.4100 0.4328 0.8029
vn -0.2916 -0.6603 -0.6920
vn 0.0473 -0.5943 -0.8029
vn -0.8876 0.4555 -0.0680
vn -0.8315 0.3293 -0.4474
vn 0.5735 0.8179 -0.0450
vn 0.6107 0.7345 -0.2959
vn 0.7844 0.5993 -0.1599
vn 0.7643 0.6444 -0.0243
vn 0.7696 -0.5217 -0.3682
vn 0.6517 -0.2568 -0.7136
vn 0.5882 -0.6977 -0.4088
vn -0.5882 0.6977 0.4088
vn -0.6236 0.7772 -0.0843
vn -0.8014 0.5932 -0.0759
vn -0.7696 0.5217 0.3682
vn -0.3686 0.8279 0.4226
vn 0.4573 -0.4037 -0.7924
vn 0.9801 0.1597 -0.1178
vn 0.9424 0.2445 -0.2284
vn -0.3452 -0.6629 -0.6644
vn -0.5056 -0.3025 -0.8079
vn 0.5924 0.7756 0.2180
vn 0.3717 0.8774 0.3033
vn -0.5631 -0.1733 0.8079
vn -0.2160 -0.0027 0.9763
vn -0.8591 0.3914 0.3297
vn -0.8002 0.4819 0.3570
vn -0.6858 0.2251 0.6920
vn -0.2354 -0.9094 -0.3428
vn -0.1249 0.9040 0.4088
vn 0.8122 0.5367 0.2284
vn 0.7745 0.6215 0.1178
vn -0.5539 0.6207 -0.5548
vn -0.7387 0.4523 -0.4997
vn 0.1273 0.9210 0.3682
vn -0.3979 0.2703 -0.8767
vn -0.6738 0.0752 -0.7350
vn 0.1164 0.0594 0.9914
vn -0.6052 0.3909 0.6934
vn -0.6680 0.2817 0.6887
vn 0.1427 -0.3571 0.9231
vn -0.8046 0.3690 -0.4652
vn -0.9444 -0.3226 -0.0626
vn -0.9523 -0.3050 -0.0095
vn -0.9120 -0.3956 0.1087
vn -0.8893 -0.4464 0.0989
vn -0.9483 -0.3140 0.0461
vn -0.9335 -0.3471 0.0894
vn -0.9268 -0.3622 -0.0988
vn -0.8717 -0.4859 0.0626
vn 0.8931 -0.4418 0.0843
vn 0.5224 -0.2100 0.8264
vn 0.2110 -0.6475 0.7322
vn 0.4437 -0.8925 0.0815
vn -0.9042 -0.4130 -0.1087
vn 0.2729 -0.0234 -0.9617
vn 0.6409 -0.2805 -0.7145
vn 0.3253 -0.7150 -0.6188
vn 0.2911 -0.4282 -0.8555
vn -0.8639 -0.5036 0.0095
vn -0.8679 -0.4946 -0.0461
vn -0.8826 -0.4615 -0.0894
vn 0.6232 0.2920 0.7255
vn 0.3342 0.4552 0.8253
vn 0.7305 0.2397 -0.6394
vn 0.9788 0.1926 0.0696
vn 0.5266 -0.5145 -0.6767
vn 0.2963 -0.7491 -0.5924
vn -0.6242 -0.2445 -0.7420
vn -0.5286 0.1036 -0.8425
vn -0.6530 0.1643 0.7393
vn -0.7338 -0.1911 0.6519
vn 0.1957 -0.7001 0.6867
vn 0.4115 -0.4583 0.7878
vn -0.1778 0.9827 -0.0517
vn -0.3149 0.6312 -0.7088
vn -0.4872 0.3333 -0.8071
vn -0.8960 0.4355 -0.0871
vn -0.5506 0.2244 -0.8040
vn 0.7489 -0.6572 0.0841
vn 0.5361 -0.8411 0.0722
vn 0.4617 0.3930 -0.7952
vn 0.5990 0.8005 0.0164
vn -0.4179 0.6815 0.6008
vn -0.8954 0.4367 -0.0871
vn -0.8939 0.4398 -0.0871
vn -0.7720 -0.6346 -0.0363
vn 0.4414 -0.8946 0.0690
vn -0.0773 -0.9957 0.0507
vn 0.9462 -0.3186 -0.0566
vn 0.6117 0.0817 0.7868
vn -0.4614 -0.4637 0.7563
vn -0.5603 -0.3988 -0.7259
vn -0.5947 -0.3372 -0.7298
vn 0.5200 0.3173 -0.7930
vn 0.3959 0.2951 -0.8696
vn -0.4508 -0.1728 0.8757
vn -0.5272 0.0218 0.8494
vn -0.8967 -0.4341 0.0868
vn -0.8975 -0.4324 0.0868
vn 0.8425 0.5315 -0.0871
vn 0.7856 0.6127 -0.0865
vn 0.3290 0.6804 -0.6548
vn 0.3098 0.9485 -0.0660
vn 0.6039 0.7929 -0.0810
vn 0.9205 0.3811 -0.0862
vn 0.9599 0.2673 -0.0840
vn 0.4872 0.0069 -0.8732
vn 0.4616 0.0950 -0.8820
vn -0.6174 0.3683 0.6951
vn -0.7230 0.6904 0.0231
vn -0.5750 -0.2474 -0.7798
vn -0.6479 -0.0507 -0.7600
vn -0.5395 -0.4968 -0.6797
vn -0.8332 -0.5460 0.0871
vn -0.8209 -0.5643 0.0870
vn 0.4183 0.7340 0.5351
vn 0.5871 0.1704 0.7914
vn -0.4434 -0.3286 0.8339
vn -0.4772 -0.2666 0.8374
vn -0.8595 -0.5036 0.0871
vn -0.5658 -0.5264 -0.6346
vn -0.5613 -0.5122 -0.6500
vn -0.7165 0.3088 -0.6255
vn 0.4289 0.4664 -0.7736
vn 0.7680 0.6345 -0.0862
vn -0.8876 -0.4523 0.0869
vn 0.5297 0.2833 -0.7994
vn 0.5189 0.3691 0.7710
vn 0.6301 0.3834 0.6752
vn -0.4548 -0.4482 0.7695
vn -0.8570 -0.5078 0.0871
vn 0.4396 0.1533 -0.8850
vn 0.5361 0.5308 0.6563
vn -0.4290 -0.4304 0.7942
vn 0.5654 0.2289 0.7924
vn -0.0785 -0.0880 -0.9930
vn -0.3733 -0.0863 -0.9237
vn -0.3829 0.3858 -0.8393
vn -0.0892 0.4199 -0.9032
vn 0.6409 0.3501 0.6831
vn 0.8854 0.4565 -0.0869
vn -0.0592 -0.9944 0.0869
vn -0.3559 -0.9310 0.0810
vn -0.3576 -0.8473 -0.3926
vn -0.0611 -0.9048 -0.4214
vn -0.6077 0.0604 0.7918
vn -0.6149 0.4463 0.6501
vn -0.8761 0.2680 0.4007
vn -0.8723 0.0301 0.4880
vn 0.8778 0.4710 -0.0870
vn -0.6051 -0.0782 -0.7923
vn -0.5978 -0.4657 -0.6525
vn -0.8670 -0.2942 -0.4021
vn -0.8708 -0.0553 -0.4884
vn 0.0730 0.5728 0.8164
vn -0.0924 0.5702 0.8162
vn -0.0822 0.0856 0.9929
vn 0.0836 0.0880 0.9926
vn 0.0946 -0.4196 0.9027
vn -0.0714 -0.4225 0.9036
vn -0.0629 -0.8179 0.5719
vn 0.1032 -0.8143 0.5711
vn 0.0408 0.0877 0.9953
vn 0.0519 -0.4215 0.9053
vn -0.0155 -0.4228 0.9061
vn -0.0266 0.0867 0.9958
vn -0.3905 0.7523 -0.5307
vn -0.6186 0.6406 -0.4548
vn -0.6212 0.7806 -0.0691
vn -0.3938 0.9156 -0.0806
vn 0.6966 -0.6478 -0.3084
vn 0.6692 -0.3858 -0.6350
vn 0.9287 -0.1930 -0.3165
vn 0.9328 -0.3244 -0.1567
vn -0.0870 0.8157 -0.5719
vn -0.0909 0.9920 -0.0869
vn -0.0735 0.9935 -0.0870
vn -0.0697 0.8169 -0.5726
vn 0.0605 -0.8174 0.5729
vn 0.0644 -0.9941 0.0870
vn -0.0029 -0.9962 0.0871
vn -0.0068 -0.8192 0.5734
vn 0.1478 0.5688 0.8090
vn 0.1606 0.1096 0.9809
vn 0.6298 0.0918 0.7712
vn 0.6201 0.4562 0.6382
vn 0.0302 0.5737 0.8185
vn -0.1028 -0.9000 -0.4236
vn -0.0844 -0.5534 -0.8286
vn -0.0681 -0.5556 -0.8286
vn -0.0836 -0.9022 -0.4231
vn 0.0624 -0.9044 -0.4221
vn 0.0552 -0.5722 -0.8182
vn -0.0122 -0.5737 -0.8190
vn -0.0049 -0.9063 -0.4225
vn -0.3640 -0.5379 -0.7604
vn -0.5928 -0.7314 -0.3370
vn -0.0784 0.4204 -0.9039
vn -0.0611 0.4211 -0.9049
vn -0.0644 0.5718 0.8178
vn -0.0565 0.1050 0.9929
vn 0.1667 -0.0411 -0.9851
vn 0.1510 0.4197 -0.8950
vn 0.6223 0.3385 -0.7058
vn 0.6349 -0.0286 -0.7721
vn -0.0976 0.8148 -0.5715
vn -0.1014 0.9910 -0.0868
vn 0.9207 0.1755 -0.3484
vn 0.9239 -0.0063 -0.3826
vn -0.0907 -0.9922 0.0854
vn 0.2579 -0.8737 -0.4123
vn 0.2216 -0.9717 0.0818
vn 0.1427 0.8115 -0.5666
vn 0.6166 0.6479 -0.4472
vn 0.2147 -0.5539 -0.8044
vn 0.2491 -0.7901 0.5600
vn 0.7027 -0.7086 0.0642
vn 0.6900 -0.5870 0.4234
vn -0.0554 -0.0504 -0.9972
vn -0.1063 -0.9905 0.0874
vn -0.0995 -0.8123 0.5747
vn -0.0889 0.9025 0.4214
vn -0.0817 0.5709 0.8169
vn -0.0716 0.9038 0.4219
vn 0.1409 0.8976 0.4175
vn -0.0339 0.4220 -0.9059
vn -0.0426 0.8182 -0.5733
vn 0.1071 -0.9904 0.0868
vn 0.0979 -0.5699 -0.8158
vn -0.0681 -0.5730 -0.8167
vn 0.0873 -0.0856 -0.9925
vn 0.0658 0.9045 0.4213
vn -0.0995 0.9015 0.4210
vn 0.1051 -0.9010 -0.4208
vn 0.1390 0.9865 -0.0861
vn -0.0648 -0.4193 0.9055
vn -0.0810 -0.8160 0.5723
vn 0.2040 -0.4237 0.8825
vn -0.0814 -0.4071 0.9097
vn -0.0734 0.0930 0.9930
vn 0.0763 0.4223 -0.9032
vn -0.0464 0.9951 -0.0871
vn 0.6595 -0.2838 0.6960
vn 0.9320 -0.2929 0.2133
vn 0.9276 -0.1419 0.3454
vn -0.6127 0.3267 -0.7196
vn 0.9228 0.0536 0.3814
vn 0.9199 0.2336 0.3149
vn 0.0638 0.9942 -0.0869
vn 0.0229 0.9061 0.4223
vn 0.0210 0.9960 -0.0871
vn 0.9995 0.0297 -0.0005
vn -0.0372 0.5729 0.8188
vn 0.6140 0.7863 -0.0680
vn 0.9174 0.3965 -0.0335
vn 0.9184 0.3283 -0.2206
vn 0.0677 0.8176 -0.5717
vn 0.0335 0.4228 -0.9056
vn 0.0446 -0.0864 -0.9952
vn -0.0445 0.9053 0.4224
vn -0.0228 -0.0875 -0.9959
vn -0.0718 -0.0739 -0.9947
vn -0.3921 0.8327 0.3909
vn -0.6199 0.7096 0.3350
vn -0.3858 0.5254 0.7583
vn -0.5914 -0.8033 0.0695
vn -0.3593 -0.7662 0.5327
vn -0.5941 -0.6618 0.4572
vn -0.6001 -0.3453 0.7215
vn -0.8683 -0.2199 0.4447
vn 0.6153 0.7160 0.3295
vn -0.3766 0.0753 0.9233
vn -0.3669 -0.3976 0.8410
vn -0.8794 0.4741 -0.0426
vn -0.8787 0.4303 0.2065
vn 0.0248 0.8191 -0.5732
vn 0.9337 -0.3565 0.0322
vn 0.9179 0.3618 0.1626
vn -0.9999 -0.0143 -0.0002
vn -0.8637 -0.5022 0.0428
vn -0.8644 -0.4579 -0.2076
vn -0.8651 -0.4149 0.2817
vn -0.8749 0.1943 -0.4436
vn -0.8780 0.3879 -0.2804
vn 0.3435 -0.5438 0.7657
vn 0.2073 -0.8498 0.4846
vn -0.1452 -0.8142 0.5622
vn 0.0128 -0.4591 0.8883
vn -0.0654 0.4766 -0.8767
vn 0.1719 0.3861 -0.9063
vn -0.0354 -0.0796 -0.9962
vn -0.2659 0.0261 -0.9636
vn -0.8293 0.4982 -0.2527
vn -0.6939 0.5476 -0.4676
vn -0.8008 0.3073 -0.5139
vn -0.8872 0.3684 -0.2778
vn -0.2987 0.5360 -0.7896
vn -0.4793 0.1303 -0.8679
vn -0.3979 -0.2703 0.8767
vn -0.1719 -0.3861 0.9063
vn 0.0354 0.0796 0.9962
vn -0.1974 0.1802 0.9636
vn 0.0954 -0.9925 0.0759
vn 0.2555 -0.9644 0.0680
vn 0.3116 -0.8382 0.4474
vn 0.1581 -0.8516 0.4997
vn -0.2158 -0.9727 0.0854
vn 0.2058 -0.9760 0.0707
vn 0.2641 -0.8448 0.4652
vn 0.1974 -0.1802 -0.9636
vn 0.0060 -0.6100 -0.7924
vn -0.2333 -0.5240 -0.8191
vn -0.0906 -0.8270 0.5548
vn 0.2987 -0.5360 0.7896
vn 0.0654 -0.4766 0.8767
vn -0.9270 -0.3698 0.0625
vn -0.8014 -0.5932 0.0759
vn -0.7387 -0.4523 0.4997
vn -0.8753 -0.2537 0.4116
vn 0.7702 0.4146 -0.4846
vn 0.8310 0.5513 -0.0736
vn 0.5784 0.8112 -0.0854
vn 0.5079 0.6527 -0.5622
vn -0.1603 -0.9835 0.0843
vn -0.5129 0.5603 -0.6503
vn -0.6617 0.2261 -0.7149
vn 0.1464 -0.9864 0.0736
vn -0.9135 0.4067 0.0000
vn -0.9702 0.1819 0.1599
vn -0.9252 0.2829 0.2527
vn -0.3332 -0.7483 0.5736
vn 0.3950 -0.5510 0.7350
vn -0.6236 -0.7772 0.0843
vn -0.4052 -0.9101 0.0871
vn -0.5539 -0.6207 0.5548
vn 0.4176 -0.2690 -0.8679
vn 0.2452 -0.6561 -0.7136
vn 0.4793 -0.1303 0.8679
vn 0.5992 -0.1924 0.7771
vn 0.7535 0.1543 0.6390
vn 0.6517 0.2568 0.7136
vn -0.9916 -0.1211 0.0450
vn -0.9545 -0.0376 0.2959
vn -0.8712 0.1492 0.4676
vn -0.9903 0.1368 0.0243
vn -0.7596 0.0062 0.6503
vn -0.5982 -0.1367 0.7896
vn -0.4176 0.2690 0.8679
vn -0.6108 0.3404 0.7149
vn -0.8036 -0.0927 -0.5878
vn -0.9029 0.0781 -0.4226
vn 0.4375 -0.5557 0.7070
vn 0.5187 -0.1503 0.8416
vn 0.1273 -0.9210 -0.3682
vn 0.2840 -0.9004 -0.3297
vn 0.5982 0.1367 -0.7896
vn 0.7056 0.0467 -0.7070
vn 0.5439 -0.3166 -0.7771
vn 0.2659 -0.0261 0.9636
vn 0.4573 0.4037 0.7924
vn 0.2333 0.5240 0.8191
vn 0.5426 0.7307 0.4142
vn 0.8334 0.4336 0.3428
vn 0.8630 0.5002 -0.0707
vn -0.9727 -0.0787 -0.2180
vn -0.9008 -0.3109 -0.3033
vn -0.7643 0.3895 0.5139
vn -0.8674 0.4128 0.2778
vn -0.4688 0.6593 0.5878
vn -0.6622 0.6187 0.4226
vn 0.3896 -0.6632 -0.6390
vn -0.1249 -0.9040 -0.4088
vn -0.3455 0.9363 -0.0625
vn -0.0954 0.9925 -0.0759
vn -0.1581 0.8516 -0.4997
vn -0.3971 0.8203 -0.4116
vn -0.0060 0.6100 0.7924
vn -0.2452 0.6561 0.7136
vn 0.4588 -0.2849 -0.8416
vn 0.6340 0.1086 -0.7657
vn 0.3498 0.2976 -0.8883
vn 0.1465 -0.1588 -0.9763
vn 0.1773 -0.9171 -0.3570
vn -0.1800 -0.8922 -0.4142
vn -0.3686 -0.8279 -0.4226
vn 0.1603 0.9835 -0.0843
vn 0.4052 0.9101 -0.0871
vn 0.3332 0.7483 -0.5736
vn 0.0906 0.8270 -0.5548
vn 0.4100 0.4328 0.8029
vn 0.7236 0.1870 0.6644
vn 0.2916 -0.6603 -0.6920
vn -0.0473 -0.5943 -0.8029
vn 0.8876 0.4555 -0.0680
vn 0.8315 0.3293 -0.4474
vn -0.5735 0.8179 -0.0450
vn -0.6107 0.7345 -0.2959
vn -0.7844 0.5993 -0.1599
vn -0.7643 0.6444 -0.0243
vn -0.6517 -0.2568 -0.7136
vn -0.7696 -0.5217 -0.3682
vn -0.5882 -0.6977 -0.4088
vn 0.5882 0.6977 0.4088
vn 0.7696 0.5217 0.3682
vn 0.8014 0.5932 -0.0759
vn 0.6236 0.7772 -0.0843
vn 0.3686 0.8279 0.4226
vn -0.4573 -0.4037 -0.7924
vn -0.9424 0.2445 -0.2284
vn -0.9801 0.1597 -0.1178
vn 0.5056 -0.3025 -0.8079
vn 0.3452 -0.6629 -0.6644
vn -0.5924 0.7756 0.2180
vn -0.3717 0.8774 0.3033
vn 0.2160 -0.0027 0.9763
vn 0.5631 -0.1733 0.8079
vn 0.8591 0.3914 0.3297
vn 0.8002 0.4819 0.3570
vn 0.6858 0.2251 0.6920
vn 0.2354 -0.9094 -0.3428
vn 0.1249 0.9040 0.4088
vn -0.8122 0.5367 0.2284
vn -0.7745 0.6215 0.1178
vn 0.7387 0.4523 -0.4997
vn 0.5539 0.6207 -0.5548
vn -0.1273 0.9210 0.3682
vn 0.3979 0.2703 -0.8767
vn 0.6738 0.0752 -0.7350
vn -0.1164 0.0594 0.9914
vn -0.1427 -0.3571 0.9231
vn 0.6680 0.2817 0.6887
vn 0.6052 0.3909 0.6934
vn 0.8046 0.3690 -0.4652
vn 0.9523 -0.3050 -0.0095
vn 0.9444 -0.3226 -0.0626
vn 0.8893 -0.4464 0.0989
vn 0.9120 -0.3956 0.1087
vn 0.9335 -0.3471 0.0894
vn 0.9483 -0.3140 0.0461
vn 0.9268 -0.3622 -0.0988
vn 0.8717 -0.4859 0.0626
vn -0.8931 -0.4418 0.0843
vn -0.4437 -0.8925 0.0815
vn -0.2110 -0.6475 0.7322
vn -0.5224 -0.2100 0.8264
vn 0.9042 -0.4130 -0.1087
vn -0.2729 -0.0234 -0.9617
vn -0.2911 -0.4282 -0.8555
vn -0.3253 -0.7150 -0.6188
vn -0.6409 -0.2805 -0.7145
vn 0.8679 -0.4946 -0.0461
vn 0.8639 -0.5036 0.0095
vn 0.8826 -0.4615 -0.0894
vn -0.6232 0.2920 0.7255
vn -0.3342 0.4552 0.8253
vn -0.7305 0.2397 -0.6394
vn -0.9788 0.1926 0.0696
vn -0.5266 -0.5145 -0.6767
vn 0.5286 0.1036 -0.8425
vn 0.6242 -0.2445 -0.7420
vn -0.2962 -0.7491 -0.5924
vn 0.6530 0.1643 0.7393
vn -0.4115 -0.4583 0.7878
vn -0.1957 -0.7001 0.6867
vn 0.7338 -0.1911 0.6519
vn 0.1778 0.9827 -0.0517
vn 0.8960 0.4355 -0.0871
vn 0.4872 0.3333 -0.8071
vn 0.3149 0.6312 -0.7087
vn 0.5506 0.2244 -0.8040
vn -0.5361 -0.8411 0.0722
vn -0.7489 -0.6572 0.0841
vn -0.4617 0.3930 -0.7952
vn -0.5990 0.8005 0.0164
vn 0.4179 0.6815 0.6008
vn 0.8954 0.4367 -0.0871
vn 0.8939 0.4398 -0.0871
vn 0.7720 -0.6346 -0.0363
vn -0.4414 -0.8946 0.0690
vn 0.0832 -0.9861 -0.1441
vn 0.1019 -0.9790 -0.1765
vn 0.1765 -0.9790 -0.1021
vn 0.1440 -0.9861 -0.0834
vn 0.2038 -0.9790 0.0000
vn 0.1663 -0.9861 0.0000
vn 0.0000 -0.9861 -0.1664
vn 0.0000 -0.9790 -0.2039
vn 0.1153 -0.9730 -0.1998
vn 0.1997 -0.9730 -0.1155
vn 0.2306 -0.9730 0.0000
vn 0.0000 -0.9730 -0.2307
vn -0.0832 -0.9861 -0.1441
vn -0.1440 -0.9861 -0.0834
vn -0.1765 -0.9790 -0.1021
vn -0.1019 -0.9790 -0.1765
vn -0.1663 -0.9861 0.0000
vn -0.2038 -0.9790 0.0000
vn -0.1997 -0.9730 -0.1155
vn -0.1153 -0.9730 -0.1998
vn -0.2306 -0.9730 0.0000
vn 0.0832 -0.9861 0.1441
vn 0.1440 -0.9861 0.0834
vn 0.1765 -0.9790 0.1021
vn 0.1019 -0.9790 0.1765
vn 0.0000 -0.9861 0.1664
vn 0.0000 -0.9790 0.2039
vn 0.1997 -0.9730 0.1155
vn 0.1153 -0.9730 0.1998
vn 0.0000 -0.9730 0.2307
vn -0.0832 -0.9861 0.1441
vn -0.1019 -0.9790 0.1765
vn -0.1765 -0.9790 0.1021
vn -0.1440 -0.9861 0.0834
vn -0.1153 -0.9730 0.1998
vn -0.1997 -0.9730 0.1155
vn 0.7848 0.4227 0.4531
vn 0.9063 0.4227 0.0000
vn 0.8536 0.5209 0.0000
vn 0.7392 0.5209 0.4268
vn 0.4532 0.4227 -0.7848
vn 0.0000 0.4227 -0.9063
vn 0.0000 0.5209 -0.8536
vn 0.4269 0.5209 -0.7392
vn 0.4532 0.4227 0.7848
vn 0.4269 0.5209 0.7392
vn 0.7848 0.4227 -0.4531
vn 0.7392 0.5209 -0.4268
vn 0.0000 0.4227 0.9063
vn 0.0000 0.5209 0.8536
vn 0.6413 0.6719 0.3703
vn 0.3703 0.6719 0.6413
vn 0.3703 0.6719 -0.6413
vn 0.6413 0.6719 -0.3703
vn 0.0000 0.6720 0.7406
vn 0.7406 0.6719 0.0000
vn 0.0000 0.6720 -0.7406
vn 0.5504 0.7720 0.3178
vn 0.3178 0.7720 0.5504
vn 0.3178 0.7720 -0.5504
vn 0.5504 0.7720 -0.3178
vn 0.0000 0.7720 0.6355
vn 0.6355 0.7720 0.0000
vn 0.0000 0.7720 -0.6355
vn 0.2050 0.9121 -0.3550
vn 0.3551 0.9121 -0.2050
vn 0.2050 0.9121 0.3550
vn 0.0000 0.9121 0.4100
vn 0.4100 0.9121 0.0000
vn 0.3551 0.9121 0.2050
vn 0.0000 0.9121 -0.4100
vn 0.5573 0.7652 -0.3222
vn 0.6390 0.7692 -0.0031
vn 0.7424 -0.6699 0.0037
vn 0.6406 -0.6732 -0.3694
vn 0.3107 0.7923 0.5251
vn 0.0000 0.8002 0.5997
vn 0.0000 -0.6431 0.7657
vn 0.3747 -0.6513 0.6599
vn 0.3228 0.7691 -0.5515
vn 0.3694 -0.6706 -0.6433
vn 0.5459 0.7785 0.3095
vn 0.6460 -0.6620 0.3799
vn 0.0000 0.7732 -0.6341
vn 0.0000 -0.6654 -0.7465
vn -0.3218 -0.7692 -0.5520
vn -0.5523 -0.7703 -0.3189
vn -0.3218 -0.7692 0.5520
vn 0.0000 -0.7724 0.6351
vn -0.6377 -0.7703 0.0000
vn -0.5523 -0.7703 0.3189
vn 0.0000 -0.7724 -0.6351
vn -0.4112 0.5652 -0.7151
vn -0.7071 0.5744 -0.4123
vn -0.4085 0.5790 0.7055
vn 0.0000 0.5793 0.8151
vn -0.8147 0.5798 -0.0021
vn -0.7043 0.5821 0.4064
vn 0.0000 0.5630 -0.8264
vn 0.1076 0.0295 -0.9937
vn 0.0128 0.8408 -0.5411
vn 0.4118 0.7850 -0.4628
vn 0.6900 0.0079 -0.7237
vn 0.9914 0.0000 0.1310
vn 0.5421 0.8372 0.0716
vn 0.4145 0.7847 0.4609
vn 0.6925 0.0080 0.7213
vn 0.5696 -0.8188 0.0712
vn 0.4454 -0.7627 0.4689
vn 0.0634 -0.8233 0.5640
vn 0.5703 -0.8181 -0.0729
vn 0.5831 -0.8123 0.0005
vn 0.9909 0.0000 -0.1345
vn 0.5430 0.8365 -0.0734
vn 0.5582 0.8297 0.0005
vn 1.0000 0.0000 0.0008
vn 0.0634 -0.8233 -0.5640
vn 0.4428 -0.7631 -0.4707
vn 0.1076 0.0295 0.9937
vn 0.0000 0.0490 0.9988
vn 0.0000 -0.8104 0.5858
vn -0.0655 0.9978 -0.0001
vn 0.0000 1.0000 -0.0020
vn -0.0639 0.9979 0.0000
vn -0.0655 0.9978 0.0001
vn 0.0000 1.0000 0.0019
vn 0.0000 0.8324 0.5542
vn 0.0128 0.8409 0.5411
vn 0.0000 -0.8104 -0.5858
vn 0.0000 0.0490 -0.9988
vn 0.0000 0.8323 -0.5543
vn 0.4876 -0.2213 0.8445
vn 0.0000 -0.2213 0.9752
vn 0.0000 -0.8119 0.5837
vn 0.2919 -0.8119 0.5055
vn 0.4876 -0.2213 -0.8445
vn 0.8445 -0.2213 -0.4876
vn 0.5055 -0.8119 -0.2918
vn 0.2919 -0.8119 -0.5055
vn 0.8445 -0.2213 0.4876
vn 0.5055 -0.8119 0.2918
vn 0.0000 -0.2213 -0.9752
vn 0.0000 -0.8119 -0.5837
vn 0.9752 -0.2213 0.0000
vn 0.5837 -0.8119 0.0000
vn 0.6557 0.6532 -0.3786
vn 0.7571 0.6532 0.0000
vn 0.6557 0.6532 0.3786
vn 0.0000 0.6532 -0.7572
vn 0.3786 0.6532 -0.6557
vn 0.3786 0.6532 0.6557
vn 0.0000 0.6532 0.7572
vn -0.5523 0.7703 -0.3189
vn -0.3189 0.7702 -0.5523
vn 0.0000 0.7703 0.6377
vn -0.3189 0.7702 0.5523
vn -0.6377 0.7703 0.0000
vn -0.5523 0.7703 0.3189
vn 0.0000 0.7703 -0.6377
vn -0.5000 0.0000 -0.8660
vn -0.5000 0.0000 0.8660
vn -0.8660 0.0000 0.5000
vn -0.8660 0.0000 -0.5000
vn 0.4364 -0.4884 0.7557
vn 0.0000 -0.4884 0.8726
vn 0.0000 -0.5874 0.8093
vn 0.4047 -0.5874 0.7008
vn 0.4364 -0.4884 -0.7557
vn 0.7557 -0.4884 -0.4363
vn 0.7009 -0.5874 -0.4046
vn 0.4047 -0.5874 -0.7008
vn 0.7557 -0.4884 0.4363
vn 0.7009 -0.5874 0.4046
vn 0.0000 -0.4884 -0.8726
vn 0.0000 -0.5874 -0.8093
vn 0.8726 -0.4884 0.0000
vn 0.8093 -0.5874 0.0000
vn 0.3388 -0.7355 -0.5867
vn 0.0000 -0.7355 -0.6774
vn 0.5867 -0.7355 0.3387
vn 0.6775 -0.7355 0.0000
vn 0.5867 -0.7355 -0.3387
vn 0.0000 -0.7355 0.6774
vn 0.3388 -0.7355 0.5867
vn 0.2837 -0.8235 -0.4912
vn 0.0000 -0.8235 -0.5672
vn 0.4912 -0.8235 0.2836
vn 0.5672 -0.8235 0.0000
vn 0.4912 -0.8235 -0.2836
vn 0.0000 -0.8235 0.5672
vn 0.2837 -0.8235 0.4912
vn 0.3076 -0.9348 0.1776
vn 0.3552 -0.9348 0.0000
vn 0.3076 -0.9348 -0.1776
vn 0.0000 -0.9348 0.3552
vn 0.1776 -0.9348 0.3076
vn 0.1776 -0.9348 -0.3076
vn 0.0000 -0.9348 -0.3552
vn -0.7848 0.4227 0.4531
vn -0.7392 0.5209 0.4268
vn -0.8536 0.5209 0.0000
vn -0.9063 0.4227 0.0000
vn -0.4532 0.4227 -0.7848
vn -0.4269 0.5209 -0.7392
vn -0.4532 0.4227 0.7848
vn -0.4269 0.5209 0.7392
vn -0.7848 0.4227 -0.4531
vn -0.7392 0.5209 -0.4268
vn -0.3703 0.6719 0.6413
vn -0.6413 0.6719 0.3703
vn -0.6413 0.6719 -0.3703
vn -0.3703 0.6719 -0.6413
vn -0.7406 0.6719 0.0000
vn -0.3178 0.7720 0.5504
vn -0.5504 0.7720 0.3178
vn -0.5504 0.7720 -0.3178
vn -0.3178 0.7720 -0.5504
vn -0.6355 0.7720 0.0000
vn -0.3551 0.9121 -0.2050
vn -0.2050 0.9121 -0.3550
vn -0.2050 0.9121 0.3550
vn -0.4100 0.9121 0.0000
vn -0.3551 0.9121 0.2050
vn -0.5573 0.7652 -0.3222
vn -0.6406 -0.6732 -0.3694
vn -0.7424 -0.6699 0.0037
vn -0.6390 0.7692 -0.0031
vn -0.3107 0.7923 0.5251
vn -0.3747 -0.6513 0.6599
vn -0.3228 0.7691 -0.5515
vn -0.3694 -0.6706 -0.6433
vn -0.5459 0.7785 0.3095
vn -0.6460 -0.6620 0.3799
vn 0.5523 -0.7703 -0.3189
vn 0.3218 -0.7692 -0.5520
vn 0.3218 -0.7692 0.5520
vn 0.6377 -0.7703 0.0000
vn 0.5523 -0.7703 0.3189
vn 0.7071 0.5744 -0.4123
vn 0.4112 0.5652 -0.7151
vn 0.4085 0.5790 0.7055
vn 0.8147 0.5798 -0.0021
vn 0.7043 0.5821 0.4064
vn -0.1076 0.0295 -0.9937
vn -0.6900 0.0079 -0.7237
vn -0.4118 0.7850 -0.4628
vn -0.0128 0.8408 -0.5411
vn -0.9914 0.0000 0.1310
vn -0.6925 0.0080 0.7213
vn -0.4145 0.7847 0.4609
vn -0.5421 0.8372 0.0716
vn -0.0634 -0.8233 0.5640
vn -0.4454 -0.7627 0.4689
vn -0.5696 -0.8188 0.0712
vn -0.5831 -0.8123 0.0005
vn -0.5703 -0.8181 -0.0729
vn -0.9909 0.0000 -0.1345
vn -1.0000 0.0000 0.0008
vn -0.5582 0.8297 0.0005
vn -0.5430 0.8365 -0.0734
vn -0.0634 -0.8233 -0.5640
vn -0.4428 -0.7631 -0.4707
vn -0.1076 0.0295 0.9937
vn 0.0655 0.9978 -0.0001
vn 0.0639 0.9979 0.0000
vn 0.0655 0.9978 0.0001
vn -0.0128 0.8409 0.5411
vn -0.4876 -0.2213 0.8445
vn -0.2919 -0.8119 0.5055
vn -0.4876 -0.2213 -0.8445
vn -0.2919 -0.8119 -0.5055
vn -0.5055 -0.8119 -0.2918
vn -0.8445 -0.2213 -0.4876
vn -0.8445 -0.2213 0.4876
vn -0.5055 -0.8119 0.2918
vn -0.9752 -0.2213 0.0000
vn -0.5837 -0.8119 0.0000
vn -0.6557 0.6532 -0.3786
vn -0.7571 0.6532 0.0000
vn -0.6557 0.6532 0.3786
vn -0.3786 0.6532 -0.6557
vn -0.3786 0.6532 0.6557
vn 0.3189 0.7702 -0.5523
vn 0.5523 0.7703 -0.3189
vn 0.3189 0.7702 0.5523
vn 0.6377 0.7703 0.0000
vn 0.5523 0.7703 0.3189
vn 0.5000 0.0000 -0.8660
vn 0.8660 0.0000 0.5000
vn 0.5000 0.0000 0.8660
vn 0.8660 0.0000 -0.5000
vn -0.4364 -0.4884 0.7557
vn -0.4047 -0.5874 0.7008
vn -0.4364 -0.4884 -0.7557
vn -0.4047 -0.5874 -0.7008
vn -0.7009 -0.5874 -0.4046
vn -0.7557 -0.4884 -0.4363
vn -0.7557 -0.4884 0.4363
vn -0.7009 -0.5874 0.4046
vn -0.8726 -0.4884 0.0000
vn -0.8093 -0.5874 0.0000
vn -0.3388 -0.7355 -0.5867
vn -0.6775 -0.7355 0.0000
vn -0.5867 -0.7355 0.3387
vn -0.5867 -0.7355 -0.3387
vn -0.3388 -0.7355 0.5867
vn -0.2837 -0.8235 -0.4912
vn -0.5672 -0.8235 0.0000
vn -0.4912 -0.8235 0.2836
vn -0.4912 -0.8235 -0.2836
vn -0.2837 -0.8235 0.4912
vn -0.3552 -0.9348 0.0000
vn -0.3076 -0.9348 0.1776
vn -0.3076 -0.9348 -0.1776
vn -0.1776 -0.9348 0.3076
vn -0.1776 -0.9348 -0.3076
usemtl Blok_Texture
s off
f 2619/1/1 2633/2/1 2647/3/1 2634/4/1
f 2633/2/2 2632/5/2 2646/6/2 2647/3/2
f 2632/5/3 2631/7/3 2645/8/3 2646/6/3
f 2631/7/4 2630/9/4 2644/10/4 2645/8/4
f 2630/9/5 2629/11/5 2643/12/5 2644/10/5
f 2629/11/6 2628/13/6 2642/14/6 2643/12/6
f 2628/13/7 2627/15/7 2641/16/7 2642/14/7
f 2627/15/8 2626/17/8 2640/18/8 2641/16/8
f 2626/17/9 2625/19/9 2639/20/9 2640/18/9
f 2801/21/10 2624/22/10 2638/23/10 2816/24/10
f 2625/25/11 2623/26/11 2706/27/11 2639/28/11
f 2624/22/12 2622/29/12 2637/30/12 2638/23/12
f 2623/26/13 2796/31/13 2882/32/13 2706/33/13
f 2622/34/14 2621/35/14 2636/36/14 2637/37/14
f 2621/35/15 2620/38/15 2635/39/15 2636/36/15
f 2620/38/16 2619/1/16 2634/4/16 2635/39/16
f 2675/40/17 2648/41/17 2662/42/17 2674/43/17
f 2734/44/18 2653/45/18 2661/46/18 2673/47/18
f 2674/43/19 2662/42/19 2660/48/19 2732/49/19
f 2673/47/20 2661/46/20 2659/50/20 2672/51/20
f 2732/49/21 2660/48/21 2658/52/21 2730/53/21
f 2672/51/22 2659/50/22 2657/54/22 2729/55/22
f 2730/53/23 2658/52/23 2656/56/23 2670/57/23
f 2729/55/24 2657/54/24 2655/58/24 2726/59/24
f 2670/57/25 2656/56/25 2654/60/25 2725/61/25
f 2726/59/26 2655/58/26 2652/62/26 2668/63/26
f 2725/61/27 2654/60/27 2653/45/27 2734/44/27
f 2668/63/28 2652/62/28 2651/64/28 2667/65/28
f 2667/66/29 2651/67/29 2650/68/29 2666/69/29
f 2666/69/30 2650/68/30 3010/70/30 3092/71/30
f 3285/72/31 3087/73/31 2676/74/31 2901/75/31
f 2678/76/32 2676/77/32 2681/78/32 2685/79/32
f 2677/80/33 2682/81/33 2687/82/33 2684/83/33
f 2678/84/34 2706/85/34 2882/86/34 2902/87/34
f 3087/73/31 3088/88/31 2677/89/31 2676/74/31
f 2676/90/33 2677/80/33 2684/83/33 2681/91/33
f 2901/75/31 2676/74/31 2678/92/31 2902/93/31
f 2677/80/35 2696/94/35 2743/95/35 2744/96/35 2682/81/35
f 2679/97/36 2721/98/36 2688/99/36 2735/100/36 2690/101/36 2741/102/36 2742/103/36 2701/104/36 2745/105/36 2746/106/36 3068/107/36 3086/108/36
f 3282/109/37 2900/110/37 2679/111/37 3086/112/37
f 2683/113/32 2678/76/32 2685/79/32 2686/114/32
f 2686/115/31 2685/116/31 2681/117/31 2684/118/31 2687/119/31 2680/120/31
f 2695/121/38 2649/122/38 2648/123/38 2675/124/38 2743/125/38 2696/126/38
f 3058/127/39 3009/128/39 2649/122/39 2695/121/39
f 2705/129/40 2706/130/40 2678/76/40 2683/113/40
f 3088/131/36 3058/132/36 2695/133/36 2696/134/36 2677/135/36
f 2721/136/34 2720/137/34 2719/138/34 2716/139/34 2715/140/34 2709/141/34 2708/142/34 2707/143/34 2705/144/34 2683/145/34 2686/146/34 2680/147/34
f 2688/99/36 2721/98/36 2680/148/36 2687/149/36 2682/150/36 2744/151/36 2698/152/36 2700/153/36 2692/154/36 2740/155/36 2691/156/36 2689/157/36
f 2900/158/34 2893/159/34 2712/160/34 2713/161/34 2714/162/34 2711/163/34 2710/164/34 2718/165/34 2717/166/34 2720/137/34 2721/136/34 2679/167/34
f 2737/168/41 2704/169/41 2722/170/41 2731/171/41
f 2699/172/42 2723/173/42 2724/174/42 2697/175/42
f 2664/176/43 2751/177/43 2723/173/43 2699/172/43
f 2697/175/44 2724/174/44 2748/178/44 2663/179/44
f 2693/180/45 2747/181/45 3030/182/45 3024/183/45
f 2731/171/46 2722/170/46 2750/184/46 2665/185/46
f 2703/186/47 2752/187/47 2733/188/47 2702/189/47
f 2694/190/48 2749/191/48 2747/181/48 2693/180/48
f 2671/192/49 2728/193/49 2669/194/49 2736/195/49
f 2665/185/50 2750/184/50 2751/177/50 2664/176/50
f 2733/196/51 2752/197/51 2753/198/51 2738/199/51
f 2736/195/52 2669/194/52 2704/169/52 2737/168/52
f 2738/199/53 2753/198/53 2727/200/53 2739/201/53
f 2739/201/54 2727/200/54 2728/193/54 2671/192/54
f 2663/179/55 2748/178/55 2749/202/55 2694/203/55
f 2755/204/56 2754/205/56 2769/206/56 2770/207/56
f 2754/205/57 2756/208/57 2771/209/57 2769/206/57
f 2756/208/58 2757/210/58 2772/211/58 2771/209/58
f 2757/210/59 2758/212/59 2773/213/59 2772/211/59
f 2758/212/60 2759/214/60 2774/215/60 2773/213/60
f 2759/214/61 2760/216/61 2775/217/61 2774/215/61
f 2760/216/62 2761/218/62 2776/219/62 2775/217/62
f 2761/218/63 2762/220/63 2777/221/63 2776/219/63
f 2762/220/64 2763/222/64 2778/223/64 2777/221/64
f 2948/224/65 2764/225/65 2779/226/65 2964/227/65
f 2763/228/66 2765/229/66 2780/230/66 2778/231/66
f 2764/232/67 2766/233/67 2781/234/67 2779/235/67
f 2766/236/68 2767/237/68 2782/238/68 2781/239/68
f 2767/237/69 2768/240/69 2783/241/69 2782/238/69
f 2768/240/70 2755/204/70 2770/207/70 2783/241/70
f 2643/242/33 2642/243/33 2760/244/33 2759/245/33
f 2713/161/71 2712/160/71 2779/246/71 2781/247/71
f 2635/248/33 2634/249/33 2755/250/33 2768/251/33
f 2715/140/72 2716/139/72 2774/252/72 2775/253/72
f 2816/254/33 2638/255/33 2764/256/33 2948/257/33
f 2634/249/33 2647/258/33 2754/259/33 2755/250/33
f 2705/144/73 2707/143/73 2778/260/73 2780/261/73
f 2636/262/33 2635/248/33 2768/251/33 2767/263/33
f 2644/264/33 2643/242/33 2759/245/33 2758/265/33
f 2716/139/74 2719/138/74 2773/266/74 2774/252/74
f 2640/267/33 2639/268/33 2763/269/33 2762/270/33
f 2706/130/75 2705/129/75 2780/271/75 2765/272/75
f 2637/273/33 2636/262/33 2767/263/33 2766/274/33
f 2719/138/76 2720/137/76 2772/275/76 2773/266/76
f 2712/160/77 2893/159/77 2964/276/77 2779/246/77
f 2645/277/33 2644/264/33 2758/265/33 2757/278/33
f 2709/141/78 2715/140/78 2775/253/78 2776/279/78
f 2718/165/79 2710/164/79 2770/280/79 2769/281/79
f 2714/162/80 2713/161/80 2781/247/80 2782/282/80
f 2647/258/33 2646/283/33 2756/284/33 2754/259/33
f 2639/268/81 2706/285/81 2765/286/81 2763/269/81
f 2708/142/82 2709/141/82 2776/279/82 2777/287/82
f 2642/243/33 2641/288/33 2761/289/33 2760/244/33
f 2711/163/83 2714/162/83 2782/282/83 2783/290/83
f 2717/166/84 2718/165/84 2769/281/84 2771/291/84
f 2710/164/85 2711/163/85 2783/290/85 2770/280/85
f 2646/283/33 2645/277/33 2757/278/33 2756/284/33
f 2638/255/33 2637/273/33 2766/274/33 2764/256/33
f 2707/143/86 2708/142/86 2777/287/86 2778/260/86
f 2641/288/33 2640/267/33 2762/270/33 2761/289/33
f 2720/137/87 2717/166/87 2771/291/87 2772/275/87
f 2698/152/88 2744/151/88 2702/292/88 2733/293/88
f 2741/102/89 2690/101/89 2664/294/89 2699/295/89
f 2701/104/90 2742/103/90 2697/296/90 2663/297/90
f 2672/298/32 2729/299/32 2723/300/32 2751/301/32
f 2745/105/91 2701/104/91 2663/297/91 2694/302/91
f 2744/96/92 2743/95/92 2703/303/92 2702/304/92
f 2730/305/32 2670/306/32 2669/307/32 2728/308/32
f 3068/107/93 2746/106/93 2693/309/93 3024/310/93
f 2668/311/32 2667/312/32 2749/313/32 2748/314/32
f 2675/315/32 2674/316/32 2753/317/32 2752/318/32
f 2740/155/94 2692/154/94 2739/319/94 2671/320/94
f 2732/321/32 2730/305/32 2728/308/32 2727/322/32
f 2742/103/95 2741/102/95 2699/295/95 2697/296/95
f 2670/306/32 2725/323/32 2704/324/32 2669/307/32
f 2743/325/32 2675/315/32 2752/318/32 2703/326/32
f 2746/106/96 2745/105/96 2694/302/96 2693/309/96
f 2726/327/32 2668/311/32 2748/314/32 2724/328/32
f 2667/312/32 2666/329/32 2747/330/32 2749/313/32
f 2692/154/97 2700/153/97 2738/331/97 2739/319/97
f 2729/299/32 2726/327/32 2724/328/32 2723/300/32
f 2691/156/98 2740/155/98 2671/320/98 2736/332/98
f 2689/157/99 2691/156/99 2736/332/99 2737/333/99
f 2725/323/32 2734/334/32 2722/335/32 2704/324/32
f 2666/329/32 3092/336/32 3030/337/32 2747/330/32
f 2688/99/100 2689/157/100 2737/333/100 2731/338/100
f 2734/334/32 2673/339/32 2750/340/32 2722/335/32
f 2700/153/101 2698/152/101 2733/293/101 2738/331/101
f 2673/339/32 2672/298/32 2751/301/32 2750/340/32
f 2674/316/32 2732/321/32 2727/322/32 2753/317/32
f 2735/100/102 2688/99/102 2731/338/102 2665/341/102
f 2690/101/103 2735/100/103 2665/341/103 2664/294/103
f 2793/342/104 2810/343/104 2824/344/104 2809/345/104
f 2809/345/105 2824/344/105 2823/346/105 2808/347/105
f 2808/347/106 2823/346/106 2822/348/106 2807/349/106
f 2807/349/107 2822/348/107 2821/350/107 2806/351/107
f 2806/351/108 2821/350/108 2820/352/108 2805/353/108
f 2805/353/109 2820/352/109 2819/354/109 2804/355/109
f 2804/355/110 2819/354/110 2818/356/110 2803/357/110
f 2803/357/111 2818/356/111 2817/358/111 2802/359/111
f 2802/359/112 2817/358/112 2815/360/112 2800/361/112
f 2801/21/113 2816/24/113 2814/362/113 2799/363/113
f 2800/364/114 2815/365/114 2884/366/114 2798/367/114
f 2799/363/115 2814/362/115 2813/368/115 2797/369/115
f 2798/367/116 2884/366/116 2882/32/116 2796/31/116
f 2797/370/117 2813/371/117 2812/372/117 2795/373/117
f 2795/373/118 2812/372/118 2811/374/118 2794/375/118
f 2794/375/119 2811/374/119 2810/343/119 2793/342/119
f 2852/376/17 2851/377/17 2839/378/17 2825/379/17
f 2917/380/18 2850/381/18 2838/382/18 2830/383/18
f 2851/377/19 2915/384/19 2837/385/19 2839/378/19
f 2850/381/20 2849/386/20 2836/387/20 2838/382/20
f 2915/384/21 2913/388/21 2835/389/21 2837/385/21
f 2849/386/22 2912/390/22 2834/391/22 2836/387/22
f 2913/388/23 2847/392/23 2833/393/23 2835/389/23
f 2912/390/24 2909/394/24 2832/395/24 2834/391/24
f 2847/392/25 2908/396/25 2831/397/25 2833/393/25
f 2909/394/26 2845/398/26 2829/399/26 2832/395/26
f 2908/396/27 2917/380/27 2830/383/27 2831/397/27
f 2845/398/28 2844/400/28 2828/401/28 2829/399/28
f 2844/402/29 2843/403/29 2827/404/29 2828/405/29
f 2843/403/30 3290/406/30 3200/407/30 2827/404/30
f 3285/72/31 2901/75/31 2853/408/31 3279/409/31
f 2855/410/36 2862/411/36 2858/412/36 2853/413/36
f 2854/414/33 2861/415/33 2864/416/33 2859/417/33
f 2855/418/34 2902/87/34 2882/86/34 2884/419/34
f 3279/409/31 2853/408/31 2854/420/31 3280/421/31
f 2853/422/33 2858/423/33 2861/415/33 2854/414/33
f 2901/75/31 2902/93/31 2855/424/31 2853/408/31
f 2854/414/120 2859/417/120 2927/425/120 2926/426/120 2873/427/120
f 2856/428/121 3278/429/121 3258/430/121 2929/431/121 2928/432/121 2878/433/121 2925/434/121 2924/435/121 2867/436/121 2918/437/121 2865/438/121 2903/439/121
f 3282/109/37 3278/440/37 2856/441/37 2900/110/37
f 2860/442/36 2863/443/36 2862/411/36 2855/410/36
f 2863/444/31 2857/445/31 2864/446/31 2861/447/31 2858/448/31 2862/449/31
f 2872/450/122 2873/451/122 2926/452/122 2852/453/122 2825/454/122 2826/455/122
f 3248/456/123 2872/450/123 2826/455/123 3199/457/123
f 2883/458/124 2860/442/124 2855/410/124 2884/459/124
f 3280/460/32 2854/461/32 2873/462/32 2872/463/32 3248/464/32
f 2903/465/34 2857/466/34 2863/467/34 2860/468/34 2883/469/34 2885/470/34 2886/471/34 2887/472/34 2894/473/34 2895/474/34 2898/475/34 2899/476/34
f 2865/438/125 2866/477/125 2868/478/125 2923/479/125 2869/480/125 2877/481/125 2875/482/125 2927/483/125 2859/484/125 2864/485/125 2857/486/125 2903/439/125
f 2900/158/34 2856/487/34 2903/465/34 2899/476/34 2896/488/34 2897/489/34 2888/490/34 2889/491/34 2892/492/34 2891/493/34 2890/494/34 2893/159/34
f 2893/495/32 2816/496/32 2904/497/32
f 2920/498/126 2914/499/126 2905/500/126 2881/501/126
f 2876/502/127 2874/503/127 2907/504/127 2906/505/127
f 2841/506/128 2876/502/128 2906/505/128 2934/507/128
f 2874/503/129 2840/508/129 2931/509/129 2907/504/129
f 2870/510/130 3214/511/130 3220/512/130 2930/513/130
f 2914/499/131 2842/514/131 2933/515/131 2905/500/131
f 2880/516/132 2879/517/132 2916/518/132 2935/519/132
f 2871/520/133 2870/510/133 2930/513/133 2932/521/133
f 2848/522/134 2919/523/134 2846/524/134 2911/525/134
f 2842/514/135 2841/506/135 2934/507/135 2933/515/135
f 2916/526/136 2921/527/136 2936/528/136 2935/529/136
f 2919/523/137 2920/498/137 2881/501/137 2846/524/137
f 2921/527/138 2922/530/138 2910/531/138 2936/528/138
f 2922/530/139 2848/522/139 2911/525/139 2910/531/139
f 2840/508/140 2871/532/140 2932/533/140 2931/509/140
f 2938/534/141 2954/535/141 2953/536/141 2937/537/141
f 2937/537/142 2953/536/142 2955/538/142 2939/539/142
f 2939/539/143 2955/538/143 2956/540/143 2940/541/143
f 2940/541/144 2956/540/144 2957/542/144 2941/543/144
f 2941/543/145 2957/542/145 2958/544/145 2942/545/145
f 2942/545/146 2958/544/146 2959/546/146 2943/547/146
f 2943/547/147 2959/546/147 2960/548/147 2944/549/147
f 2944/549/148 2960/548/148 2961/550/148 2945/551/148
f 2945/551/149 2961/550/149 2962/552/149 2946/553/149
f 2948/224/150 2964/227/150 2963/554/150 2947/555/150
f 2946/556/151 2962/557/151 2965/558/151 2949/559/151
f 2947/560/152 2963/561/152 2966/562/152 2950/563/152
f 2950/564/153 2966/565/153 2967/566/153 2951/567/153
f 2951/567/154 2967/566/154 2968/568/154 2952/569/154
f 2952/569/155 2968/568/155 2954/535/155 2938/534/155
f 2820/570/33 2942/571/33 2943/572/33 2819/573/33
f 2891/493/156 2966/574/156 2963/575/156 2890/494/156
f 2811/576/33 2952/577/33 2938/578/33 2810/579/33
f 2894/473/157 2959/580/157 2958/581/157 2895/474/157
f 2816/254/33 2948/257/33 2947/582/33 2814/583/33
f 2810/579/33 2938/578/33 2937/584/33 2824/585/33
f 2883/469/158 2965/586/158 2962/587/158 2885/470/158
f 2812/588/33 2951/589/33 2952/577/33 2811/576/33
f 2821/590/33 2941/591/33 2942/571/33 2820/570/33
f 2895/474/159 2958/581/159 2957/592/159 2898/475/159
f 2817/593/33 2945/594/33 2946/595/33 2815/596/33
f 2884/459/160 2949/597/160 2965/598/160 2883/458/160
f 2893/599/161 2964/600/161 2948/601/161 2816/602/161
f 2813/603/33 2950/604/33 2951/589/33 2812/588/33
f 2898/475/162 2957/592/162 2956/605/162 2899/476/162
f 2890/494/163 2963/575/163 2964/276/163 2893/159/163
f 2822/606/33 2940/607/33 2941/591/33 2821/590/33
f 2887/472/164 2960/608/164 2959/580/164 2894/473/164
f 2897/489/165 2953/609/165 2954/610/165 2888/490/165
f 2892/492/166 2967/611/166 2966/574/166 2891/493/166
f 2824/585/33 2937/584/33 2939/612/33 2823/613/33
f 2815/596/167 2946/595/167 2949/614/167 2884/615/167
f 2886/471/168 2961/616/168 2960/608/168 2887/472/168
f 2819/573/33 2943/572/33 2944/617/33 2818/618/33
f 2889/491/169 2968/619/169 2967/611/169 2892/492/169
f 2896/488/170 2955/620/170 2953/609/170 2897/489/170
f 2888/490/171 2954/610/171 2968/619/171 2889/491/171
f 2823/613/33 2939/612/33 2940/607/33 2822/606/33
f 2814/583/33 2947/582/33 2950/604/33 2813/603/33
f 2885/470/172 2962/587/172 2961/616/172 2886/471/172
f 2818/618/33 2944/617/33 2945/594/33 2817/593/33
f 2899/476/173 2956/605/173 2955/620/173 2896/488/173
f 2875/482/174 2916/621/174 2879/622/174 2927/483/174
f 2924/435/175 2876/623/175 2841/624/175 2867/436/175
f 2878/433/176 2840/625/176 2874/626/176 2925/434/176
f 2849/627/36 2934/628/36 2906/629/36 2912/630/36
f 2928/432/177 2871/631/177 2840/625/177 2878/433/177
f 2927/425/178 2879/632/178 2880/633/178 2926/426/178
f 2913/634/36 2911/635/36 2846/636/36 2847/637/36
f 3258/430/179 3214/638/179 2870/639/179 2929/431/179
f 2845/640/36 2931/641/36 2932/642/36 2844/643/36
f 2852/644/36 2935/645/36 2936/646/36 2851/647/36
f 2923/479/180 2848/648/180 2922/649/180 2869/480/180
f 2915/650/36 2910/651/36 2911/635/36 2913/634/36
f 2925/434/181 2874/626/181 2876/623/181 2924/435/181
f 2847/637/36 2846/636/36 2881/652/36 2908/653/36
f 2926/654/36 2880/655/36 2935/645/36 2852/644/36
f 2929/431/182 2870/639/182 2871/631/182 2928/432/182
f 2909/656/36 2907/657/36 2931/641/36 2845/640/36
f 2844/643/36 2932/642/36 2930/658/36 2843/659/36
f 2869/480/183 2922/649/183 2921/660/183 2877/481/183
f 2912/630/36 2906/629/36 2907/657/36 2909/656/36
f 2868/478/184 2919/661/184 2848/648/184 2923/479/184
f 2866/477/185 2920/662/185 2919/661/185 2868/478/185
f 2908/653/36 2881/652/36 2905/663/36 2917/664/36
f 2843/659/36 2930/658/36 3220/665/36 3290/666/36
f 2865/438/186 2914/667/186 2920/662/186 2866/477/186
f 2917/664/36 2905/663/36 2933/668/36 2850/669/36
f 2877/481/187 2921/660/187 2916/621/187 2875/482/187
f 2850/669/36 2933/668/36 2934/628/36 2849/627/36
f 2851/647/36 2936/646/36 2910/651/36 2915/650/36
f 2918/437/188 2842/670/188 2914/667/188 2865/438/188
f 2867/436/189 2841/624/189 2842/670/189 2918/437/189
f 2978/671/1 2993/672/1 3006/673/1 2992/674/1
f 2992/674/2 3006/673/2 3005/675/2 2991/676/2
f 2991/676/3 3005/675/3 3004/677/3 2990/678/3
f 2990/678/4 3004/677/4 3003/679/4 2989/680/4
f 2989/680/5 3003/679/5 3002/681/5 2988/682/5
f 2988/682/6 3002/681/6 3001/683/6 2987/684/6
f 2987/684/7 3001/683/7 3000/685/7 2986/686/7
f 2986/686/8 3000/685/8 2999/687/8 2985/688/8
f 2985/688/9 2999/687/9 2998/689/9 2984/690/9
f 3173/691/10 3188/692/10 2997/693/10 2983/694/10
f 2984/695/190 2998/696/190 3071/697/190 2982/698/190
f 2983/694/12 2997/693/12 2996/699/12 2981/700/12
f 2982/698/191 3071/697/191 3260/701/191 3168/702/191
f 2981/703/14 2996/704/14 2995/705/14 2980/706/14
f 2980/706/15 2995/705/15 2994/707/15 2979/708/15
f 2979/708/16 2994/707/16 2993/672/16 2978/671/16
f 3038/709/192 3037/710/192 3023/711/192 3007/712/192
f 3103/713/193 3036/714/193 3022/715/193 3014/716/193
f 3037/710/194 3101/717/194 3021/718/194 3023/711/194
f 3036/714/195 3035/719/195 3020/720/195 3022/715/195
f 3101/717/196 3099/721/196 3019/722/196 3021/718/196
f 3035/719/197 3098/723/197 3018/724/197 3020/720/197
f 3099/721/198 3033/725/198 3017/726/198 3019/722/198
f 3098/723/199 3095/727/199 3016/728/199 3018/724/199
f 3033/725/200 3094/729/200 3015/730/200 3017/726/200
f 3095/727/201 3031/731/201 3013/732/201 3016/728/201
f 3094/729/202 3103/713/202 3014/716/202 3015/730/202
f 3031/731/203 3029/733/203 3012/734/203 3013/732/203
f 3029/735/204 3028/736/204 3011/737/204 3012/738/204
f 3028/736/205 3092/71/205 3010/70/205 3011/737/205
f 3285/72/31 3283/739/31 3039/740/31 3087/73/31
f 3041/741/32 3048/742/32 3044/743/32 3039/744/32
f 3040/745/34 3047/746/34 3050/747/34 3045/748/34
f 3041/749/33 3284/750/33 3260/751/33 3071/752/33
f 3087/73/31 3039/740/31 3040/753/31 3088/88/31
f 3039/754/34 3044/755/34 3047/746/34 3040/745/34
f 3283/739/31 3284/756/31 3041/757/31 3039/740/31
f 3040/745/206 3045/748/206 3113/758/206 3112/759/206 3060/760/206
f 3042/761/36 3086/108/36 3068/107/36 3115/762/36 3114/763/36 3065/764/36 3111/765/36 3110/766/36 3053/767/36 3104/768/36 3051/769/36 3089/770/36
f 3282/109/37 3086/112/37 3042/771/37 3281/772/37
f 3046/773/32 3049/774/32 3048/742/32 3041/741/32
f 3049/775/31 3043/776/31 3050/777/31 3047/778/31 3044/779/31 3048/780/31
f 3059/781/207 3060/782/207 3112/783/207 3038/784/207 3007/785/207 3008/786/207
f 3058/127/208 3059/781/208 3008/786/208 3009/128/208
f 3070/787/209 3046/773/209 3041/741/209 3071/788/209
f 3088/131/36 3040/789/36 3060/790/36 3059/791/36 3058/132/36
f 3089/792/33 3043/793/33 3049/794/33 3046/795/33 3070/796/33 3072/797/33 3073/798/33 3074/799/33 3080/800/33 3081/801/33 3084/802/33 3085/803/33
f 3051/769/36 3052/804/36 3054/805/36 3109/806/36 3055/807/36 3064/808/36 3062/809/36 3113/810/36 3045/811/36 3050/812/36 3043/813/36 3089/770/36
f 3281/814/33 3042/815/33 3089/792/33 3085/803/33 3082/816/33 3083/817/33 3075/818/33 3076/819/33 3079/820/33 3078/821/33 3077/822/33 3271/823/33
f 3106/824/210 3100/825/210 3090/826/210 3069/827/210
f 3063/828/211 3061/829/211 3093/830/211 3091/831/211
f 3026/832/212 3063/828/212 3091/831/212 3120/833/212
f 3061/829/213 3025/834/213 3117/835/213 3093/830/213
f 3056/836/214 3024/183/214 3030/182/214 3116/837/214
f 3100/825/215 3027/838/215 3119/839/215 3090/826/215
f 3067/840/216 3066/841/216 3102/842/216 3121/843/216
f 3057/844/217 3056/836/217 3116/837/217 3118/845/217
f 3034/846/218 3105/847/218 3032/848/218 3097/849/218
f 3027/838/219 3026/832/219 3120/833/219 3119/839/219
f 3102/850/220 3107/851/220 3122/852/220 3121/853/220
f 3105/847/221 3106/824/221 3069/827/221 3032/848/221
f 3107/851/222 3108/854/222 3096/855/222 3122/852/222
f 3108/854/223 3034/846/223 3097/849/223 3096/855/223
f 3025/834/224 3057/856/224 3118/857/224 3117/835/224
f 3124/858/225 3139/859/225 3138/860/225 3123/861/225
f 3123/861/226 3138/860/226 3140/862/226 3125/863/226
f 3125/863/227 3140/862/227 3141/864/227 3126/865/227
f 3126/865/228 3141/864/228 3142/866/228 3127/867/228
f 3127/867/229 3142/866/229 3143/868/229 3128/869/229
f 3128/869/230 3143/868/230 3144/870/230 3129/871/230
f 3129/871/231 3144/870/231 3145/872/231 3130/873/231
f 3130/873/232 3145/872/232 3146/874/232 3131/875/232
f 3131/875/233 3146/874/233 3147/876/233 3132/877/233
f 3332/878/234 3348/879/234 3148/880/234 3133/881/234
f 3132/882/235 3147/883/235 3149/884/235 3134/885/235
f 3133/886/236 3148/887/236 3150/888/236 3135/889/236
f 3135/890/237 3150/891/237 3151/892/237 3136/893/237
f 3136/893/238 3151/892/238 3152/894/238 3137/895/238
f 3137/895/239 3152/894/239 3139/859/239 3124/858/239
f 3002/896/34 3128/897/34 3129/898/34 3001/899/34
f 3078/821/240 3150/900/240 3148/901/240 3077/822/240
f 2994/902/34 3137/903/34 3124/904/34 2993/905/34
f 3080/800/241 3144/906/241 3143/907/241 3081/801/241
f 3188/908/34 3332/909/34 3133/910/34 2997/911/34
f 2993/905/34 3124/904/34 3123/912/34 3006/913/34
f 3070/796/242 3149/914/242 3147/915/242 3072/797/242
f 2995/916/34 3136/917/34 3137/903/34 2994/902/34
f 3003/918/34 3127/919/34 3128/897/34 3002/896/34
f 3081/801/243 3143/907/243 3142/920/243 3084/802/243
f 2999/921/34 3131/922/34 3132/923/34 2998/924/34
f 3071/788/244 3134/925/244 3149/926/244 3070/787/244
f 2996/927/34 3135/928/34 3136/917/34 2995/916/34
f 3084/802/245 3142/920/245 3141/929/245 3085/803/245
f 3077/822/246 3148/901/246 3348/930/246 3271/823/246
f 3004/931/34 3126/932/34 3127/919/34 3003/918/34
f 3074/799/247 3145/933/247 3144/906/247 3080/800/247
f 3083/817/248 3138/934/248 3139/935/248 3075/818/248
f 3079/820/249 3151/936/249 3150/900/249 3078/821/249
f 3006/913/34 3123/912/34 3125/937/34 3005/938/34
f 2998/924/250 3132/923/250 3134/939/250 3071/940/250
f 3073/798/251 3146/941/251 3145/933/251 3074/799/251
f 3001/899/34 3129/898/34 3130/942/34 3000/943/34
f 3076/819/252 3152/944/252 3151/936/252 3079/820/252
f 3082/816/253 3140/945/253 3138/934/253 3083/817/253
f 3075/818/254 3139/935/254 3152/944/254 3076/819/254
f 3005/938/34 3125/937/34 3126/932/34 3004/931/34
f 2997/911/34 3133/910/34 3135/928/34 2996/927/34
f 3072/797/255 3147/915/255 3146/941/255 3073/798/255
f 3000/943/34 3130/942/34 3131/922/34 2999/921/34
f 3085/803/256 3141/929/256 3140/945/256 3082/816/256
f 3062/809/257 3102/946/257 3066/947/257 3113/810/257
f 3110/766/258 3063/948/258 3026/949/258 3053/767/258
f 3065/764/259 3025/950/259 3061/951/259 3111/765/259
f 3035/952/32 3120/953/32 3091/954/32 3098/955/32
f 3114/763/260 3057/956/260 3025/950/260 3065/764/260
f 3113/758/261 3066/957/261 3067/958/261 3112/759/261
f 3099/959/32 3097/960/32 3032/961/32 3033/962/32
f 3068/107/262 3024/310/262 3056/963/262 3115/762/262
f 3031/964/32 3117/965/32 3118/966/32 3029/967/32
f 3038/968/32 3121/969/32 3122/970/32 3037/971/32
f 3109/806/263 3034/972/263 3108/973/263 3055/807/263
f 3101/974/32 3096/975/32 3097/960/32 3099/959/32
f 3111/765/264 3061/951/264 3063/948/264 3110/766/264
f 3033/962/32 3032/961/32 3069/976/32 3094/977/32
f 3112/978/32 3067/979/32 3121/969/32 3038/968/32
f 3115/762/265 3056/963/265 3057/956/265 3114/763/265
f 3095/980/32 3093/981/32 3117/965/32 3031/964/32
f 3029/967/32 3118/966/32 3116/982/32 3028/983/32
f 3055/807/266 3108/973/266 3107/984/266 3064/808/266
f 3098/955/32 3091/954/32 3093/981/32 3095/980/32
f 3054/805/267 3105/985/267 3034/972/267 3109/806/267
f 3052/804/268 3106/986/268 3105/985/268 3054/805/268
f 3094/977/32 3069/976/32 3090/987/32 3103/988/32
f 3028/983/32 3116/982/32 3030/337/32 3092/336/32
f 3051/769/269 3100/989/269 3106/986/269 3052/804/269
f 3103/988/32 3090/987/32 3119/990/32 3036/991/32
f 3064/808/270 3107/984/270 3102/946/270 3062/809/270
f 3036/991/32 3119/990/32 3120/953/32 3035/952/32
f 3037/971/32 3122/970/32 3096/975/32 3101/974/32
f 3104/768/271 3027/992/271 3100/989/271 3051/769/271
f 3053/767/272 3026/949/272 3027/992/272 3104/768/272
f 3165/993/104 3181/994/104 3196/995/104 3182/996/104
f 3181/994/105 3180/997/105 3195/998/105 3196/995/105
f 3180/997/106 3179/999/106 3194/1000/106 3195/998/106
f 3179/999/107 3178/1001/107 3193/1002/107 3194/1000/107
f 3178/1001/108 3177/1003/108 3192/1004/108 3193/1002/108
f 3177/1003/109 3176/1005/109 3191/1006/109 3192/1004/109
f 3176/1005/110 3175/1007/110 3190/1008/110 3191/1006/110
f 3175/1007/111 3174/1009/111 3189/1010/111 3190/1008/111
f 3174/1009/112 3172/1011/112 3187/1012/112 3189/1010/112
f 3173/691/113 3171/1013/113 3186/1014/113 3188/692/113
f 3172/1015/273 3170/1016/273 3262/1017/273 3187/1018/273
f 3171/1013/115 3169/1019/115 3185/1020/115 3186/1014/115
f 3170/1016/274 3168/702/274 3260/701/274 3262/1021/274
f 3169/1022/117 3167/1023/117 3184/1024/117 3185/1025/117
f 3167/1023/118 3166/1026/118 3183/1027/118 3184/1024/118
f 3166/1026/119 3165/993/119 3182/996/119 3183/1027/119
f 3228/1028/192 3197/1029/192 3213/1030/192 3227/1031/192
f 3301/1032/193 3204/1033/193 3212/1034/193 3226/1035/193
f 3227/1031/194 3213/1030/194 3211/1036/194 3299/1037/194
f 3226/1035/195 3212/1034/195 3210/1038/195 3225/1039/195
f 3299/1037/196 3211/1036/196 3209/1040/196 3297/1041/196
f 3225/1039/197 3210/1038/197 3208/1042/197 3296/1043/197
f 3297/1041/198 3209/1040/198 3207/1044/198 3223/1045/198
f 3296/1043/199 3208/1042/199 3206/1046/199 3293/1047/199
f 3223/1045/200 3207/1044/200 3205/1048/200 3292/1049/200
f 3293/1047/201 3206/1046/201 3203/1050/201 3221/1051/201
f 3292/1049/202 3205/1048/202 3204/1033/202 3301/1032/202
f 3221/1051/203 3203/1050/203 3202/1052/203 3219/1053/203
f 3219/1054/204 3202/1055/204 3201/1056/204 3218/1057/204
f 3218/1057/205 3201/1056/205 3200/407/205 3290/406/205
f 3285/72/31 3279/409/31 3229/1058/31 3283/739/31
f 3231/1059/36 3229/1060/36 3234/1061/36 3238/1062/36
f 3230/1063/34 3235/1064/34 3240/1065/34 3237/1066/34
f 3231/1067/33 3262/1068/33 3260/751/33 3284/750/33
f 3279/409/31 3280/421/31 3230/1069/31 3229/1058/31
f 3229/1070/34 3230/1063/34 3237/1066/34 3234/1071/34
f 3283/739/31 3229/1058/31 3231/1072/31 3284/756/31
f 3230/1063/275 3250/1073/275 3310/1074/275 3311/1075/275 3235/1064/275
f 3232/1076/32 3286/1077/32 3241/1078/32 3302/1079/32 3243/1080/32 3308/1081/32 3309/1082/32 3255/1083/32 3312/1084/32 3313/1085/32 3258/430/32 3278/429/32
f 3282/109/37 3281/772/37 3232/1086/37 3278/440/37
f 3236/1087/36 3231/1059/36 3238/1062/36 3239/1088/36
f 3239/1089/31 3238/1090/31 3234/1091/31 3237/1092/31 3240/1093/31 3233/1094/31
f 3249/1095/276 3198/1096/276 3197/1097/276 3228/1098/276 3310/1099/276 3250/1100/276
f 3248/456/277 3199/457/277 3198/1096/277 3249/1095/277
f 3261/1101/278 3262/1102/278 3231/1059/278 3236/1087/278
f 3280/460/32 3248/464/32 3249/1103/32 3250/1104/32 3230/1105/32
f 3286/1106/33 3277/1107/33 3276/1108/33 3273/1109/33 3272/1110/33 3265/1111/33 3264/1112/33 3263/1113/33 3261/1114/33 3236/1115/33 3239/1116/33 3233/1117/33
f 3241/1078/32 3286/1077/32 3233/1118/32 3240/1119/32 3235/1120/32 3311/1121/32 3252/1122/32 3254/1123/32 3245/1124/32 3307/1125/32 3244/1126/32 3242/1127/32
f 3281/814/33 3271/823/33 3268/1128/33 3269/1129/33 3270/1130/33 3267/1131/33 3266/1132/33 3275/1133/33 3274/1134/33 3277/1107/33 3286/1106/33 3232/1135/33
f 3271/1136/32 3287/1137/32 3188/1138/32
f 3304/1139/279 3259/1140/279 3288/1141/279 3298/1142/279
f 3253/1143/280 3289/1144/280 3291/1145/280 3251/1146/280
f 3216/1147/281 3318/1148/281 3289/1144/281 3253/1143/281
f 3251/1146/282 3291/1145/282 3315/1149/282 3215/1150/282
f 3246/1151/283 3314/1152/283 3220/512/283 3214/511/283
f 3298/1142/284 3288/1141/284 3317/1153/284 3217/1154/284
f 3257/1155/285 3319/1156/285 3300/1157/285 3256/1158/285
f 3247/1159/286 3316/1160/286 3314/1152/286 3246/1151/286
f 3224/1161/287 3295/1162/287 3222/1163/287 3303/1164/287
f 3217/1154/288 3317/1153/288 3318/1148/288 3216/1147/288
f 3300/1165/289 3319/1166/289 3320/1167/289 3305/1168/289
f 3303/1164/290 3222/1163/290 3259/1140/290 3304/1139/290
f 3305/1168/291 3320/1167/291 3294/1169/291 3306/1170/291
f 3306/1170/292 3294/1169/292 3295/1162/292 3224/1161/292
f 3215/1150/293 3315/1149/293 3316/1171/293 3247/1172/293
f 3322/1173/294 3321/1174/294 3337/1175/294 3338/1176/294
f 3321/1174/295 3323/1177/295 3339/1178/295 3337/1175/295
f 3323/1177/296 3324/1179/296 3340/1180/296 3339/1178/296
f 3324/1179/297 3325/1181/297 3341/1182/297 3340/1180/297
f 3325/1181/298 3326/1183/298 3342/1184/298 3341/1182/298
f 3326/1183/299 3327/1185/299 3343/1186/299 3342/1184/299
f 3327/1185/300 3328/1187/300 3344/1188/300 3343/1186/300
f 3328/1187/301 3329/1189/301 3345/1190/301 3344/1188/301
f 3329/1189/302 3330/1191/302 3346/1192/302 3345/1190/302
f 3332/878/303 3331/1193/303 3347/1194/303 3348/879/303
f 3330/1195/304 3333/1196/304 3349/1197/304 3346/1198/304
f 3331/1199/305 3334/1200/305 3350/1201/305 3347/1202/305
f 3334/1203/306 3335/1204/306 3351/1205/306 3350/1206/306
f 3335/1204/307 3336/1207/307 3352/1208/307 3351/1205/307
f 3336/1207/308 3322/1173/308 3338/1176/308 3352/1208/308
f 3192/1209/34 3191/1210/34 3327/1211/34 3326/1212/34
f 3269/1129/309 3268/1128/309 3347/1213/309 3350/1214/309
f 3183/1215/34 3182/1216/34 3322/1217/34 3336/1218/34
f 3272/1110/310 3273/1109/310 3342/1219/310 3343/1220/310
f 3188/908/34 3186/1221/34 3331/1222/34 3332/909/34
f 3182/1216/34 3196/1223/34 3321/1224/34 3322/1217/34
f 3261/1114/311 3263/1113/311 3346/1225/311 3349/1226/311
f 3184/1227/34 3183/1215/34 3336/1218/34 3335/1228/34
f 3193/1229/34 3192/1209/34 3326/1212/34 3325/1230/34
f 3273/1109/312 3276/1108/312 3341/1231/312 3342/1219/312
f 3189/1232/34 3187/1233/34 3330/1234/34 3329/1235/34
f 3262/1102/313 3261/1101/313 3349/1236/313 3333/1237/313
f 3271/1238/36 3188/1239/36 3332/1240/36 3348/1241/36
f 3185/1242/34 3184/1227/34 3335/1228/34 3334/1243/34
f 3276/1108/314 3277/1107/314 3340/1244/314 3341/1231/314
f 3268/1128/315 3271/823/315 3348/930/315 3347/1213/315
f 3194/1245/34 3193/1229/34 3325/1230/34 3324/1246/34
f 3265/1111/316 3272/1110/316 3343/1220/316 3344/1247/316
f 3275/1133/317 3266/1132/317 3338/1248/317 3337/1249/317
f 3270/1130/318 3269/1129/318 3350/1214/318 3351/1250/318
f 3196/1223/34 3195/1251/34 3323/1252/34 3321/1224/34
f 3187/1233/319 3262/1253/319 3333/1254/319 3330/1234/319
f 3264/1112/320 3265/1111/320 3344/1247/320 3345/1255/320
f 3191/1210/34 3190/1256/34 3328/1257/34 3327/1211/34
f 3267/1131/321 3270/1130/321 3351/1250/321 3352/1258/321
f 3274/1134/322 3275/1133/322 3337/1249/322 3339/1259/322
f 3266/1132/323 3267/1131/323 3352/1258/323 3338/1248/323
f 3195/1251/34 3194/1245/34 3324/1246/34 3323/1252/34
f 3186/1221/34 3185/1242/34 3334/1243/34 3331/1222/34
f 3263/1113/324 3264/1112/324 3345/1255/324 3346/1225/324
f 3190/1256/34 3189/1232/34 3329/1235/34 3328/1257/34
f 3277/1107/325 3274/1134/325 3339/1259/325 3340/1244/325
f 3252/1122/326 3311/1121/326 3256/1260/326 3300/1261/326
f 3308/1081/327 3243/1080/327 3216/1262/327 3253/1263/327
f 3255/1083/328 3309/1082/328 3251/1264/328 3215/1265/328
f 3225/1266/36 3296/1267/36 3289/1268/36 3318/1269/36
f 3312/1084/329 3255/1083/329 3215/1265/329 3247/1270/329
f 3311/1075/330 3310/1074/330 3257/1271/330 3256/1272/330
f 3297/1273/36 3223/1274/36 3222/1275/36 3295/1276/36
f 3258/430/331 3313/1085/331 3246/1277/331 3214/638/331
f 3221/1278/36 3219/1279/36 3316/1280/36 3315/1281/36
f 3228/1282/36 3227/1283/36 3320/1284/36 3319/1285/36
f 3307/1125/332 3245/1124/332 3306/1286/332 3224/1287/332
f 3299/1288/36 3297/1273/36 3295/1276/36 3294/1289/36
f 3309/1082/333 3308/1081/333 3253/1263/333 3251/1264/333
f 3223/1274/36 3292/1290/36 3259/1291/36 3222/1275/36
f 3310/1292/36 3228/1282/36 3319/1285/36 3257/1293/36
f 3313/1085/334 3312/1084/334 3247/1270/334 3246/1277/334
f 3293/1294/36 3221/1278/36 3315/1281/36 3291/1295/36
f 3219/1279/36 3218/1296/36 3314/1297/36 3316/1280/36
f 3245/1124/335 3254/1123/335 3305/1298/335 3306/1286/335
f 3296/1267/36 3293/1294/36 3291/1295/36 3289/1268/36
f 3244/1126/336 3307/1125/336 3224/1287/336 3303/1299/336
f 3242/1127/337 3244/1126/337 3303/1299/337 3304/1300/337
f 3292/1290/36 3301/1301/36 3288/1302/36 3259/1291/36
f 3218/1296/36 3290/666/36 3220/665/36 3314/1297/36
f 3241/1078/338 3242/1127/338 3304/1300/338 3298/1303/338
f 3301/1301/36 3226/1304/36 3317/1305/36 3288/1302/36
f 3254/1123/339 3252/1122/339 3300/1261/339 3305/1298/339
f 3226/1304/36 3225/1266/36 3318/1269/36 3317/1305/36
f 3227/1283/36 3299/1288/36 3294/1289/36 3320/1284/36
f 3302/1079/340 3241/1078/340 3298/1303/340 3217/1306/340
f 3243/1080/341 3302/1079/341 3217/1306/341 3216/1262/341
f 3653/1307/342 3475/1308/342 3651/1309/342
f 3475/1310/343 3652/1311/343 3651/1312/343
f 3653/1313/344 3651/1314/344 3654/1315/344
f 3654/1316/345 3651/1317/345 3652/1311/345
f 3658/1318/346 3655/1319/346 3656/1320/346
f 3655/1321/347 3657/1322/347 3656/1323/347
f 3658/1324/348 3656/1325/348 3659/1326/348
f 3659/1327/349 3656/1328/349 3657/1329/349
f 3663/1330/350 3660/1331/350 3661/1332/350
f 3660/1333/351 3662/1334/351 3661/1335/351
f 3663/1336/352 3661/1337/352 3664/1338/352
f 3664/1339/353 3661/1340/353 3662/1341/353
f 3668/1342/354 3665/1343/354 3666/1344/354
f 3665/1345/355 3667/1346/355 3666/1347/355
f 3668/1348/356 3666/1349/356 3669/1350/356
f 3669/1351/357 3666/1352/357 3667/1353/357
f 3673/1354/358 3670/1355/358 3671/1356/358
f 3670/1357/359 3672/1358/359 3671/1359/359
f 3673/1360/360 3671/1361/360 3674/1362/360
f 3674/1363/361 3671/1364/361 3672/1365/361
s 1
f 14/1366/362 13/1367/363 29/1368/364 30/1369/365
f 7/1370/366 6/1371/367 22/1372/368 23/1373/369
f 15/1374/370 14/1366/362 30/1369/365 31/1375/371
f 8/1376/372 7/1370/366 23/1373/369 24/1377/373
f 16/1378/374 15/1374/370 31/1375/371 32/1379/375
f 9/1380/376 8/1376/372 24/1377/373 25/1381/377
f 2/1382/378 1/1383/379 17/1384/380 18/1385/381
f 1/1383/379 16/1378/374 32/1379/375 17/1384/380
f 10/1386/382 9/1380/376 25/1381/377 26/1387/383
f 3/1388/384 2/1382/378 18/1385/381 19/1389/385
f 11/1390/386 10/1386/382 26/1387/383 27/1391/387
f 4/1392/388 3/1388/384 19/1389/385 20/1393/389
f 12/1394/390 11/1390/386 27/1391/387 28/1395/391
f 5/1396/392 4/1392/388 20/1393/389 21/1397/393
f 13/1367/363 12/1394/390 28/1395/391 29/1368/364
f 6/1371/367 5/1396/392 21/1397/393 22/1372/368
f 29/1368/364 28/1395/391 44/1398/394 45/1399/395
f 22/1372/368 21/1397/393 37/1400/396 38/1401/397
f 30/1369/365 29/1368/364 45/1399/395 46/1402/398
f 23/1373/369 22/1372/368 38/1401/397 39/1403/399
f 31/1375/371 30/1369/365 46/1402/398 47/1404/400
f 24/1377/373 23/1373/369 39/1403/399 40/1405/401
f 32/1379/375 31/1375/371 47/1404/400 48/1406/402
f 25/1381/377 24/1377/373 40/1405/401 41/1407/403
f 18/1385/381 17/1384/380 33/1408/404 34/1409/405
f 17/1384/380 32/1379/375 48/1406/402 33/1408/404
f 26/1387/383 25/1381/377 41/1407/403 42/1410/406
f 19/1389/385 18/1385/381 34/1409/405 35/1411/407
f 27/1391/387 26/1387/383 42/1410/406 43/1412/408
f 20/1393/389 19/1389/385 35/1411/407 36/1413/409
f 28/1395/391 27/1391/387 43/1412/408 44/1398/394
f 21/1397/393 20/1393/389 36/1413/409 37/1400/396
f 35/1411/407 34/1409/405 50/1414/410 51/1415/411
f 43/1412/408 42/1410/406 58/1416/412 59/1417/413
f 36/1413/409 35/1411/407 51/1415/411 52/1418/414
f 44/1398/394 43/1412/408 59/1417/413 60/1419/415
f 37/1400/396 36/1413/409 52/1418/414 53/1420/416
f 45/1399/395 44/1398/394 60/1419/415 61/1421/417
f 38/1401/397 37/1400/396 53/1420/416 54/1422/418
f 46/1402/398 45/1399/395 61/1421/417 62/1423/419
f 39/1403/399 38/1401/397 54/1422/418 55/1424/420
f 47/1404/400 46/1402/398 62/1423/419 63/1425/421
f 40/1405/401 39/1403/399 55/1424/420 56/1426/422
f 48/1406/402 47/1404/400 63/1425/421 64/1427/423
f 41/1407/403 40/1405/401 56/1426/422 57/1428/424
f 34/1409/405 33/1408/404 49/1429/425 50/1414/410
f 33/1408/404 48/1406/402 64/1427/423 49/1429/425
f 42/1410/406 41/1407/403 57/1428/424 58/1416/412
f 56/1426/422 55/1424/420 65/1430/36
f 64/1427/423 63/1425/421 65/1430/36
f 57/1428/424 56/1426/422 65/1430/36
f 50/1414/410 49/1429/425 65/1430/36
f 49/1429/425 64/1427/423 65/1430/36
f 58/1416/412 57/1428/424 65/1430/36
f 51/1415/411 50/1414/410 65/1430/36
f 59/1417/413 58/1416/412 65/1430/36
f 52/1418/414 51/1415/411 65/1430/36
f 60/1419/415 59/1417/413 65/1430/36
f 53/1420/416 52/1418/414 65/1430/36
f 61/1421/417 60/1419/415 65/1430/36
f 54/1422/418 53/1420/416 65/1430/36
f 62/1423/419 61/1421/417 65/1430/36
f 55/1424/420 54/1422/418 65/1430/36
f 63/1425/421 62/1423/419 65/1430/36
f 79/1431/426 95/1432/427 94/1433/428 78/1434/429
f 72/1435/430 88/1436/431 87/1437/432 71/1438/433
f 80/1439/434 96/1440/435 95/1432/427 79/1431/426
f 73/1441/436 89/1442/437 88/1436/431 72/1435/430
f 81/1443/438 97/1444/439 96/1440/435 80/1439/434
f 74/1445/440 90/1446/441 89/1442/437 73/1441/436
f 67/1447/442 83/1448/443 82/1449/444 66/1450/445
f 66/1450/445 82/1449/444 97/1444/439 81/1443/438
f 75/1451/446 91/1452/447 90/1446/441 74/1445/440
f 68/1453/448 84/1454/449 83/1448/443 67/1447/442
f 76/1455/450 92/1456/451 91/1452/447 75/1451/446
f 69/1457/452 85/1458/453 84/1454/449 68/1453/448
f 77/1459/454 93/1460/455 92/1456/451 76/1455/450
f 70/1461/456 86/1462/457 85/1458/453 69/1457/452
f 78/1434/429 94/1433/428 93/1460/455 77/1459/454
f 71/1438/433 87/1437/432 86/1462/457 70/1461/456
f 94/1433/428 110/1463/458 109/1464/459 93/1460/455
f 87/1437/432 103/1465/460 102/1466/461 86/1462/457
f 95/1432/427 111/1467/462 110/1463/458 94/1433/428
f 88/1436/431 104/1468/463 103/1465/460 87/1437/432
f 96/1440/435 112/1469/464 111/1467/462 95/1432/427
f 89/1442/437 105/1470/465 104/1468/463 88/1436/431
f 97/1444/439 113/1471/466 112/1469/464 96/1440/435
f 90/1446/441 106/1472/467 105/1470/465 89/1442/437
f 83/1448/443 99/1473/468 98/1474/469 82/1449/444
f 82/1449/444 98/1474/469 113/1471/466 97/1444/439
f 91/1452/447 107/1475/470 106/1472/467 90/1446/441
f 84/1454/449 100/1476/471 99/1473/468 83/1448/443
f 92/1456/451 108/1477/472 107/1475/470 91/1452/447
f 85/1458/453 101/1478/473 100/1476/471 84/1454/449
f 93/1460/455 109/1464/459 108/1477/472 92/1456/451
f 86/1462/457 102/1466/461 101/1478/473 85/1458/453
f 100/1476/471 116/1479/474 115/1480/475 99/1473/468
f 108/1477/472 124/1481/476 123/1482/477 107/1475/470
f 101/1478/473 117/1483/478 116/1479/474 100/1476/471
f 109/1464/459 125/1484/479 124/1481/476 108/1477/472
f 102/1466/461 118/1485/480 117/1483/478 101/1478/473
f 110/1463/458 126/1486/481 125/1484/479 109/1464/459
f 103/1465/460 119/1487/482 118/1485/480 102/1466/461
f 111/1467/462 127/1488/483 126/1486/481 110/1463/458
f 104/1468/463 120/1489/484 119/1487/482 103/1465/460
f 112/1469/464 128/1490/485 127/1488/483 111/1467/462
f 105/1470/465 121/1491/486 120/1489/484 104/1468/463
f 113/1471/466 129/1492/487 128/1490/485 112/1469/464
f 106/1472/467 122/1493/488 121/1491/486 105/1470/465
f 99/1473/468 115/1480/475 114/1494/489 98/1474/469
f 98/1474/469 114/1494/489 129/1492/487 113/1471/466
f 107/1475/470 123/1482/477 122/1493/488 106/1472/467
f 121/1491/486 130/1495/32 120/1489/484
f 129/1492/487 130/1495/32 128/1490/485
f 122/1493/488 130/1495/32 121/1491/486
f 115/1480/475 130/1495/32 114/1494/489
f 114/1494/489 130/1495/32 129/1492/487
f 123/1482/477 130/1495/32 122/1493/488
f 116/1479/474 130/1495/32 115/1480/475
f 124/1481/476 130/1495/32 123/1482/477
f 117/1483/478 130/1495/32 116/1479/474
f 125/1484/479 130/1495/32 124/1481/476
f 118/1485/480 130/1495/32 117/1483/478
f 126/1486/481 130/1495/32 125/1484/479
f 119/1487/482 130/1495/32 118/1485/480
f 127/1488/483 130/1495/32 126/1486/481
f 120/1489/484 130/1495/32 119/1487/482
f 128/1490/485 130/1495/32 127/1488/483
f 144/1496/490 143/1497/491 159/1498/492 160/1499/493
f 137/1500/494 136/1501/495 152/1502/496 153/1503/497
f 145/1504/498 144/1496/490 160/1499/493 161/1505/499
f 138/1506/500 137/1500/494 153/1503/497 154/1507/501
f 146/1508/502 145/1504/498 161/1505/499 162/1509/503
f 139/1510/504 138/1506/500 154/1507/501 155/1511/505
f 132/1512/506 131/1513/507 147/1514/508 148/1515/509
f 131/1513/507 146/1508/502 162/1509/503 147/1514/508
f 140/1516/510 139/1510/504 155/1511/505 156/1517/511
f 133/1518/512 132/1512/506 148/1515/509 149/1519/513
f 141/1520/514 140/1516/510 156/1517/511 157/1521/515
f 134/1522/516 133/1518/512 149/1519/513 150/1523/517
f 142/1524/518 141/1520/514 157/1521/515 158/1525/519
f 135/1526/520 134/1522/516 150/1523/517 151/1527/521
f 143/1497/491 142/1524/518 158/1525/519 159/1498/492
f 136/1501/495 135/1526/520 151/1527/521 152/1502/496
f 159/1498/492 158/1525/519 174/1528/522 175/1529/523
f 152/1502/496 151/1527/521 167/1530/524 168/1531/525
f 160/1499/493 159/1498/492 175/1529/523 176/1532/526
f 153/1503/497 152/1502/496 168/1531/525 169/1533/527
f 161/1505/499 160/1499/493 176/1532/526 177/1534/528
f 154/1507/501 153/1503/497 169/1533/527 170/1535/529
f 162/1509/503 161/1505/499 177/1534/528 178/1536/530
f 155/1511/505 154/1507/501 170/1535/529 171/1537/531
f 148/1515/509 147/1514/508 163/1538/532 164/1539/533
f 147/1514/508 162/1509/503 178/1536/530 163/1538/532
f 156/1517/511 155/1511/505 171/1537/531 172/1540/534
f 149/1519/513 148/1515/509 164/1539/533 165/1541/535
f 157/1521/515 156/1517/511 172/1540/534 173/1542/536
f 150/1523/517 149/1519/513 165/1541/535 166/1543/537
f 158/1525/519 157/1521/515 173/1542/536 174/1528/522
f 151/1527/521 150/1523/517 166/1543/537 167/1530/524
f 165/1541/535 164/1539/533 180/1544/538 181/1545/539
f 173/1542/536 172/1540/534 188/1546/540 189/1547/541
f 166/1543/537 165/1541/535 181/1545/539 182/1548/542
f 174/1528/522 173/1542/536 189/1547/541 190/1549/543
f 167/1530/524 166/1543/537 182/1548/542 183/1550/544
f 175/1529/523 174/1528/522 190/1549/543 191/1551/545
f 168/1531/525 167/1530/524 183/1550/544 184/1552/546
f 176/1532/526 175/1529/523 191/1551/545 192/1553/547
f 169/1533/527 168/1531/525 184/1552/546 185/1554/548
f 177/1534/528 176/1532/526 192/1553/547 193/1555/549
f 170/1535/529 169/1533/527 185/1554/548 186/1556/550
f 178/1536/530 177/1534/528 193/1555/549 194/1557/551
f 171/1537/531 170/1535/529 186/1556/550 187/1558/552
f 164/1539/533 163/1538/532 179/1559/553 180/1544/538
f 163/1538/532 178/1536/530 194/1557/551 179/1559/553
f 172/1540/534 171/1537/531 187/1558/552 188/1546/540
f 186/1556/550 185/1554/548 195/1560/33
f 194/1557/551 193/1555/549 195/1560/33
f 187/1558/552 186/1556/550 195/1560/33
f 180/1544/538 179/1559/553 195/1560/33
f 179/1559/553 194/1557/551 195/1560/33
f 188/1546/540 187/1558/552 195/1560/33
f 181/1545/539 180/1544/538 195/1560/33
f 189/1547/541 188/1546/540 195/1560/33
f 182/1548/542 181/1545/539 195/1560/33
f 190/1549/543 189/1547/541 195/1560/33
f 183/1550/544 182/1548/542 195/1560/33
f 191/1551/545 190/1549/543 195/1560/33
f 184/1552/546 183/1550/544 195/1560/33
f 192/1553/547 191/1551/545 195/1560/33
f 185/1554/548 184/1552/546 195/1560/33
f 193/1555/549 192/1553/547 195/1560/33
f 209/1561/554 225/1562/555 224/1563/556 208/1564/557
f 202/1565/558 218/1566/559 217/1567/560 201/1568/561
f 210/1569/562 226/1570/563 225/1562/555 209/1561/554
f 203/1571/564 219/1572/565 218/1566/559 202/1565/558
f 211/1573/566 227/1574/567 226/1570/563 210/1569/562
f 204/1575/568 220/1576/569 219/1572/565 203/1571/564
f 197/1577/570 213/1578/571 212/1579/572 196/1580/573
f 196/1580/573 212/1579/572 227/1574/567 211/1573/566
f 205/1581/574 221/1582/575 220/1576/569 204/1575/568
f 198/1583/576 214/1584/577 213/1578/571 197/1577/570
f 206/1585/578 222/1586/579 221/1582/575 205/1581/574
f 199/1587/580 215/1588/581 214/1584/577 198/1583/576
f 207/1589/582 223/1590/583 222/1586/579 206/1585/578
f 200/1591/584 216/1592/585 215/1588/581 199/1587/580
f 208/1564/557 224/1563/556 223/1590/583 207/1589/582
f 201/1568/561 217/1567/560 216/1592/585 200/1591/584
f 224/1563/556 240/1593/586 239/1594/587 223/1590/583
f 217/1567/560 233/1595/588 232/1596/589 216/1592/585
f 225/1562/555 241/1597/590 240/1593/586 224/1563/556
f 218/1566/559 234/1598/591 233/1595/588 217/1567/560
f 226/1570/563 242/1599/592 241/1597/590 225/1562/555
f 219/1572/565 235/1600/593 234/1598/591 218/1566/559
f 227/1574/567 243/1601/594 242/1599/592 226/1570/563
f 220/1576/569 236/1602/595 235/1600/593 219/1572/565
f 213/1578/571 229/1603/596 228/1604/597 212/1579/572
f 212/1579/572 228/1604/597 243/1601/594 227/1574/567
f 221/1582/575 237/1605/598 236/1602/595 220/1576/569
f 214/1584/577 230/1606/599 229/1603/596 213/1578/571
f 222/1586/579 238/1607/600 237/1605/598 221/1582/575
f 215/1588/581 231/1608/601 230/1606/599 214/1584/577
f 223/1590/583 239/1594/587 238/1607/600 222/1586/579
f 216/1592/585 232/1596/589 231/1608/601 215/1588/581
f 230/1606/599 246/1609/602 245/1610/603 229/1603/596
f 238/1607/600 254/1611/604 253/1612/605 237/1605/598
f 231/1608/601 247/1613/606 246/1609/602 230/1606/599
f 239/1594/587 255/1614/607 254/1611/604 238/1607/600
f 232/1596/589 248/1615/608 247/1613/606 231/1608/601
f 240/1593/586 256/1616/609 255/1614/607 239/1594/587
f 233/1595/588 249/1617/610 248/1615/608 232/1596/589
f 241/1597/590 257/1618/611 256/1616/609 240/1593/586
f 234/1598/591 250/1619/612 249/1617/610 233/1595/588
f 242/1599/592 258/1620/613 257/1618/611 241/1597/590
f 235/1600/593 251/1621/614 250/1619/612 234/1598/591
f 243/1601/594 259/1622/615 258/1620/613 242/1599/592
f 236/1602/595 252/1623/616 251/1621/614 235/1600/593
f 229/1603/596 245/1610/603 244/1624/617 228/1604/597
f 228/1604/597 244/1624/617 259/1622/615 243/1601/594
f 237/1605/598 253/1612/605 252/1623/616 236/1602/595
f 251/1621/614 260/1625/34 250/1619/612
f 259/1622/615 260/1625/34 258/1620/613
f 252/1623/616 260/1625/34 251/1621/614
f 245/1610/603 260/1625/34 244/1624/617
f 244/1624/617 260/1625/34 259/1622/615
f 253/1612/605 260/1625/34 252/1623/616
f 246/1609/602 260/1625/34 245/1610/603
f 254/1611/604 260/1625/34 253/1612/605
f 247/1613/606 260/1625/34 246/1609/602
f 255/1614/607 260/1625/34 254/1611/604
f 248/1615/608 260/1625/34 247/1613/606
f 256/1616/609 260/1625/34 255/1614/607
f 249/1617/610 260/1625/34 248/1615/608
f 257/1618/611 260/1625/34 256/1616/609
f 250/1619/612 260/1625/34 249/1617/610
f 258/1620/613 260/1625/34 257/1618/611
f 277/1626/618 286/1627/619 295/1628/620 298/1629/621
f 271/1630/622 264/1631/623 268/1632/624 272/1633/625
f 304/1634/626 280/1635/627 283/1636/628 305/1637/629
f 293/1638/630 303/1639/631 272/1633/625 268/1632/624
f 265/1640/632 299/1641/633 287/1642/634
f 311/1643/635 296/1644/636 269/1645/637 276/1646/638
f 279/1647/639 278/1648/640 283/1636/628 280/1635/627
f 273/1649/641 305/1637/629 283/1636/628 262/1650/642
f 263/1651/643 285/1652/644 301/1653/645 271/1654/622
f 279/1655/639 288/1656/646 299/1657/633 278/1658/640
f 311/1659/635 310/1660/647 295/1628/620 296/1661/636
f 300/1662/648 282/1663/649 284/1664/650 301/1653/645
f 264/1665/623 284/1664/650 305/1637/629 273/1649/641
f 269/1645/637 270/1666/651 275/1667/652 276/1646/638
f 262/1668/642 261/1669/653 265/1640/632 266/1670/654
f 287/1642/634 294/1671/655 266/1670/654 265/1640/632
f 297/1672/656 270/1673/651 277/1674/618
f 264/1631/623 273/1675/641 274/1676/657 268/1632/624
f 271/1654/622 301/1653/645 284/1664/650 264/1665/623
f 261/1677/653 262/1650/642 283/1636/628 278/1648/640
f 300/1678/648 302/1679/658 291/1680/659 282/1681/649
f 308/1682/660 309/1683/661 297/1672/656 298/1684/621
f 275/1685/652 270/1673/651 297/1672/656 309/1683/661
f 277/1686/618 270/1666/651 269/1645/637 286/1687/619
f 276/1646/638 275/1667/652 263/1688/643 267/1689/662
f 261/1669/653 278/1690/640 299/1641/633 265/1640/632
f 280/1691/627 289/1692/663 288/1656/646 279/1655/639
f 281/1693/664 290/1694/665 302/1679/658 300/1678/648
f 391/1695/666 437/1696/667 438/1697/668 393/1698/669
f 269/1645/637 296/1644/636 286/1687/619
f 304/1699/626 306/1700/670 289/1692/663 280/1691/627
f 273/1675/641 262/1668/642 266/1670/654 274/1676/657
f 294/1671/655 307/1701/671 274/1676/657 266/1670/654
f 307/1702/671 306/1700/670 291/1680/659 293/1703/630
f 263/1651/643 275/1685/652 309/1683/661 285/1652/644
f 282/1663/649 304/1634/626 305/1637/629 284/1664/650
f 288/1656/646 287/1704/634 299/1657/633
f 386/1705/672 434/1706/673 435/1707/674 388/1708/675
f 293/1703/630 291/1680/659 302/1679/658 303/1709/631
f 334/1710/676 333/1711/677 454/1712/678 455/1713/679
f 307/1701/671 293/1638/630 268/1632/624 274/1676/657
f 303/1639/631 292/1714/680 267/1689/662 272/1633/625
f 281/1715/664 300/1662/648 301/1653/645 285/1652/644
f 328/1716/681 327/1717/682 448/1718/683 449/1719/684
f 295/1628/620 286/1627/619 296/1661/636
f 292/1714/680 311/1643/635 276/1646/638 267/1689/662
f 303/1709/631 302/1679/658 290/1694/665 292/1720/680
f 287/1704/634 288/1656/646 289/1692/663 294/1721/655
f 297/1672/656 277/1674/618 298/1684/621
f 321/1722/685 389/1723/686 384/1724/687 322/1725/688
f 310/1660/647 290/1694/665 281/1693/664 308/1726/660
f 263/1688/643 271/1630/622 272/1633/625 267/1689/662
f 323/1727/689 385/1728/690 387/1729/691 313/1730/692
f 409/1731/693 408/1732/694 347/1733/695 346/1734/696
f 439/1735/697 330/1736/698 331/1737/699 440/1738/700
f 362/1739/701 363/1740/702 423/1741/703 422/1742/704
f 400/1743/705 401/1744/706 355/1745/707 354/1746/708
f 411/1747/709 410/1748/710 336/1749/711 337/1750/712
f 375/1751/713 374/1752/714 370/1753/715 369/1754/716
f 321/1722/685 322/1725/688 409/1755/693 413/1756/717
f 403/1757/718 402/1758/719 351/1759/720 350/1760/721
f 412/1761/722 416/1762/723 339/1763/724 338/1764/725
f 444/1765/726 435/1707/674 326/1766/727 327/1717/682
f 398/1767/728 400/1743/705 354/1746/708 353/1768/729
f 357/1769/730 358/1770/731 374/1752/714 375/1751/713
f 377/1771/732 376/1772/733 365/1773/734 364/1774/735
f 394/1775/736 439/1735/697 440/1738/700 395/1776/737
f 364/1774/735 365/1773/734 425/1777/738 424/1778/739
f 348/1779/740 350/1760/721 381/1780/741 383/1781/742
f 376/1772/733 378/1782/743 366/1783/744 365/1773/734
f 350/1760/721 351/1759/720 380/1784/745 381/1780/741
f 372/1785/746 383/1786/742 360/1787/747 361/1788/748
f 351/1759/720 352/1789/749 377/1790/732 380/1784/745
f 337/1750/712 336/1749/711 406/1791/750 407/1792/751
f 404/1793/752 397/1794/753 357/1769/730 356/1795/754
f 356/1795/754 357/1769/730 375/1751/713 382/1796/755
f 341/1797/756 342/1798/757 400/1743/705 398/1767/728
f 313/1730/692 387/1729/691 386/1799/672 312/1800/758
f 315/1801/759 392/1802/760 391/1803/666 316/1804/761
f 323/1727/689 322/1805/688 384/1806/687 385/1728/690
f 352/1807/749 353/1768/729 376/1772/733 377/1771/732
f 320/1808/762 390/1809/763 389/1723/686 321/1722/685
f 314/1810/764 315/1801/759 416/1762/723 412/1761/722
f 354/1746/708 355/1745/707 379/1811/765 378/1782/743
f 359/1812/766 349/1813/767 372/1785/746 373/1814/768
f 347/1733/695 337/1750/712 407/1792/751 405/1815/769
f 346/1734/696 347/1733/695 405/1815/769 396/1816/770
f 316/1817/761 391/1695/666 393/1698/669 317/1818/771
f 342/1798/757 343/1819/772 401/1744/706 400/1743/705
f 392/1802/760 388/1708/675 435/1707/674 444/1765/726
f 371/1820/773 361/1788/748 421/1821/774 431/1822/775
f 438/1697/668 329/1823/776 330/1736/698 439/1735/697
f 369/1754/716 370/1753/715 430/1824/777 429/1825/778
f 319/1826/779 320/1808/762 414/1827/780 419/1828/781
f 322/1805/688 323/1727/689 408/1732/694 409/1731/693
f 422/1829/704 423/1830/703 432/1831/782
f 323/1727/689 313/1730/692 411/1747/709 408/1732/694
f 345/1832/783 346/1833/696 396/1834/770 397/1794/753
f 363/1740/702 364/1835/735 424/1836/739 423/1741/703
f 366/1783/744 367/1837/784 427/1838/785 426/1839/786
f 312/1840/758 386/1705/672 388/1708/675 314/1810/764
f 336/1841/711 338/1764/725 403/1757/718 406/1842/750
f 318/1843/787 394/1775/736 395/1776/737 319/1844/779
f 317/1818/771 393/1698/669 394/1775/736 318/1843/787
f 316/1817/761 317/1818/771 417/1845/788 415/1846/789
f 343/1847/772 344/1848/790 404/1793/752 401/1849/706
f 320/1808/762 319/1826/779 395/1850/737 390/1809/763
f 344/1848/790 345/1832/783 397/1794/753 404/1793/752
f 315/1801/759 316/1804/761 415/1851/789 416/1762/723
f 339/1763/724 340/1852/791 399/1853/792 402/1758/719
f 415/1846/789 417/1845/788 341/1797/756 340/1854/791
f 353/1768/729 354/1746/708 378/1782/743 376/1772/733
f 443/1855/793 332/1856/794 333/1711/677 436/1857/795
f 294/1721/655 289/1692/663 306/1700/670 307/1702/671
f 281/1715/664 285/1652/644 309/1683/661 308/1682/660
f 434/1706/673 324/1858/796 326/1766/727 435/1707/674
f 292/1720/680 290/1694/665 310/1660/647 311/1659/635
f 410/1859/710 412/1761/722 338/1764/725 336/1841/711
f 282/1681/649 291/1680/659 306/1700/670 304/1699/626
f 442/1860/797 325/1861/798 324/1862/796 434/1863/673
f 437/1696/667 328/1864/681 329/1823/776 438/1697/668
f 335/1865/799 334/1866/676 455/1867/679 456/1868/800
f 295/1628/620 310/1660/647 308/1726/660 298/1629/621
f 413/1756/717 409/1755/693 346/1833/696 345/1832/783
f 406/1842/750 403/1757/718 350/1760/721 348/1779/740
f 374/1869/714 373/1814/768 371/1820/773 370/1870/715
f 382/1796/755 375/1751/713 369/1754/716 368/1871/801
f 405/1815/769 407/1792/751 349/1813/767 359/1812/766
f 407/1792/751 406/1791/750 348/1872/740 349/1813/767
f 315/1801/759 314/1810/764 388/1708/675 392/1802/760
f 379/1873/765 382/1796/755 368/1871/801 367/1874/784
f 373/1814/768 372/1785/746 361/1788/748 371/1820/773
f 383/1781/742 381/1780/741 362/1739/701 360/1875/747
f 349/1813/767 348/1872/740 383/1786/742 372/1785/746
f 380/1784/745 377/1790/732 364/1835/735 363/1740/702
f 338/1764/725 339/1763/724 402/1758/719 403/1757/718
f 436/1857/795 333/1711/677 334/1710/676 433/1876/802
f 396/1816/770 405/1815/769 359/1812/766 358/1877/731
f 393/1698/669 438/1697/668 439/1735/697 394/1775/736
f 441/1878/803 335/1865/799 325/1861/798 442/1860/797
f 320/1808/762 321/1722/685 413/1756/717 414/1827/780
f 408/1732/694 411/1747/709 337/1750/712 347/1733/695
f 390/1809/763 443/1855/793 436/1857/795 389/1723/686
f 444/1765/726 327/1717/682 328/1716/681 437/1879/667
f 441/1878/803 433/1880/802 334/1866/676 335/1865/799
f 389/1723/686 436/1857/795 433/1876/802 384/1724/687
f 332/1856/794 331/1881/699 452/1882/804 453/1883/805
f 443/1855/793 440/1884/700 331/1881/699 332/1856/794
f 340/1854/791 341/1797/756 398/1767/728 399/1885/792
f 318/1843/787 319/1844/779 419/1886/781 418/1887/806
f 365/1773/734 366/1783/744 426/1839/786 425/1777/738
f 361/1788/748 360/1787/747 420/1888/807 421/1821/774
f 381/1780/741 380/1784/745 363/1740/702 362/1739/701
f 420/1889/807 432/1831/782 421/1890/774
f 312/1840/758 314/1810/764 412/1761/722 410/1859/710
f 360/1875/747 362/1739/701 422/1742/704 420/1891/807
f 313/1730/692 312/1800/758 410/1748/710 411/1747/709
f 317/1818/771 318/1843/787 418/1887/806 417/1845/788
f 368/1871/801 369/1754/716 429/1825/778 428/1892/808
f 427/1893/785 428/1894/808 432/1831/782
f 452/1895/804 457/1896/809 453/1897/805
f 426/1898/786 432/1831/782 425/1899/738
f 392/1802/760 444/1765/726 437/1879/667 391/1803/666
f 326/1766/727 324/1858/796 445/1900/810 447/1901/811
f 385/1728/690 441/1878/803 442/1860/797 387/1729/691
f 324/1862/796 325/1861/798 446/1902/812 445/1903/810
f 387/1729/691 442/1860/797 434/1863/673 386/1799/672
f 422/1829/704 432/1831/782 420/1889/807
f 367/1874/784 368/1871/801 428/1892/808 427/1904/785
f 446/1905/812 456/1906/800 457/1896/809
f 455/1907/679 457/1896/809 456/1906/800
f 454/1908/678 453/1897/805 457/1896/809
f 427/1893/785 432/1831/782 426/1898/786
f 421/1890/774 432/1831/782 431/1909/775
f 333/1711/677 332/1856/794 453/1883/805 454/1712/678
f 424/1910/739 432/1831/782 423/1830/703
f 370/1870/715 371/1820/773 431/1822/775 430/1911/777
f 358/1877/731 359/1812/766 373/1814/768 374/1869/714
f 429/1912/778 432/1831/782 428/1894/808
f 385/1728/690 384/1806/687 433/1880/802 441/1878/803
f 430/1913/777 432/1831/782 429/1912/778
f 425/1899/738 432/1831/782 424/1910/739
f 325/1861/798 335/1865/799 456/1868/800 446/1902/812
f 430/1913/777 431/1909/775 432/1831/782
f 401/1849/706 404/1793/752 356/1795/754 355/1914/707
f 402/1758/719 399/1853/792 352/1789/749 351/1759/720
f 414/1827/780 413/1756/717 345/1832/783 344/1848/790
f 355/1914/707 356/1795/754 382/1796/755 379/1873/765
f 419/1828/781 414/1827/780 344/1848/790 343/1847/772
f 417/1845/788 418/1887/806 342/1798/757 341/1797/756
f 416/1762/723 415/1851/789 340/1852/791 339/1763/724
f 378/1782/743 379/1811/765 367/1837/784 366/1783/744
f 397/1794/753 396/1834/770 358/1770/731 357/1769/730
f 418/1887/806 419/1886/781 343/1819/772 342/1798/757
f 399/1885/792 398/1767/728 353/1768/729 352/1807/749
f 390/1809/763 395/1850/737 440/1884/700 443/1855/793
f 450/1915/813 449/1916/684 457/1896/809
f 451/1917/814 450/1915/813 457/1896/809
f 452/1895/804 451/1917/814 457/1896/809
f 475/1918/815 463/1919/816 473/1920/817 573/1921/818
f 546/1922/819 545/1923/820 556/1924/821 557/1925/822
f 550/1926/823 549/1927/824 560/1928/825 561/1929/826
f 547/1930/827 546/1922/819 557/1925/822 558/1931/828
f 330/1736/698 329/1823/776 450/1932/813 451/1933/814
f 327/1717/682 326/1766/727 447/1901/811 448/1718/683
f 331/1737/699 330/1736/698 451/1933/814 452/1934/804
f 329/1823/776 328/1864/681 449/1935/684 450/1932/813
f 455/1907/679 454/1908/678 457/1896/809
f 480/1936/829 479/1937/830 490/1938/831 491/1939/832
f 585/1940/833 459/1941/834 464/1942/835 465/1943/836
f 473/1920/817 462/1944/837 458/1945/838 592/1946/839
f 556/1947/821 555/1948/840 566/1949/841 567/1950/842
f 466/1951/843 465/1943/836 477/1952/844 478/1953/845
f 589/1954/846 588/1955/847 469/1956/848 470/1957/849
f 530/1958/850 519/1959/851 529/1960/852 518/1961/853
f 460/1962/854 585/1940/833 465/1943/836 466/1951/843
f 548/1963/855 547/1930/827 558/1931/828 559/1964/856
f 459/1941/834 584/1965/857 463/1919/816 464/1942/835
f 591/1966/858 472/1967/859 484/1968/860
f 467/1969/861 466/1970/843 478/1971/845 479/1937/830
f 573/1921/818 473/1920/817 592/1946/839 602/1972/862
f 447/1973/811 457/1896/809 448/1974/683
f 587/1975/863 586/1976/864 467/1969/861 468/1977/865
f 555/1978/840 554/1979/866 565/1980/867 566/1981/841
f 586/1976/864 460/1982/854 466/1970/843 467/1969/861
f 447/1973/811 445/1983/810 457/1896/809
f 449/1916/684 448/1974/683 457/1896/809
f 488/1984/868 487/1985/869 498/1986/870 499/1987/871
f 461/1988/872 589/1954/846 470/1957/849 471/1989/873
f 445/1983/810 446/1905/812 457/1896/809
f 472/1967/859 471/1989/873 483/1990/874 484/1968/860
f 590/1991/875 461/1988/872 471/1989/873 472/1967/859
f 482/1992/876 481/1993/877 492/1994/878 493/1995/879
f 481/1993/877 480/1936/829 491/1939/832 492/1994/878
f 560/1996/825 559/1997/856 570/1998/880 571/1999/881
f 476/2000/882 475/1918/815 486/2001/883 487/2002/869
f 471/1989/873 470/1957/849 482/1992/876 483/1990/874
f 576/2003/884 575/2004/885 459/2005/834 585/2006/833
f 543/2007/886 542/2008/887 553/2009/888 554/2010/866
f 490/2011/831 489/2012/889 500/2013/890 501/2014/891
f 529/2015/852 540/2016/892 599/2017/893 598/2018/894
f 582/2019/895 581/2020/896 589/2021/846 461/2022/872
f 484/1968/860 483/1990/874 494/2023/897 495/2024/898
f 494/2025/897 493/2026/879 504/2027/899 505/2028/900
f 565/1980/867 564/2029/901 575/2004/885 576/2003/884
f 566/1981/841 565/1980/867 576/2003/884 577/2030/902
f 526/2031/903 525/2032/904 536/2033/905 537/2034/906
f 492/2035/878 491/2036/832 502/2037/907 503/2038/908
f 552/2039/909 541/2040/910 507/2041/911 496/2042/912
f 584/2043/857 574/2044/913 474/2045/914 462/2046/837
f 578/2047/915 577/2048/902 460/2049/854 586/2050/864
f 524/2051/916 523/2052/917 534/2053/918 535/2054/919
f 540/2016/892 551/2055/920 600/2056/921 599/2017/893
f 563/2057/922 552/2058/909 496/2059/912 485/2060/923
f 520/2061/924 519/1959/851 530/1958/850 531/2062/925
f 527/2063/926 526/2031/903 537/2034/906 538/2064/927
f 539/2065/928 538/2064/927 549/1927/824 550/1926/823
f 536/2033/905 535/2054/919 546/1922/819 547/1930/827
f 564/2029/901 563/2057/922 574/2044/913 575/2004/885
f 591/2066/858 528/2067/929 539/2065/928
f 553/2068/888 552/2058/909 563/2057/922 564/2029/901
f 525/2032/904 524/2051/916 535/2054/919 536/2033/905
f 570/1998/880 569/2069/930 580/2070/931 581/2020/896
f 567/1950/842 566/1949/841 577/2048/902 578/2047/915
f 579/2071/932 578/2047/915 586/2050/864 587/2072/863
f 528/2067/929 527/2063/926 538/2064/927 539/2065/928
f 511/2073/933 510/2074/934 521/2075/935 522/2076/936
f 575/2004/885 574/2044/913 584/2043/857 459/2005/834
f 501/2014/891 500/2013/890 511/2077/933 512/2078/937
f 568/2079/938 567/1950/842 578/2047/915 579/2071/932
f 591/2080/858 572/2081/939 583/2082/940
f 485/2060/923 496/2059/912 595/2083/941 594/2084/942
f 516/2085/943 515/2086/944 526/2087/903 527/2088/926
f 572/2081/939 571/1999/881 582/2019/895 583/2082/940
f 500/2089/890 499/1987/871 510/2074/934 511/2073/933
f 569/2069/930 568/2079/938 579/2071/932 580/2070/931
f 551/2055/920 562/2090/945 601/2091/946 600/2056/921
f 591/2080/858 583/2082/940 590/2092/875
f 512/2078/937 511/2077/933 522/2093/936 523/2094/917
f 535/2054/919 534/2053/918 545/1923/820 546/1922/819
f 591/1966/858 484/1968/860 495/2024/898
f 479/1937/830 478/1971/845 489/2095/889 490/1938/831
f 499/1987/871 498/1986/870 509/2096/947 510/2074/934
f 483/1990/874 482/1992/876 493/1995/879 494/2023/897
f 591/2066/858 539/2065/928 550/1926/823
f 493/2026/879 492/2035/878 503/2038/908 504/2027/899
f 505/2028/900 504/2027/899 515/2086/944 516/2085/943
f 519/2097/851 508/2098/948 540/2016/892 529/2015/852
f 487/1985/869 486/2099/883 497/2100/949 498/1986/870
f 474/2045/914 485/2060/923 594/2084/942 593/2101/950
f 510/2074/934 509/2096/947 520/2102/924 521/2075/935
f 470/1957/849 469/1956/848 481/1993/877 482/1992/876
f 502/2037/907 501/2014/891 512/2078/937 513/2103/951
f 591/2104/858 495/2105/898 506/2106/952
f 562/2107/945 573/1921/818 602/1972/862 601/2108/946
f 513/2103/951 512/2078/937 523/2094/917 524/2109/916
f 462/2046/837 474/2045/914 593/2101/950 458/2110/838
f 509/2096/947 508/2098/948 519/2097/851 520/2102/924
f 478/1953/845 477/1952/844 488/2111/868 489/2112/889
f 517/2113/953 516/2085/943 527/2088/926 528/2114/929
f 581/2020/896 580/2070/931 588/2115/847 589/2021/846
f 498/1986/870 497/2100/949 508/2098/948 509/2096/947
f 464/1942/835 463/1919/816 475/1918/815 476/2000/882
f 477/1952/844 476/2000/882 487/2002/869 488/2111/868
f 489/2116/889 488/1984/868 499/1987/871 500/2089/890
f 522/2117/936 521/2118/935 532/2119/954 533/2120/955
f 591/2104/858 506/2106/952 517/2113/953
f 506/2106/952 505/2028/900 516/2085/943 517/2113/953
f 538/2064/927 537/2034/906 548/1963/855 549/1927/824
f 504/2027/899 503/2038/908 514/2121/956 515/2086/944
f 515/2086/944 514/2121/956 525/2122/904 526/2087/903
f 508/2098/948 497/2100/949 551/2055/920 540/2016/892
f 554/1979/866 553/2068/888 564/2029/901 565/1980/867
f 495/2105/898 494/2025/897 505/2028/900 506/2106/952
f 503/2038/908 502/2037/907 513/2103/951 514/2121/956
f 523/2052/917 522/2123/936 533/2124/955 534/2053/918
f 561/2125/826 560/1996/825 571/1999/881 572/2081/939
f 468/1977/865 467/1969/861 479/1937/830 480/1936/829
f 533/2120/955 532/2119/954 543/2007/886 544/2126/957
f 521/2118/935 520/2061/924 531/2062/925 532/2119/954
f 549/1927/824 548/1963/855 559/1964/856 560/1928/825
f 496/2042/912 507/2041/911 596/2127/958 595/2128/941
f 514/2121/956 513/2103/951 524/2109/916 525/2122/904
f 486/2001/883 475/1918/815 573/1921/818 562/2107/945
f 591/2104/858 517/2113/953 528/2114/929
f 545/1923/820 544/2129/957 555/2130/840 556/1924/821
f 463/1919/816 584/1965/857 462/1944/837 473/1920/817
f 532/2119/954 531/2062/925 542/2008/887 543/2007/886
f 497/2100/949 486/2099/883 562/2090/945 551/2055/920
f 541/2040/910 530/1958/850 518/1961/853 507/2041/911
f 574/2044/913 563/2057/922 485/2060/923 474/2045/914
f 534/2053/918 533/2124/955 544/2129/957 545/1923/820
f 637/2131/959 626/2132/960 620/2133/961 636/2134/962
f 588/1955/847 587/1975/863 468/1977/865 469/1956/848
f 591/2080/858 561/2125/826 572/2081/939
f 558/2135/828 557/2136/822 568/2079/938 569/2069/930
f 597/2137/963 598/2138/894 610/2139/964 609/2140/965
f 571/1999/881 570/1998/880 581/2020/896 582/2019/895
f 559/1997/856 558/2135/828 569/2069/930 570/1998/880
f 544/2126/957 543/2007/886 554/2010/866 555/2141/840
f 601/2142/946 602/2143/862 614/2144/966 613/2145/967
f 491/2036/832 490/2011/831 501/2014/891 502/2037/907
f 599/2146/893 600/2147/921 612/2148/968 611/2149/969
f 465/1943/836 464/1942/835 476/2000/882 477/1952/844
f 537/2034/906 536/2033/905 547/1930/827 548/1963/855
f 518/1961/853 529/1960/852 598/2150/894 597/2151/963
f 507/2041/911 518/1961/853 597/2151/963 596/2127/958
f 542/2008/887 541/2040/910 552/2039/909 553/2009/888
f 591/1966/858 590/1991/875 472/1967/859
f 557/2136/822 556/1947/821 567/1950/842 568/2079/938
f 596/2152/958 597/2137/963 609/2140/965 608/2153/970
f 469/1956/848 468/1977/865 480/1936/829 481/1993/877
f 591/2066/858 550/1926/823 561/1929/826
f 602/2143/862 592/2154/839 604/2155/971 614/2144/966
f 640/2156/972 628/2157/973 622/2158/974 635/2159/975
f 595/2160/941 596/2152/958 608/2153/970 607/2161/976
f 638/2162/977 624/2163/978 618/2164/979 634/2165/980
f 458/2166/838 593/2167/950 605/2168/981 603/2169/982
f 531/2062/925 530/1958/850 541/2040/910 542/2008/887
f 594/2170/942 595/2160/941 607/2161/976 606/2171/983
f 635/2159/975 622/2158/974 626/2132/960 637/2131/959
f 598/2172/894 599/2146/893 611/2149/969 610/2139/964
f 577/2030/902 576/2003/884 585/2006/833 460/2173/854
f 592/2154/839 458/2174/838 603/2169/982 604/2155/971
f 621/2175/984 635/2159/975 637/2131/959 625/2176/985
f 617/2177/986 634/2165/980 640/2178/972 627/2179/987
f 650/2180/988 652/2181/989 644/2182/990 645/2183/991
f 647/2184/992 649/2185/993 641/2186/994 642/2187/995
f 629/2188/996 639/2189/997 633/2190/998 615/2191/999
f 624/2163/978 616/2192/1000 652/2181/989 650/2180/988
f 626/2132/960 631/2193/1001 651/2194/1002 649/2185/993
f 634/2165/980 618/2164/979 628/2195/973 640/2178/972
f 615/2196/999 633/2197/998 638/2162/977 623/2198/1003
f 632/2199/1004 625/2176/985 619/2200/1005 629/2201/996
f 639/2189/997 630/2202/1006 616/2203/1000 633/2190/998
f 625/2176/985 637/2131/959 636/2134/962 619/2200/1005
f 636/2204/962 620/2205/961 630/2206/1006 639/2207/997
f 628/2195/973 618/2164/979 624/2163/978 631/2208/1001
f 627/2209/987 640/2156/972 635/2159/975 621/2175/984
f 648/2210/1007 647/2211/992 642/2212/995 643/2213/1008
f 593/2167/950 594/2170/942 606/2171/983 605/2168/981
f 623/2198/1003 638/2162/977 634/2165/980 617/2177/986
f 580/2070/931 579/2071/932 587/2072/863 588/2115/847
f 649/2185/993 651/2194/1002 646/2214/1009 641/2186/994
f 600/2147/921 601/2142/946 613/2145/967 612/2148/968
f 646/2215/1009 645/2183/991 644/2182/990 643/2216/1008
f 622/2158/974 628/2157/973 631/2193/1001 626/2132/960
f 583/2082/940 582/2019/895 461/2022/872 590/2092/875
f 617/2177/986 627/2179/987 632/2217/1004 623/2198/1003
f 651/2218/1002 650/2180/988 645/2183/991 646/2215/1009
f 616/2203/1000 630/2202/1006 648/2219/1007 652/2220/989
f 641/2186/994 646/2214/1009 643/2221/1008 642/2187/995
f 630/2206/1006 620/2205/961 647/2211/992 648/2210/1007
f 631/2208/1001 624/2163/978 650/2180/988 651/2218/1002
f 620/2133/961 626/2132/960 649/2185/993 647/2184/992
f 633/2197/998 616/2192/1000 624/2163/978 638/2162/977
f 627/2209/987 621/2175/984 625/2176/985 632/2199/1004
f 623/2198/1003 632/2217/1004 629/2222/996 615/2196/999
f 619/2223/1005 636/2204/962 639/2207/997 629/2224/996
f 652/2220/989 648/2219/1007 643/2225/1008 644/2226/990
f 612/2148/968 613/2145/967 614/2144/966 604/2155/971 603/2169/982 605/2168/981 606/2171/983 607/2161/976 608/2153/970 609/2140/965 610/2139/964 611/2149/969
f 669/2227/1010 690/2228/1011 687/2229/1012 678/2230/1013
f 663/2231/1014 664/2232/1015 660/2233/1016 656/2234/1017
f 696/2235/1018 697/2236/1019 675/2237/1020 672/2238/1021
f 685/2239/1022 660/2233/1016 664/2232/1015 695/2240/1023
f 657/2241/1024 679/2242/1025 691/2243/1026
f 703/2244/1027 668/2245/1028 661/2246/1029 688/2247/1030
f 671/2248/1031 672/2238/1021 675/2237/1020 670/2249/1032
f 665/2250/1033 654/2251/1034 675/2237/1020 697/2236/1019
f 655/2252/1035 663/2253/1014 693/2254/1036 677/2255/1037
f 671/2256/1031 670/2257/1032 691/2258/1026 680/2259/1038
f 703/2260/1027 688/2261/1030 687/2229/1012 702/2262/1039
f 692/2263/1040 693/2254/1036 676/2264/1041 674/2265/1042
f 656/2266/1017 665/2250/1033 697/2236/1019 676/2264/1041
f 661/2246/1029 668/2245/1028 667/2267/1043 662/2268/1044
f 654/2269/1034 658/2270/1045 657/2241/1024 653/2271/1046
f 679/2242/1025 657/2241/1024 658/2270/1045 686/2272/1047
f 689/2273/1048 669/2274/1010 662/2275/1044
f 656/2234/1017 660/2233/1016 666/2276/1049 665/2277/1033
f 663/2253/1014 656/2266/1017 676/2264/1041 693/2254/1036
f 653/2278/1046 670/2249/1032 675/2237/1020 654/2251/1034
f 692/2279/1040 674/2280/1042 683/2281/1050 694/2282/1051
f 700/2283/1052 690/2284/1011 689/2273/1048 701/2285/1053
f 667/2286/1043 701/2285/1053 689/2273/1048 662/2275/1044
f 669/2287/1010 678/2288/1013 661/2246/1029 662/2268/1044
f 668/2245/1028 659/2289/1054 655/2290/1035 667/2267/1043
f 653/2271/1046 657/2241/1024 691/2243/1026 670/2291/1032
f 672/2292/1021 671/2256/1031 680/2259/1038 681/2293/1055
f 673/2294/1056 692/2279/1040 694/2282/1051 682/2295/1057
f 783/2296/1058 785/2297/1059 830/2298/1060 829/2299/1061
f 661/2246/1029 678/2288/1013 688/2247/1030
f 696/2300/1018 672/2292/1021 681/2293/1055 698/2301/1062
f 665/2277/1033 666/2276/1049 658/2270/1045 654/2269/1034
f 686/2272/1047 658/2270/1045 666/2276/1049 699/2302/1063
f 699/2303/1063 685/2304/1022 683/2281/1050 698/2301/1062
f 655/2252/1035 677/2255/1037 701/2285/1053 667/2286/1043
f 674/2265/1042 676/2264/1041 697/2236/1019 696/2235/1018
f 680/2259/1038 691/2258/1026 679/2305/1025
f 778/2306/1064 780/2307/1065 827/2308/1066 826/2309/1067
f 685/2304/1022 695/2310/1023 694/2282/1051 683/2281/1050
f 726/2311/1068 847/2312/1069 846/2313/1070 725/2314/1071
f 699/2302/1063 666/2276/1049 660/2233/1016 685/2239/1022
f 695/2240/1023 664/2232/1015 659/2289/1054 684/2315/1072
f 673/2316/1056 677/2255/1037 693/2254/1036 692/2263/1040
f 720/2317/1073 841/2318/1074 840/2319/1075 719/2320/1076
f 687/2229/1012 688/2261/1030 678/2230/1013
f 684/2315/1072 659/2289/1054 668/2245/1028 703/2244/1027
f 695/2310/1023 684/2321/1072 682/2295/1057 694/2282/1051
f 679/2305/1025 686/2322/1047 681/2293/1055 680/2259/1038
f 689/2273/1048 690/2284/1011 669/2274/1010
f 713/2323/1077 714/2324/1078 776/2325/1079 781/2326/1080
f 702/2262/1039 700/2327/1052 673/2294/1056 682/2295/1057
f 655/2290/1035 659/2289/1054 664/2232/1015 663/2231/1014
f 715/2328/1081 705/2329/1082 779/2330/1083 777/2331/1084
f 801/2332/1085 738/2333/1086 739/2334/1087 800/2335/1088
f 831/2336/1089 832/2337/1090 723/2338/1091 722/2339/1092
f 754/2340/1093 814/2341/1094 815/2342/1095 755/2343/1096
f 792/2344/1097 746/2345/1098 747/2346/1099 793/2347/1100
f 803/2348/1101 729/2349/1102 728/2350/1103 802/2351/1104
f 767/2352/1105 761/2353/1106 762/2354/1107 766/2355/1108
f 713/2323/1077 805/2356/1109 801/2357/1085 714/2324/1078
f 795/2358/1110 742/2359/1111 743/2360/1112 794/2361/1113
f 804/2362/1114 730/2363/1115 731/2364/1116 808/2365/1117
f 836/2366/1118 719/2320/1076 718/2367/1119 827/2308/1066
f 790/2368/1120 745/2369/1121 746/2345/1098 792/2344/1097
f 749/2370/1122 767/2352/1105 766/2355/1108 750/2371/1123
f 769/2372/1124 756/2373/1125 757/2374/1126 768/2375/1127
f 786/2376/1128 787/2377/1129 832/2337/1090 831/2336/1089
f 756/2373/1125 816/2378/1130 817/2379/1131 757/2374/1126
f 740/2380/1132 775/2381/1133 773/2382/1134 742/2359/1111
f 768/2375/1127 757/2374/1126 758/2383/1135 770/2384/1136
f 742/2359/1111 773/2382/1134 772/2385/1137 743/2360/1112
f 764/2386/1138 753/2387/1139 752/2388/1140 775/2389/1133
f 743/2360/1112 772/2385/1137 769/2390/1124 744/2391/1141
f 729/2349/1102 799/2392/1142 798/2393/1143 728/2350/1103
f 796/2394/1144 748/2395/1145 749/2370/1122 789/2396/1146
f 748/2395/1145 774/2397/1147 767/2352/1105 749/2370/1122
f 733/2398/1148 790/2368/1120 792/2344/1097 734/2399/1149
f 705/2329/1082 704/2400/1150 778/2401/1064 779/2330/1083
f 707/2402/1151 708/2403/1152 783/2404/1058 784/2405/1153
f 715/2328/1081 777/2331/1084 776/2406/1079 714/2407/1078
f 744/2408/1141 769/2372/1124 768/2375/1127 745/2369/1121
f 712/2409/1154 713/2323/1077 781/2326/1080 782/2410/1155
f 706/2411/1156 804/2362/1114 808/2365/1117 707/2402/1151
f 746/2345/1098 770/2384/1136 771/2412/1157 747/2346/1099
f 751/2413/1158 765/2414/1159 764/2386/1138 741/2415/1160
f 739/2334/1087 797/2416/1161 799/2392/1142 729/2349/1102
f 738/2333/1086 788/2417/1162 797/2416/1161 739/2334/1087
f 708/2418/1152 709/2419/1163 785/2297/1059 783/2296/1058
f 734/2399/1149 792/2344/1097 793/2347/1100 735/2420/1164
f 784/2405/1153 836/2366/1118 827/2308/1066 780/2307/1065
f 763/2421/1165 823/2422/1166 813/2423/1167 753/2387/1139
f 830/2298/1060 831/2336/1089 722/2339/1092 721/2424/1168
f 761/2353/1106 821/2425/1169 822/2426/1170 762/2354/1107
f 711/2427/1171 811/2428/1172 806/2429/1173 712/2409/1154
f 714/2407/1078 801/2332/1085 800/2335/1088 715/2328/1081
f 814/2430/1094 824/2431/1174 815/2432/1095
f 715/2328/1081 800/2335/1088 803/2348/1101 705/2329/1082
f 737/2433/1175 789/2396/1146 788/2434/1162 738/2435/1086
f 755/2343/1096 815/2342/1095 816/2436/1130 756/2437/1125
f 758/2383/1135 818/2438/1176 819/2439/1177 759/2440/1178
f 704/2441/1150 706/2411/1156 780/2307/1065 778/2306/1064
f 728/2442/1103 798/2443/1143 795/2358/1110 730/2363/1115
f 710/2444/1179 711/2445/1171 787/2377/1129 786/2376/1128
f 709/2419/1163 710/2444/1179 786/2376/1128 785/2297/1059
f 708/2418/1152 807/2446/1180 809/2447/1181 709/2419/1163
f 735/2448/1164 793/2449/1100 796/2394/1144 736/2450/1182
f 712/2409/1154 782/2410/1155 787/2451/1129 711/2427/1171
f 736/2450/1182 796/2394/1144 789/2396/1146 737/2433/1175
f 707/2402/1151 808/2365/1117 807/2452/1180 708/2403/1152
f 731/2364/1116 794/2361/1113 791/2453/1183 732/2454/1184
f 807/2446/1180 732/2455/1184 733/2398/1148 809/2447/1181
f 745/2369/1121 768/2375/1127 770/2384/1136 746/2345/1098
f 835/2456/1185 828/2457/1186 725/2314/1071 724/2458/1187
f 686/2322/1047 699/2303/1063 698/2301/1062 681/2293/1055
f 673/2316/1056 700/2283/1052 701/2285/1053 677/2255/1037
f 826/2309/1067 827/2308/1066 718/2367/1119 716/2459/1188
f 684/2321/1072 703/2260/1027 702/2262/1039 682/2295/1057
f 802/2460/1104 728/2442/1103 730/2363/1115 804/2362/1114
f 674/2280/1042 696/2300/1018 698/2301/1062 683/2281/1050
f 834/2461/1189 826/2462/1067 716/2463/1188 717/2464/1190
f 829/2299/1061 830/2298/1060 721/2424/1168 720/2465/1073
f 727/2466/1191 848/2467/1192 847/2468/1069 726/2469/1068
f 687/2229/1012 690/2228/1011 700/2327/1052 702/2262/1039
f 805/2356/1109 737/2433/1175 738/2435/1086 801/2357/1085
f 798/2443/1143 740/2380/1132 742/2359/1111 795/2358/1110
f 766/2470/1108 762/2471/1107 763/2421/1165 765/2414/1159
f 774/2397/1147 760/2472/1193 761/2353/1106 767/2352/1105
f 797/2416/1161 751/2413/1158 741/2415/1160 799/2392/1142
f 799/2392/1142 741/2415/1160 740/2473/1132 798/2393/1143
f 707/2402/1151 784/2405/1153 780/2307/1065 706/2411/1156
f 771/2474/1157 759/2475/1178 760/2472/1193 774/2397/1147
f 765/2414/1159 763/2421/1165 753/2387/1139 764/2386/1138
f 775/2381/1133 752/2476/1140 754/2340/1093 773/2382/1134
f 741/2415/1160 764/2386/1138 775/2389/1133 740/2473/1132
f 772/2385/1137 755/2343/1096 756/2437/1125 769/2390/1124
f 730/2363/1115 795/2358/1110 794/2361/1113 731/2364/1116
f 828/2457/1186 825/2477/1194 726/2311/1068 725/2314/1071
f 788/2417/1162 750/2478/1123 751/2413/1158 797/2416/1161
f 785/2297/1059 786/2376/1128 831/2336/1089 830/2298/1060
f 833/2479/1195 834/2461/1189 717/2464/1190 727/2466/1191
f 712/2409/1154 806/2429/1173 805/2356/1109 713/2323/1077
f 800/2335/1088 739/2334/1087 729/2349/1102 803/2348/1101
f 782/2410/1155 781/2326/1080 828/2457/1186 835/2456/1185
f 836/2366/1118 829/2480/1061 720/2317/1073 719/2320/1076
f 833/2479/1195 727/2466/1191 726/2469/1068 825/2481/1194
f 781/2326/1080 776/2325/1079 825/2477/1194 828/2457/1186
f 724/2458/1187 845/2482/1196 844/2483/1197 723/2484/1091
f 835/2456/1185 724/2458/1187 723/2484/1091 832/2485/1090
f 732/2455/1184 791/2486/1183 790/2368/1120 733/2398/1148
f 710/2444/1179 810/2487/1198 811/2488/1172 711/2445/1171
f 757/2374/1126 817/2379/1131 818/2438/1176 758/2383/1135
f 753/2387/1139 813/2423/1167 812/2489/1199 752/2388/1140
f 773/2382/1134 754/2340/1093 755/2343/1096 772/2385/1137
f 812/2490/1199 813/2491/1167 824/2431/1174
f 704/2441/1150 802/2460/1104 804/2362/1114 706/2411/1156
f 752/2476/1140 812/2492/1199 814/2341/1094 754/2340/1093
f 705/2329/1082 803/2348/1101 802/2351/1104 704/2400/1150
f 709/2419/1163 809/2447/1181 810/2487/1198 710/2444/1179
f 760/2472/1193 820/2493/1200 821/2425/1169 761/2353/1106
f 819/2494/1177 824/2431/1174 820/2495/1200
f 844/2496/1197 845/2497/1196 849/2498/1201
f 818/2499/1176 817/2500/1131 824/2431/1174
f 784/2405/1153 783/2404/1058 829/2480/1061 836/2366/1118
f 718/2367/1119 839/2501/1202 837/2502/1203 716/2459/1188
f 777/2331/1084 779/2330/1083 834/2461/1189 833/2479/1195
f 716/2463/1188 837/2503/1203 838/2504/1204 717/2464/1190
f 779/2330/1083 778/2401/1064 826/2462/1067 834/2461/1189
f 814/2430/1094 812/2490/1199 824/2431/1174
f 759/2475/1178 819/2505/1177 820/2493/1200 760/2472/1193
f 838/2506/1204 849/2498/1201 848/2507/1192
f 847/2508/1069 848/2507/1192 849/2498/1201
f 846/2509/1070 849/2498/1201 845/2497/1196
f 819/2494/1177 818/2499/1176 824/2431/1174
f 813/2491/1167 823/2510/1166 824/2431/1174
f 725/2314/1071 846/2313/1070 845/2482/1196 724/2458/1187
f 816/2511/1130 815/2432/1095 824/2431/1174
f 762/2471/1107 822/2512/1170 823/2422/1166 763/2421/1165
f 750/2478/1123 766/2470/1108 765/2414/1159 751/2413/1158
f 821/2513/1169 820/2495/1200 824/2431/1174
f 777/2331/1084 833/2479/1195 825/2481/1194 776/2406/1079
f 822/2514/1170 821/2513/1169 824/2431/1174
f 817/2500/1131 816/2511/1130 824/2431/1174
f 717/2464/1190 838/2504/1204 848/2467/1192 727/2466/1191
f 822/2514/1170 824/2431/1174 823/2510/1166
f 793/2449/1100 747/2515/1099 748/2395/1145 796/2394/1144
f 794/2361/1113 743/2360/1112 744/2391/1141 791/2453/1183
f 806/2429/1173 736/2450/1182 737/2433/1175 805/2356/1109
f 747/2515/1099 771/2474/1157 774/2397/1147 748/2395/1145
f 811/2428/1172 735/2448/1164 736/2450/1182 806/2429/1173
f 809/2447/1181 733/2398/1148 734/2399/1149 810/2487/1198
f 808/2365/1117 731/2364/1116 732/2454/1184 807/2452/1180
f 770/2384/1136 758/2383/1135 759/2440/1178 771/2412/1157
f 789/2396/1146 749/2370/1122 750/2371/1123 788/2434/1162
f 810/2487/1198 734/2399/1149 735/2420/1164 811/2488/1172
f 791/2486/1183 744/2408/1141 745/2369/1121 790/2368/1120
f 782/2410/1155 835/2456/1185 832/2485/1090 787/2451/1129
f 842/2516/1205 849/2498/1201 841/2517/1074
f 843/2518/1206 849/2498/1201 842/2516/1205
f 844/2496/1197 849/2498/1201 843/2518/1206
f 867/2519/1207 965/2520/1208 865/2521/1209 855/2522/1210
f 938/2523/1211 949/2524/1212 948/2525/1213 937/2526/1214
f 942/2527/1215 953/2528/1216 952/2529/1217 941/2530/1218
f 939/2531/1219 950/2532/1220 949/2524/1212 938/2523/1211
f 722/2339/1092 843/2533/1206 842/2534/1205 721/2424/1168
f 719/2320/1076 840/2319/1075 839/2501/1202 718/2367/1119
f 723/2338/1091 844/2535/1197 843/2533/1206 722/2339/1092
f 721/2424/1168 842/2534/1205 841/2536/1074 720/2465/1073
f 847/2508/1069 849/2498/1201 846/2509/1070
f 872/2537/1221 883/2538/1222 882/2539/1223 871/2540/1224
f 977/2541/1225 857/2542/1226 856/2543/1227 851/2544/1228
f 865/2521/1209 984/2545/1229 850/2546/1230 854/2547/1231
f 948/2548/1213 959/2549/1232 958/2550/1233 947/2551/1234
f 858/2552/1235 870/2553/1236 869/2554/1237 857/2542/1226
f 981/2555/1238 862/2556/1239 861/2557/1240 980/2558/1241
f 922/2559/1242 910/2560/1243 921/2561/1244 911/2562/1245
f 852/2563/1246 858/2552/1235 857/2542/1226 977/2541/1225
f 940/2564/1247 951/2565/1248 950/2532/1220 939/2531/1219
f 851/2544/1228 856/2543/1227 855/2522/1210 976/2566/1249
f 983/2567/1250 876/2568/1251 864/2569/1252
f 859/2570/1253 871/2540/1224 870/2571/1236 858/2572/1235
f 965/2520/1208 994/2573/1254 984/2545/1229 865/2521/1209
f 839/2574/1202 840/2575/1075 849/2498/1201
f 979/2576/1255 860/2577/1256 859/2570/1253 978/2578/1257
f 947/2579/1234 958/2580/1233 957/2581/1258 946/2582/1259
f 978/2578/1257 859/2570/1253 858/2572/1235 852/2583/1246
f 839/2574/1202 849/2498/1201 837/2584/1203
f 841/2517/1074 849/2498/1201 840/2575/1075
f 880/2585/1260 891/2586/1261 890/2587/1262 879/2588/1263
f 853/2589/1264 863/2590/1265 862/2556/1239 981/2555/1238
f 837/2584/1203 849/2498/1201 838/2506/1204
f 864/2569/1252 876/2568/1251 875/2591/1266 863/2590/1265
f 982/2592/1267 864/2569/1252 863/2590/1265 853/2589/1264
f 874/2593/1268 885/2594/1269 884/2595/1270 873/2596/1271
f 873/2596/1271 884/2595/1270 883/2538/1222 872/2537/1221
f 952/2597/1217 963/2598/1272 962/2599/1273 951/2600/1248
f 868/2601/1274 879/2602/1263 878/2603/1275 867/2519/1207
f 863/2590/1265 875/2591/1266 874/2593/1268 862/2556/1239
f 968/2604/1276 977/2605/1225 851/2606/1228 967/2607/1277
f 935/2608/1278 946/2609/1259 945/2610/1279 934/2611/1280
f 882/2612/1223 893/2613/1281 892/2614/1282 881/2615/1283
f 921/2616/1244 990/2617/1284 991/2618/1285 932/2619/1286
f 974/2620/1287 853/2621/1264 981/2622/1238 973/2623/1288
f 876/2568/1251 887/2624/1289 886/2625/1290 875/2591/1266
f 886/2626/1290 897/2627/1291 896/2628/1292 885/2629/1269
f 957/2581/1258 968/2604/1276 967/2607/1277 956/2630/1293
f 958/2580/1233 969/2631/1294 968/2604/1276 957/2581/1258
f 918/2632/1295 929/2633/1296 928/2634/1297 917/2635/1298
f 884/2636/1270 895/2637/1299 894/2638/1300 883/2639/1222
f 944/2640/1301 888/2641/1302 899/2642/1303 933/2643/1304
f 976/2644/1249 854/2645/1231 866/2646/1305 966/2647/1306
f 970/2648/1307 978/2649/1257 852/2650/1246 969/2651/1294
f 916/2652/1308 927/2653/1309 926/2654/1310 915/2655/1311
f 932/2619/1286 991/2618/1285 992/2656/1312 943/2657/1313
f 955/2658/1314 877/2659/1315 888/2660/1302 944/2661/1301
f 912/2662/1316 923/2663/1317 922/2559/1242 911/2562/1245
f 919/2664/1318 930/2665/1319 929/2633/1296 918/2632/1295
f 931/2666/1320 942/2527/1215 941/2530/1218 930/2665/1319
f 928/2634/1297 939/2531/1219 938/2523/1211 927/2653/1309
f 956/2630/1293 967/2607/1277 966/2647/1306 955/2658/1314
f 983/2667/1250 931/2666/1320 920/2668/1321
f 945/2669/1279 956/2630/1293 955/2658/1314 944/2661/1301
f 917/2635/1298 928/2634/1297 927/2653/1309 916/2652/1308
f 962/2599/1273 973/2623/1288 972/2670/1322 961/2671/1323
f 959/2549/1232 970/2648/1307 969/2651/1294 958/2550/1233
f 971/2672/1324 979/2673/1255 978/2649/1257 970/2648/1307
f 920/2668/1321 931/2666/1320 930/2665/1319 919/2664/1318
f 903/2674/1325 914/2675/1326 913/2676/1327 902/2677/1328
f 967/2607/1277 851/2606/1228 976/2644/1249 966/2647/1306
f 893/2613/1281 904/2678/1329 903/2679/1325 892/2614/1282
f 960/2680/1330 971/2672/1324 970/2648/1307 959/2549/1232
f 983/2681/1250 975/2682/1331 964/2683/1332
f 877/2659/1315 986/2684/1333 987/2685/1334 888/2660/1302
f 908/2686/1335 919/2687/1318 918/2688/1295 907/2689/1336
f 964/2683/1332 975/2682/1331 974/2620/1287 963/2598/1272
f 892/2690/1282 903/2674/1325 902/2677/1328 891/2586/1261
f 961/2671/1323 972/2670/1322 971/2672/1324 960/2680/1330
f 943/2657/1313 992/2656/1312 993/2691/1337 954/2692/1338
f 983/2681/1250 982/2693/1267 975/2682/1331
f 904/2678/1329 915/2694/1311 914/2695/1326 903/2679/1325
f 927/2653/1309 938/2523/1211 937/2526/1214 926/2654/1310
f 983/2567/1250 887/2624/1289 876/2568/1251
f 871/2540/1224 882/2539/1223 881/2696/1283 870/2571/1236
f 891/2586/1261 902/2677/1328 901/2697/1339 890/2587/1262
f 875/2591/1266 886/2625/1290 885/2594/1269 874/2593/1268
f 983/2667/1250 942/2527/1215 931/2666/1320
f 885/2629/1269 896/2628/1292 895/2637/1299 884/2636/1270
f 897/2627/1291 908/2686/1335 907/2689/1336 896/2628/1292
f 911/2698/1245 921/2616/1244 932/2619/1286 900/2699/1340
f 879/2588/1263 890/2587/1262 889/2700/1341 878/2701/1275
f 866/2646/1305 985/2702/1342 986/2684/1333 877/2659/1315
f 902/2677/1328 913/2676/1327 912/2703/1316 901/2697/1339
f 862/2556/1239 874/2593/1268 873/2596/1271 861/2557/1240
f 894/2638/1300 905/2704/1343 904/2678/1329 893/2613/1281
f 983/2705/1250 898/2706/1344 887/2707/1289
f 954/2708/1338 993/2709/1337 994/2573/1254 965/2520/1208
f 905/2704/1343 916/2710/1308 915/2694/1311 904/2678/1329
f 854/2645/1231 850/2711/1230 985/2702/1342 866/2646/1305
f 901/2697/1339 912/2703/1316 911/2698/1245 900/2699/1340
f 870/2553/1236 881/2712/1283 880/2713/1260 869/2554/1237
f 909/2714/1345 920/2715/1321 919/2687/1318 908/2686/1335
f 973/2623/1288 981/2622/1238 980/2716/1241 972/2670/1322
f 890/2587/1262 901/2697/1339 900/2699/1340 889/2700/1341
f 856/2543/1227 868/2601/1274 867/2519/1207 855/2522/1210
f 869/2554/1237 880/2713/1260 879/2602/1263 868/2601/1274
f 881/2717/1283 892/2690/1282 891/2586/1261 880/2585/1260
f 914/2718/1326 925/2719/1346 924/2720/1347 913/2721/1327
f 983/2705/1250 909/2714/1345 898/2706/1344
f 898/2706/1344 909/2714/1345 908/2686/1335 897/2627/1291
f 930/2665/1319 941/2530/1218 940/2564/1247 929/2633/1296
f 896/2628/1292 907/2689/1336 906/2722/1348 895/2637/1299
f 907/2689/1336 918/2688/1295 917/2723/1298 906/2722/1348
f 900/2699/1340 932/2619/1286 943/2657/1313 889/2700/1341
f 946/2582/1259 957/2581/1258 956/2630/1293 945/2669/1279
f 887/2707/1289 898/2706/1344 897/2627/1291 886/2626/1290
f 895/2637/1299 906/2722/1348 905/2704/1343 894/2638/1300
f 915/2655/1311 926/2654/1310 925/2724/1346 914/2725/1326
f 953/2726/1216 964/2683/1332 963/2598/1272 952/2597/1217
f 860/2577/1256 872/2537/1221 871/2540/1224 859/2570/1253
f 925/2719/1346 936/2727/1349 935/2608/1278 924/2720/1347
f 913/2721/1327 924/2720/1347 923/2663/1317 912/2662/1316
f 941/2530/1218 952/2529/1217 951/2565/1248 940/2564/1247
f 888/2641/1302 987/2728/1334 988/2729/1350 899/2642/1303
f 906/2722/1348 917/2723/1298 916/2710/1308 905/2704/1343
f 878/2603/1275 954/2708/1338 965/2520/1208 867/2519/1207
f 983/2705/1250 920/2715/1321 909/2714/1345
f 937/2526/1214 948/2525/1213 947/2730/1234 936/2731/1349
f 855/2522/1210 865/2521/1209 854/2547/1231 976/2566/1249
f 924/2720/1347 935/2608/1278 934/2611/1280 923/2663/1317
f 889/2700/1341 943/2657/1313 954/2692/1338 878/2701/1275
f 933/2643/1304 899/2642/1303 910/2560/1243 922/2559/1242
f 966/2647/1306 866/2646/1305 877/2659/1315 955/2658/1314
f 926/2654/1310 937/2526/1214 936/2731/1349 925/2724/1346
f 1029/2732/1351 1028/2733/1352 1012/2734/1353 1018/2735/1354
f 980/2558/1241 861/2557/1240 860/2577/1256 979/2576/1255
f 983/2681/1250 964/2683/1332 953/2726/1216
f 950/2736/1220 961/2671/1323 960/2680/1330 949/2737/1212
f 989/2738/1355 1001/2739/1356 1002/2740/1357 990/2741/1284
f 963/2598/1272 974/2620/1287 973/2623/1288 962/2599/1273
f 951/2600/1248 962/2599/1273 961/2671/1323 950/2736/1220
f 936/2727/1349 947/2742/1234 946/2609/1259 935/2608/1278
f 993/2743/1337 1005/2744/1358 1006/2745/1359 994/2746/1254
f 883/2639/1222 894/2638/1300 893/2613/1281 882/2612/1223
f 991/2747/1285 1003/2748/1360 1004/2749/1361 992/2750/1312
f 857/2542/1226 869/2554/1237 868/2601/1274 856/2543/1227
f 929/2633/1296 940/2564/1247 939/2531/1219 928/2634/1297
f 910/2560/1243 989/2751/1355 990/2752/1284 921/2561/1244
f 899/2642/1303 988/2729/1350 989/2751/1355 910/2560/1243
f 934/2611/1280 945/2610/1279 944/2640/1301 933/2643/1304
f 983/2567/1250 864/2569/1252 982/2592/1267
f 949/2737/1212 960/2680/1330 959/2549/1232 948/2548/1213
f 988/2753/1350 1000/2754/1362 1001/2739/1356 989/2738/1355
f 861/2557/1240 873/2596/1271 872/2537/1221 860/2577/1256
f 983/2667/1250 953/2528/1216 942/2527/1215
f 994/2746/1254 1006/2745/1359 996/2755/1363 984/2756/1229
f 1032/2757/1364 1027/2758/1365 1014/2759/1366 1020/2760/1367
f 987/2761/1334 999/2762/1368 1000/2754/1362 988/2753/1350
f 1030/2763/1369 1026/2764/1370 1010/2765/1371 1016/2766/1372
f 850/2767/1230 995/2768/1373 997/2769/1374 985/2770/1342
f 923/2663/1317 934/2611/1280 933/2643/1304 922/2559/1242
f 986/2771/1333 998/2772/1375 999/2762/1368 987/2761/1334
f 1027/2758/1365 1029/2732/1351 1018/2735/1354 1014/2759/1366
f 990/2773/1284 1002/2740/1357 1003/2748/1360 991/2747/1285
f 969/2631/1294 852/2774/1246 977/2605/1225 968/2604/1276
f 984/2756/1229 996/2755/1363 995/2768/1373 850/2775/1230
f 1013/2776/1376 1017/2777/1377 1029/2732/1351 1027/2758/1365
f 1009/2778/1378 1019/2779/1379 1032/2780/1364 1026/2764/1370
f 1042/2781/1380 1037/2782/1381 1036/2783/1382 1044/2784/1383
f 1039/2785/1384 1034/2786/1385 1033/2787/1386 1041/2788/1387
f 1021/2789/1388 1007/2790/1389 1025/2791/1390 1031/2792/1391
f 1016/2766/1372 1042/2781/1380 1044/2784/1383 1008/2793/1392
f 1018/2735/1354 1041/2788/1387 1043/2794/1393 1023/2795/1394
f 1026/2764/1370 1032/2780/1364 1020/2796/1367 1010/2765/1371
f 1007/2797/1389 1015/2798/1395 1030/2763/1369 1025/2799/1390
f 1024/2800/1396 1021/2801/1388 1011/2802/1397 1017/2777/1377
f 1031/2792/1391 1025/2791/1390 1008/2803/1392 1022/2804/1398
f 1017/2777/1377 1011/2802/1397 1028/2733/1352 1029/2732/1351
f 1028/2805/1352 1031/2806/1391 1022/2807/1398 1012/2808/1353
f 1020/2796/1367 1023/2809/1394 1016/2766/1372 1010/2765/1371
f 1019/2810/1379 1013/2776/1376 1027/2758/1365 1032/2757/1364
f 1040/2811/1399 1035/2812/1400 1034/2813/1385 1039/2814/1384
f 985/2770/1342 997/2769/1374 998/2772/1375 986/2771/1333
f 1015/2798/1395 1009/2778/1378 1026/2764/1370 1030/2763/1369
f 972/2670/1322 980/2716/1241 979/2673/1255 971/2672/1324
f 1041/2788/1387 1033/2787/1386 1038/2815/1401 1043/2794/1393
f 992/2750/1312 1004/2749/1361 1005/2744/1358 993/2743/1337
f 1038/2816/1401 1035/2817/1400 1036/2783/1382 1037/2782/1381
f 1014/2759/1366 1018/2735/1354 1023/2795/1394 1020/2760/1367
f 975/2682/1331 982/2693/1267 853/2621/1264 974/2620/1287
f 1009/2778/1378 1015/2798/1395 1024/2818/1396 1019/2779/1379
f 1043/2819/1393 1038/2816/1401 1037/2782/1381 1042/2781/1380
f 1008/2803/1392 1044/2820/1383 1040/2821/1399 1022/2804/1398
f 1033/2787/1386 1034/2786/1385 1035/2822/1400 1038/2815/1401
f 1022/2807/1398 1040/2811/1399 1039/2814/1384 1012/2808/1353
f 1023/2809/1394 1043/2819/1393 1042/2781/1380 1016/2766/1372
f 1012/2734/1353 1039/2785/1384 1041/2788/1387 1018/2735/1354
f 1025/2799/1390 1030/2763/1369 1016/2766/1372 1008/2793/1392
f 1019/2810/1379 1024/2800/1396 1017/2777/1377 1013/2776/1376
f 1015/2798/1395 1007/2797/1389 1021/2823/1388 1024/2818/1396
f 1011/2824/1397 1021/2825/1388 1031/2806/1391 1028/2805/1352
f 1044/2820/1383 1036/2826/1382 1035/2827/1400 1040/2821/1399
f 1004/2749/1361 1003/2748/1360 1002/2740/1357 1001/2739/1356 1000/2754/1362 999/2762/1368 998/2772/1375 997/2769/1374 995/2768/1373 996/2755/1363 1006/2745/1359 1005/2744/1358
f 1061/2828/1402 1070/2829/1403 1079/2830/1404 1082/2831/1405
f 1055/2832/1406 1048/2833/1407 1052/2834/1408 1056/2835/1409
f 1088/2836/1410 1064/2837/1411 1067/2838/1412 1089/2839/1413
f 1077/2840/1414 1087/2841/1415 1056/2835/1409 1052/2834/1408
f 1049/2842/1416 1083/2843/1417 1071/2844/1418
f 1095/2845/1419 1080/2846/1420 1053/2847/1421 1060/2848/1422
f 1063/2849/1423 1062/2850/1424 1067/2838/1412 1064/2837/1411
f 1057/2851/1425 1089/2839/1413 1067/2838/1412 1046/2852/1426
f 1047/2853/1427 1069/2854/1428 1085/2855/1429 1055/2856/1406
f 1063/2857/1423 1072/2858/1430 1083/2859/1417 1062/2860/1424
f 1095/2861/1419 1094/2862/1431 1079/2830/1404 1080/2863/1420
f 1084/2864/1432 1066/2865/1433 1068/2866/1434 1085/2855/1429
f 1048/2867/1407 1068/2866/1434 1089/2839/1413 1057/2851/1425
f 1053/2847/1421 1054/2868/1435 1059/2869/1436 1060/2848/1422
f 1046/2870/1426 1045/2871/1437 1049/2842/1416 1050/2872/1438
f 1071/2844/1418 1078/2873/1439 1050/2872/1438 1049/2842/1416
f 1081/2874/1440 1054/2875/1435 1061/2876/1402
f 1048/2833/1407 1057/2877/1425 1058/2878/1441 1052/2834/1408
f 1055/2856/1406 1085/2855/1429 1068/2866/1434 1048/2867/1407
f 1045/2879/1437 1046/2852/1426 1067/2838/1412 1062/2850/1424
f 1084/2880/1432 1086/2881/1442 1075/2882/1443 1066/2883/1433
f 1092/2884/1444 1093/2885/1445 1081/2874/1440 1082/2886/1405
f 1059/2887/1436 1054/2875/1435 1081/2874/1440 1093/2885/1445
f 1061/2888/1402 1054/2868/1435 1053/2847/1421 1070/2889/1403
f 1060/2848/1422 1059/2869/1436 1047/2890/1427 1051/2891/1446
f 1045/2871/1437 1062/2892/1424 1083/2843/1417 1049/2842/1416
f 1064/2893/1411 1073/2894/1447 1072/2858/1430 1063/2857/1423
f 1065/2895/1448 1074/2896/1449 1086/2881/1442 1084/2880/1432
f 1175/2897/1450 1221/2898/1451 1222/2899/1452 1177/2900/1453
f 1053/2847/1421 1080/2846/1420 1070/2889/1403
f 1088/2901/1410 1090/2902/1454 1073/2894/1447 1064/2893/1411
f 1057/2877/1425 1046/2870/1426 1050/2872/1438 1058/2878/1441
f 1078/2873/1439 1091/2903/1455 1058/2878/1441 1050/2872/1438
f 1091/2904/1455 1090/2902/1454 1075/2882/1443 1077/2905/1414
f 1047/2853/1427 1059/2887/1436 1093/2885/1445 1069/2854/1428
f 1066/2865/1433 1088/2836/1410 1089/2839/1413 1068/2866/1434
f 1072/2858/1430 1071/2906/1418 1083/2859/1417
f 1170/2907/1456 1218/2908/1457 1219/2909/1458 1172/2910/1459
f 1077/2905/1414 1075/2882/1443 1086/2881/1442 1087/2911/1415
f 1118/2912/1460 1117/2913/1461 1238/2914/1462 1239/2915/1463
f 1091/2903/1455 1077/2840/1414 1052/2834/1408 1058/2878/1441
f 1087/2841/1415 1076/2916/1464 1051/2891/1446 1056/2835/1409
f 1065/2917/1448 1084/2864/1432 1085/2855/1429 1069/2854/1428
f 1112/2918/1465 1111/2919/1466 1232/2920/1467 1233/2921/1468
f 1079/2830/1404 1070/2829/1403 1080/2863/1420
f 1076/2916/1464 1095/2845/1419 1060/2848/1422 1051/2891/1446
f 1087/2911/1415 1086/2881/1442 1074/2896/1449 1076/2922/1464
f 1071/2906/1418 1072/2858/1430 1073/2894/1447 1078/2923/1439
f 1081/2874/1440 1061/2876/1402 1082/2886/1405
f 1105/2924/1469 1173/2925/1470 1168/2926/1471 1106/2927/1472
f 1094/2862/1431 1074/2896/1449 1065/2895/1448 1092/2928/1444
f 1047/2890/1427 1055/2832/1406 1056/2835/1409 1051/2891/1446
f 1107/2929/1473 1169/2930/1474 1171/2931/1475 1097/2932/1476
f 1193/2933/1477 1192/2934/1478 1131/2935/1479 1130/2936/1480
f 1223/2937/1481 1114/2938/1482 1115/2939/1483 1224/2940/1484
f 1146/2941/1485 1147/2942/1486 1207/2943/1487 1206/2944/1488
f 1184/2945/1489 1185/2946/1490 1139/2947/1491 1138/2948/1492
f 1195/2949/1493 1194/2950/1494 1120/2951/1495 1121/2952/1496
f 1159/2953/1497 1158/2954/1498 1154/2955/1499 1153/2956/1500
f 1105/2924/1469 1106/2927/1472 1193/2957/1477 1197/2958/1501
f 1187/2959/1502 1186/2960/1503 1135/2961/1504 1134/2962/1505
f 1196/2963/1506 1200/2964/1507 1123/2965/1508 1122/2966/1509
f 1228/2967/1510 1219/2909/1458 1110/2968/1511 1111/2919/1466
f 1182/2969/1512 1184/2945/1489 1138/2948/1492 1137/2970/1513
f 1141/2971/1514 1142/2972/1515 1158/2954/1498 1159/2953/1497
f 1161/2973/1516 1160/2974/1517 1149/2975/1518 1148/2976/1519
f 1178/2977/1520 1223/2937/1481 1224/2940/1484 1179/2978/1521
f 1148/2976/1519 1149/2975/1518 1209/2979/1522 1208/2980/1523
f 1132/2981/1524 1134/2962/1505 1165/2982/1525 1167/2983/1526
f 1160/2974/1517 1162/2984/1527 1150/2985/1528 1149/2975/1518
f 1134/2962/1505 1135/2961/1504 1164/2986/1529 1165/2982/1525
f 1156/2987/1530 1167/2988/1526 1144/2989/1531 1145/2990/1532
f 1135/2961/1504 1136/2991/1533 1161/2992/1516 1164/2986/1529
f 1121/2952/1496 1120/2951/1495 1190/2993/1534 1191/2994/1535
f 1188/2995/1536 1181/2996/1537 1141/2971/1514 1140/2997/1538
f 1140/2997/1538 1141/2971/1514 1159/2953/1497 1166/2998/1539
f 1125/2999/1540 1126/3000/1541 1184/2945/1489 1182/2969/1512
f 1097/2932/1476 1171/2931/1475 1170/3001/1456 1096/3002/1542
f 1099/3003/1543 1176/3004/1544 1175/3005/1450 1100/3006/1545
f 1107/2929/1473 1106/3007/1472 1168/3008/1471 1169/2930/1474
f 1136/3009/1533 1137/2970/1513 1160/2974/1517 1161/2973/1516
f 1104/3010/1546 1174/3011/1547 1173/2925/1470 1105/2924/1469
f 1098/3012/1548 1099/3003/1543 1200/2964/1507 1196/2963/1506
f 1138/2948/1492 1139/2947/1491 1163/3013/1549 1162/2984/1527
f 1143/3014/1550 1133/3015/1551 1156/2987/1530 1157/3016/1552
f 1131/2935/1479 1121/2952/1496 1191/2994/1535 1189/3017/1553
f 1130/2936/1480 1131/2935/1479 1189/3017/1553 1180/3018/1554
f 1100/3019/1545 1175/2897/1450 1177/2900/1453 1101/3020/1555
f 1126/3000/1541 1127/3021/1556 1185/2946/1490 1184/2945/1489
f 1176/3004/1544 1172/2910/1459 1219/2909/1458 1228/2967/1510
f 1155/3022/1557 1145/2990/1532 1205/3023/1558 1215/3024/1559
f 1222/2899/1452 1113/3025/1560 1114/2938/1482 1223/2937/1481
f 1153/2956/1500 1154/2955/1499 1214/3026/1561 1213/3027/1562
f 1103/3028/1563 1104/3010/1546 1198/3029/1564 1203/3030/1565
f 1106/3007/1472 1107/2929/1473 1192/2934/1478 1193/2933/1477
f 1206/3031/1488 1207/3032/1487 1216/3033/1566
f 1107/2929/1473 1097/2932/1476 1195/2949/1493 1192/2934/1478
f 1129/3034/1567 1130/3035/1480 1180/3036/1554 1181/2996/1537
f 1147/2942/1486 1148/3037/1519 1208/3038/1523 1207/2943/1487
f 1150/2985/1528 1151/3039/1568 1211/3040/1569 1210/3041/1570
f 1096/3042/1542 1170/2907/1456 1172/2910/1459 1098/3012/1548
f 1120/3043/1495 1122/2966/1509 1187/2959/1502 1190/3044/1534
f 1102/3045/1571 1178/2977/1520 1179/2978/1521 1103/3046/1563
f 1101/3020/1555 1177/2900/1453 1178/2977/1520 1102/3045/1571
f 1100/3019/1545 1101/3020/1555 1201/3047/1572 1199/3048/1573
f 1127/3049/1556 1128/3050/1574 1188/2995/1536 1185/3051/1490
f 1104/3010/1546 1103/3028/1563 1179/3052/1521 1174/3011/1547
f 1128/3050/1574 1129/3034/1567 1181/2996/1537 1188/2995/1536
f 1099/3003/1543 1100/3006/1545 1199/3053/1573 1200/2964/1507
f 1123/2965/1508 1124/3054/1575 1183/3055/1576 1186/2960/1503
f 1199/3048/1573 1201/3047/1572 1125/2999/1540 1124/3056/1575
f 1137/2970/1513 1138/2948/1492 1162/2984/1527 1160/2974/1517
f 1227/3057/1577 1116/3058/1578 1117/2913/1461 1220/3059/1579
f 1078/2923/1439 1073/2894/1447 1090/2902/1454 1091/2904/1455
f 1065/2917/1448 1069/2854/1428 1093/2885/1445 1092/2884/1444
f 1218/2908/1457 1108/3060/1580 1110/2968/1511 1219/2909/1458
f 1076/2922/1464 1074/2896/1449 1094/2862/1431 1095/2861/1419
f 1194/3061/1494 1196/2963/1506 1122/2966/1509 1120/3043/1495
f 1066/2883/1433 1075/2882/1443 1090/2902/1454 1088/2901/1410
f 1226/3062/1581 1109/3063/1582 1108/3064/1580 1218/3065/1457
f 1221/2898/1451 1112/3066/1465 1113/3025/1560 1222/2899/1452
f 1119/3067/1583 1118/3068/1460 1239/3069/1463 1240/3070/1584
f 1079/2830/1404 1094/2862/1431 1092/2928/1444 1082/2831/1405
f 1197/2958/1501 1193/2957/1477 1130/3035/1480 1129/3034/1567
f 1190/3044/1534 1187/2959/1502 1134/2962/1505 1132/2981/1524
f 1158/3071/1498 1157/3016/1552 1155/3022/1557 1154/3072/1499
f 1166/2998/1539 1159/2953/1497 1153/2956/1500 1152/3073/1585
f 1189/3017/1553 1191/2994/1535 1133/3015/1551 1143/3014/1550
f 1191/2994/1535 1190/2993/1534 1132/3074/1524 1133/3015/1551
f 1099/3003/1543 1098/3012/1548 1172/2910/1459 1176/3004/1544
f 1163/3075/1549 1166/2998/1539 1152/3073/1585 1151/3076/1568
f 1157/3016/1552 1156/2987/1530 1145/2990/1532 1155/3022/1557
f 1167/2983/1526 1165/2982/1525 1146/2941/1485 1144/3077/1531
f 1133/3015/1551 1132/3074/1524 1167/2988/1526 1156/2987/1530
f 1164/2986/1529 1161/2992/1516 1148/3037/1519 1147/2942/1486
f 1122/2966/1509 1123/2965/1508 1186/2960/1503 1187/2959/1502
f 1220/3059/1579 1117/2913/1461 1118/2912/1460 1217/3078/1586
f 1180/3018/1554 1189/3017/1553 1143/3014/1550 1142/3079/1515
f 1177/2900/1453 1222/2899/1452 1223/2937/1481 1178/2977/1520
f 1225/3080/1587 1119/3067/1583 1109/3063/1582 1226/3062/1581
f 1104/3010/1546 1105/2924/1469 1197/2958/1501 1198/3029/1564
f 1192/2934/1478 1195/2949/1493 1121/2952/1496 1131/2935/1479
f 1174/3011/1547 1227/3057/1577 1220/3059/1579 1173/2925/1470
f 1228/2967/1510 1111/2919/1466 1112/2918/1465 1221/3081/1451
f 1225/3080/1587 1217/3082/1586 1118/3068/1460 1119/3067/1583
f 1173/2925/1470 1220/3059/1579 1217/3078/1586 1168/2926/1471
f 1116/3058/1578 1115/3083/1483 1236/3084/1588 1237/3085/1589
f 1227/3057/1577 1224/3086/1484 1115/3083/1483 1116/3058/1578
f 1124/3056/1575 1125/2999/1540 1182/2969/1512 1183/3087/1576
f 1102/3045/1571 1103/3046/1563 1203/3088/1565 1202/3089/1590
f 1149/2975/1518 1150/2985/1528 1210/3041/1570 1209/2979/1522
f 1145/2990/1532 1144/2989/1531 1204/3090/1591 1205/3023/1558
f 1165/2982/1525 1164/2986/1529 1147/2942/1486 1146/2941/1485
f 1204/3091/1591 1216/3033/1566 1205/3092/1558
f 1096/3042/1542 1098/3012/1548 1196/2963/1506 1194/3061/1494
f 1144/3077/1531 1146/2941/1485 1206/2944/1488 1204/3093/1591
f 1097/2932/1476 1096/3002/1542 1194/2950/1494 1195/2949/1493
f 1101/3020/1555 1102/3045/1571 1202/3089/1590 1201/3047/1572
f 1152/3073/1585 1153/2956/1500 1213/3027/1562 1212/3094/1592
f 1211/3095/1569 1212/3096/1592 1216/3033/1566
f 1236/3097/1588 1241/3098/1593 1237/3099/1589
f 1210/3100/1570 1216/3033/1566 1209/3101/1522
f 1176/3004/1544 1228/2967/1510 1221/3081/1451 1175/3005/1450
f 1110/2968/1511 1108/3060/1580 1229/3102/1594 1231/3103/1595
f 1169/2930/1474 1225/3080/1587 1226/3062/1581 1171/2931/1475
f 1108/3064/1580 1109/3063/1582 1230/3104/1596 1229/3105/1594
f 1171/2931/1475 1226/3062/1581 1218/3065/1457 1170/3001/1456
f 1206/3031/1488 1216/3033/1566 1204/3091/1591
f 1151/3076/1568 1152/3073/1585 1212/3094/1592 1211/3106/1569
f 1230/3107/1596 1240/3108/1584 1241/3098/1593
f 1239/3109/1463 1241/3098/1593 1240/3108/1584
f 1238/3110/1462 1237/3099/1589 1241/3098/1593
f 1211/3095/1569 1216/3033/1566 1210/3100/1570
f 1205/3092/1558 1216/3033/1566 1215/3111/1559
f 1117/2913/1461 1116/3058/1578 1237/3085/1589 1238/2914/1462
f 1208/3112/1523 1216/3033/1566 1207/3032/1487
f 1154/3072/1499 1155/3022/1557 1215/3024/1559 1214/3113/1561
f 1142/3079/1515 1143/3014/1550 1157/3016/1552 1158/3071/1498
f 1213/3114/1562 1216/3033/1566 1212/3096/1592
f 1169/2930/1474 1168/3008/1471 1217/3082/1586 1225/3080/1587
f 1214/3115/1561 1216/3033/1566 1213/3114/1562
f 1209/3101/1522 1216/3033/1566 1208/3112/1523
f 1109/3063/1582 1119/3067/1583 1240/3070/1584 1230/3104/1596
f 1214/3115/1561 1215/3111/1559 1216/3033/1566
f 1185/3051/1490 1188/2995/1536 1140/2997/1538 1139/3116/1491
f 1186/2960/1503 1183/3055/1576 1136/2991/1533 1135/2961/1504
f 1198/3029/1564 1197/2958/1501 1129/3034/1567 1128/3050/1574
f 1139/3116/1491 1140/2997/1538 1166/2998/1539 1163/3075/1549
f 1203/3030/1565 1198/3029/1564 1128/3050/1574 1127/3049/1556
f 1201/3047/1572 1202/3089/1590 1126/3000/1541 1125/2999/1540
f 1200/2964/1507 1199/3053/1573 1124/3054/1575 1123/2965/1508
f 1162/2984/1527 1163/3013/1549 1151/3039/1568 1150/2985/1528
f 1181/2996/1537 1180/3036/1554 1142/2972/1515 1141/2971/1514
f 1202/3089/1590 1203/3088/1565 1127/3021/1556 1126/3000/1541
f 1183/3087/1576 1182/2969/1512 1137/2970/1513 1136/3009/1533
f 1174/3011/1547 1179/3052/1521 1224/3086/1484 1227/3057/1577
f 1234/3117/1597 1233/3118/1468 1241/3098/1593
f 1235/3119/1598 1234/3117/1597 1241/3098/1593
f 1236/3097/1588 1235/3119/1598 1241/3098/1593
f 1259/3120/1599 1247/3121/1600 1257/3122/1601 1357/3123/1602
f 1330/3124/1603 1329/3125/1604 1340/3126/1605 1341/3127/1606
f 1334/3128/1607 1333/3129/1608 1344/3130/1609 1345/3131/1610
f 1331/3132/1611 1330/3124/1603 1341/3127/1606 1342/3133/1612
f 1114/2938/1482 1113/3025/1560 1234/3134/1597 1235/3135/1598
f 1111/2919/1466 1110/2968/1511 1231/3103/1595 1232/2920/1467
f 1115/2939/1483 1114/2938/1482 1235/3135/1598 1236/3136/1588
f 1113/3025/1560 1112/3066/1465 1233/3137/1468 1234/3134/1597
f 1239/3109/1463 1238/3110/1462 1241/3098/1593
f 1264/3138/1613 1263/3139/1614 1274/3140/1615 1275/3141/1616
f 1369/3142/1617 1243/3143/1618 1248/3144/1619 1249/3145/1620
f 1257/3122/1601 1246/3146/1621 1242/3147/1622 1376/3148/1623
f 1340/3149/1605 1339/3150/1624 1350/3151/1625 1351/3152/1626
f 1250/3153/1627 1249/3145/1620 1261/3154/1628 1262/3155/1629
f 1373/3156/1630 1372/3157/1631 1253/3158/1632 1254/3159/1633
f 1314/3160/1634 1303/3161/1635 1313/3162/1636 1302/3163/1637
f 1244/3164/1638 1369/3142/1617 1249/3145/1620 1250/3153/1627
f 1332/3165/1639 1331/3132/1611 1342/3133/1612 1343/3166/1640
f 1243/3143/1618 1368/3167/1641 1247/3121/1600 1248/3144/1619
f 1375/3168/1642 1256/3169/1643 1268/3170/1644
f 1251/3171/1645 1250/3172/1627 1262/3173/1629 1263/3139/1614
f 1357/3123/1602 1257/3122/1601 1376/3148/1623 1386/3174/1646
f 1231/3175/1595 1241/3098/1593 1232/3176/1467
f 1371/3177/1647 1370/3178/1648 1251/3171/1645 1252/3179/1649
f 1339/3180/1624 1338/3181/1650 1349/3182/1651 1350/3183/1625
f 1370/3178/1648 1244/3184/1638 1250/3172/1627 1251/3171/1645
f 1231/3175/1595 1229/3185/1594 1241/3098/1593
f 1233/3118/1468 1232/3176/1467 1241/3098/1593
f 1272/3186/1652 1271/3187/1653 1282/3188/1654 1283/3189/1655
f 1245/3190/1656 1373/3156/1630 1254/3159/1633 1255/3191/1657
f 1229/3185/1594 1230/3107/1596 1241/3098/1593
f 1256/3169/1643 1255/3191/1657 1267/3192/1658 1268/3170/1644
f 1374/3193/1659 1245/3190/1656 1255/3191/1657 1256/3169/1643
f 1266/3194/1660 1265/3195/1661 1276/3196/1662 1277/3197/1663
f 1265/3195/1661 1264/3138/1613 1275/3141/1616 1276/3196/1662
f 1344/3198/1609 1343/3199/1640 1354/3200/1664 1355/3201/1665
f 1260/3202/1666 1259/3120/1599 1270/3203/1667 1271/3204/1653
f 1255/3191/1657 1254/3159/1633 1266/3194/1660 1267/3192/1658
f 1360/3205/1668 1359/3206/1669 1243/3207/1618 1369/3208/1617
f 1327/3209/1670 1326/3210/1671 1337/3211/1672 1338/3212/1650
f 1274/3213/1615 1273/3214/1673 1284/3215/1674 1285/3216/1675
f 1313/3217/1636 1324/3218/1676 1383/3219/1677 1382/3220/1678
f 1366/3221/1679 1365/3222/1680 1373/3223/1630 1245/3224/1656
f 1268/3170/1644 1267/3192/1658 1278/3225/1681 1279/3226/1682
f 1278/3227/1681 1277/3228/1663 1288/3229/1683 1289/3230/1684
f 1349/3182/1651 1348/3231/1685 1359/3206/1669 1360/3205/1668
f 1350/3183/1625 1349/3182/1651 1360/3205/1668 1361/3232/1686
f 1310/3233/1687 1309/3234/1688 1320/3235/1689 1321/3236/1690
f 1276/3237/1662 1275/3238/1616 1286/3239/1691 1287/3240/1692
f 1336/3241/1693 1325/3242/1694 1291/3243/1695 1280/3244/1696
f 1368/3245/1641 1358/3246/1697 1258/3247/1698 1246/3248/1621
f 1362/3249/1699 1361/3250/1686 1244/3251/1638 1370/3252/1648
f 1308/3253/1700 1307/3254/1701 1318/3255/1702 1319/3256/1703
f 1324/3218/1676 1335/3257/1704 1384/3258/1705 1383/3219/1677
f 1347/3259/1706 1336/3260/1693 1280/3261/1696 1269/3262/1707
f 1304/3263/1708 1303/3161/1635 1314/3160/1634 1315/3264/1709
f 1311/3265/1710 1310/3233/1687 1321/3236/1690 1322/3266/1711
f 1323/3267/1712 1322/3266/1711 1333/3129/1608 1334/3128/1607
f 1320/3235/1689 1319/3256/1703 1330/3124/1603 1331/3132/1611
f 1348/3231/1685 1347/3259/1706 1358/3246/1697 1359/3206/1669
f 1375/3268/1642 1312/3269/1713 1323/3267/1712
f 1337/3270/1672 1336/3260/1693 1347/3259/1706 1348/3231/1685
f 1309/3234/1688 1308/3253/1700 1319/3256/1703 1320/3235/1689
f 1354/3200/1664 1353/3271/1714 1364/3272/1715 1365/3222/1680
f 1351/3152/1626 1350/3151/1625 1361/3250/1686 1362/3249/1699
f 1363/3273/1716 1362/3249/1699 1370/3252/1648 1371/3274/1647
f 1312/3269/1713 1311/3265/1710 1322/3266/1711 1323/3267/1712
f 1295/3275/1717 1294/3276/1718 1305/3277/1719 1306/3278/1720
f 1359/3206/1669 1358/3246/1697 1368/3245/1641 1243/3207/1618
f 1285/3216/1675 1284/3215/1674 1295/3279/1717 1296/3280/1721
f 1352/3281/1722 1351/3152/1626 1362/3249/1699 1363/3273/1716
f 1375/3282/1642 1356/3283/1723 1367/3284/1724
f 1269/3262/1707 1280/3261/1696 1379/3285/1725 1378/3286/1726
f 1300/3287/1727 1299/3288/1728 1310/3289/1687 1311/3290/1710
f 1356/3283/1723 1355/3201/1665 1366/3221/1679 1367/3284/1724
f 1284/3291/1674 1283/3189/1655 1294/3276/1718 1295/3275/1717
f 1353/3271/1714 1352/3281/1722 1363/3273/1716 1364/3272/1715
f 1335/3257/1704 1346/3292/1729 1385/3293/1730 1384/3258/1705
f 1375/3282/1642 1367/3284/1724 1374/3294/1659
f 1296/3280/1721 1295/3279/1717 1306/3295/1720 1307/3296/1701
f 1319/3256/1703 1318/3255/1702 1329/3125/1604 1330/3124/1603
f 1375/3168/1642 1268/3170/1644 1279/3226/1682
f 1263/3139/1614 1262/3173/1629 1273/3297/1673 1274/3140/1615
f 1283/3189/1655 1282/3188/1654 1293/3298/1731 1294/3276/1718
f 1267/3192/1658 1266/3194/1660 1277/3197/1663 1278/3225/1681
f 1375/3268/1642 1323/3267/1712 1334/3128/1607
f 1277/3228/1663 1276/3237/1662 1287/3240/1692 1288/3229/1683
f 1289/3230/1684 1288/3229/1683 1299/3288/1728 1300/3287/1727
f 1303/3299/1635 1292/3300/1732 1324/3218/1676 1313/3217/1636
f 1271/3187/1653 1270/3301/1667 1281/3302/1733 1282/3188/1654
f 1258/3247/1698 1269/3262/1707 1378/3286/1726 1377/3303/1734
f 1294/3276/1718 1293/3298/1731 1304/3304/1708 1305/3277/1719
f 1254/3159/1633 1253/3158/1632 1265/3195/1661 1266/3194/1660
f 1286/3239/1691 1285/3216/1675 1296/3280/1721 1297/3305/1735
f 1375/3306/1642 1279/3307/1682 1290/3308/1736
f 1346/3309/1729 1357/3123/1602 1386/3174/1646 1385/3310/1730
f 1297/3305/1735 1296/3280/1721 1307/3296/1701 1308/3311/1700
f 1246/3248/1621 1258/3247/1698 1377/3303/1734 1242/3312/1622
f 1293/3298/1731 1292/3300/1732 1303/3299/1635 1304/3304/1708
f 1262/3155/1629 1261/3154/1628 1272/3313/1652 1273/3314/1673
f 1301/3315/1737 1300/3287/1727 1311/3290/1710 1312/3316/1713
f 1365/3222/1680 1364/3272/1715 1372/3317/1631 1373/3223/1630
f 1282/3188/1654 1281/3302/1733 1292/3300/1732 1293/3298/1731
f 1248/3144/1619 1247/3121/1600 1259/3120/1599 1260/3202/1666
f 1261/3154/1628 1260/3202/1666 1271/3204/1653 1272/3313/1652
f 1273/3318/1673 1272/3186/1652 1283/3189/1655 1284/3291/1674
f 1306/3319/1720 1305/3320/1719 1316/3321/1738 1317/3322/1739
f 1375/3306/1642 1290/3308/1736 1301/3315/1737
f 1290/3308/1736 1289/3230/1684 1300/3287/1727 1301/3315/1737
f 1322/3266/1711 1321/3236/1690 1332/3165/1639 1333/3129/1608
f 1288/3229/1683 1287/3240/1692 1298/3323/1740 1299/3288/1728
f 1299/3288/1728 1298/3323/1740 1309/3324/1688 1310/3289/1687
f 1292/3300/1732 1281/3302/1733 1335/3257/1704 1324/3218/1676
f 1338/3181/1650 1337/3270/1672 1348/3231/1685 1349/3182/1651
f 1279/3307/1682 1278/3227/1681 1289/3230/1684 1290/3308/1736
f 1287/3240/1692 1286/3239/1691 1297/3305/1735 1298/3323/1740
f 1307/3254/1701 1306/3325/1720 1317/3326/1739 1318/3255/1702
f 1345/3327/1610 1344/3198/1609 1355/3201/1665 1356/3283/1723
f 1252/3179/1649 1251/3171/1645 1263/3139/1614 1264/3138/1613
f 1317/3322/1739 1316/3321/1738 1327/3209/1670 1328/3328/1741
f 1305/3320/1719 1304/3263/1708 1315/3264/1709 1316/3321/1738
f 1333/3129/1608 1332/3165/1639 1343/3166/1640 1344/3130/1609
f 1280/3244/1696 1291/3243/1695 1380/3329/1742 1379/3330/1725
f 1298/3323/1740 1297/3305/1735 1308/3311/1700 1309/3324/1688
f 1270/3203/1667 1259/3120/1599 1357/3123/1602 1346/3309/1729
f 1375/3306/1642 1301/3315/1737 1312/3316/1713
f 1329/3125/1604 1328/3331/1741 1339/3332/1624 1340/3126/1605
f 1247/3121/1600 1368/3167/1641 1246/3146/1621 1257/3122/1601
f 1316/3321/1738 1315/3264/1709 1326/3210/1671 1327/3209/1670
f 1281/3302/1733 1270/3301/1667 1346/3292/1729 1335/3257/1704
f 1325/3242/1694 1314/3160/1634 1302/3163/1637 1291/3243/1695
f 1358/3246/1697 1347/3259/1706 1269/3262/1707 1258/3247/1698
f 1318/3255/1702 1317/3326/1739 1328/3331/1741 1329/3125/1604
f 1421/3333/1743 1410/3334/1744 1404/3335/1745 1420/3336/1746
f 1372/3157/1631 1371/3177/1647 1252/3179/1649 1253/3158/1632
f 1375/3282/1642 1345/3327/1610 1356/3283/1723
f 1342/3337/1612 1341/3338/1606 1352/3281/1722 1353/3271/1714
f 1381/3339/1747 1382/3340/1678 1394/3341/1748 1393/3342/1749
f 1355/3201/1665 1354/3200/1664 1365/3222/1680 1366/3221/1679
f 1343/3199/1640 1342/3337/1612 1353/3271/1714 1354/3200/1664
f 1328/3328/1741 1327/3209/1670 1338/3212/1650 1339/3343/1624
f 1385/3344/1730 1386/3345/1646 1398/3346/1750 1397/3347/1751
f 1275/3238/1616 1274/3213/1615 1285/3216/1675 1286/3239/1691
f 1383/3348/1677 1384/3349/1705 1396/3350/1752 1395/3351/1753
f 1249/3145/1620 1248/3144/1619 1260/3202/1666 1261/3154/1628
f 1321/3236/1690 1320/3235/1689 1331/3132/1611 1332/3165/1639
f 1302/3163/1637 1313/3162/1636 1382/3352/1678 1381/3353/1747
f 1291/3243/1695 1302/3163/1637 1381/3353/1747 1380/3329/1742
f 1326/3210/1671 1325/3242/1694 1336/3241/1693 1337/3211/1672
f 1375/3168/1642 1374/3193/1659 1256/3169/1643
f 1341/3338/1606 1340/3149/1605 1351/3152/1626 1352/3281/1722
f 1380/3354/1742 1381/3339/1747 1393/3342/1749 1392/3355/1754
f 1253/3158/1632 1252/3179/1649 1264/3138/1613 1265/3195/1661
f 1375/3268/1642 1334/3128/1607 1345/3131/1610
f 1386/3345/1646 1376/3356/1623 1388/3357/1755 1398/3346/1750
f 1424/3358/1756 1412/3359/1757 1406/3360/1758 1419/3361/1759
f 1379/3362/1725 1380/3354/1742 1392/3355/1754 1391/3363/1760
f 1422/3364/1761 1408/3365/1762 1402/3366/1763 1418/3367/1764
f 1242/3368/1622 1377/3369/1734 1389/3370/1765 1387/3371/1766
f 1315/3264/1709 1314/3160/1634 1325/3242/1694 1326/3210/1671
f 1378/3372/1726 1379/3362/1725 1391/3363/1760 1390/3373/1767
f 1419/3361/1759 1406/3360/1758 1410/3334/1744 1421/3333/1743
f 1382/3374/1678 1383/3348/1677 1395/3351/1753 1394/3341/1748
f 1361/3232/1686 1360/3205/1668 1369/3208/1617 1244/3375/1638
f 1376/3356/1623 1242/3376/1622 1387/3371/1766 1388/3357/1755
f 1405/3377/1768 1419/3361/1759 1421/3333/1743 1409/3378/1769
f 1401/3379/1770 1418/3367/1764 1424/3380/1756 1411/3381/1771
f 1434/3382/1772 1436/3383/1773 1428/3384/1774 1429/3385/1775
f 1431/3386/1776 1433/3387/1777 1425/3388/1778 1426/3389/1779
f 1413/3390/1780 1423/3391/1781 1417/3392/1782 1399/3393/1783
f 1408/3365/1762 1400/3394/1784 1436/3383/1773 1434/3382/1772
f 1410/3334/1744 1415/3395/1785 1435/3396/1786 1433/3387/1777
f 1418/3367/1764 1402/3366/1763 1412/3397/1757 1424/3380/1756
f 1399/3398/1783 1417/3399/1782 1422/3364/1761 1407/3400/1787
f 1416/3401/1788 1409/3378/1769 1403/3402/1789 1413/3403/1780
f 1423/3391/1781 1414/3404/1790 1400/3405/1784 1417/3392/1782
f 1409/3378/1769 1421/3333/1743 1420/3336/1746 1403/3402/1789
f 1420/3406/1746 1404/3407/1745 1414/3408/1790 1423/3409/1781
f 1412/3397/1757 1402/3366/1763 1408/3365/1762 1415/3410/1785
f 1411/3411/1771 1424/3358/1756 1419/3361/1759 1405/3377/1768
f 1432/3412/1791 1431/3413/1776 1426/3414/1779 1427/3415/1792
f 1377/3369/1734 1378/3372/1726 1390/3373/1767 1389/3370/1765
f 1407/3400/1787 1422/3364/1761 1418/3367/1764 1401/3379/1770
f 1364/3272/1715 1363/3273/1716 1371/3274/1647 1372/3317/1631
f 1433/3387/1777 1435/3396/1786 1430/3416/1793 1425/3388/1778
f 1384/3349/1705 1385/3344/1730 1397/3347/1751 1396/3350/1752
f 1430/3417/1793 1429/3385/1775 1428/3384/1774 1427/3418/1792
f 1406/3360/1758 1412/3359/1757 1415/3395/1785 1410/3334/1744
f 1367/3284/1724 1366/3221/1679 1245/3224/1656 1374/3294/1659
f 1401/3379/1770 1411/3381/1771 1416/3419/1788 1407/3400/1787
f 1435/3420/1786 1434/3382/1772 1429/3385/1775 1430/3417/1793
f 1400/3405/1784 1414/3404/1790 1432/3421/1791 1436/3422/1773
f 1425/3388/1778 1430/3416/1793 1427/3423/1792 1426/3389/1779
f 1414/3408/1790 1404/3407/1745 1431/3413/1776 1432/3412/1791
f 1415/3410/1785 1408/3365/1762 1434/3382/1772 1435/3420/1786
f 1404/3335/1745 1410/3334/1744 1433/3387/1777 1431/3386/1776
f 1417/3399/1782 1400/3394/1784 1408/3365/1762 1422/3364/1761
f 1411/3411/1771 1405/3377/1768 1409/3378/1769 1416/3401/1788
f 1407/3400/1787 1416/3419/1788 1413/3424/1780 1399/3398/1783
f 1403/3425/1789 1420/3406/1746 1423/3409/1781 1413/3426/1780
f 1436/3422/1773 1432/3421/1791 1427/3427/1792 1428/3428/1774
f 1396/3350/1752 1397/3347/1751 1398/3346/1750 1388/3357/1755 1387/3371/1766 1389/3370/1765 1390/3373/1767 1391/3363/1760 1392/3355/1754 1393/3342/1749 1394/3341/1748 1395/3351/1753
f 1453/3429/1794 1474/3430/1795 1471/3431/1796 1462/3432/1797
f 1447/3433/1798 1448/3434/1799 1444/3435/1800 1440/3436/1801
f 1480/3437/1802 1481/3438/1803 1459/3439/1804 1456/3440/1805
f 1469/3441/1806 1444/3435/1800 1448/3434/1799 1479/3442/1807
f 1441/3443/1808 1463/3444/1809 1475/3445/1810
f 1487/3446/1811 1452/3447/1812 1445/3448/1813 1472/3449/1814
f 1455/3450/1815 1456/3440/1805 1459/3439/1804 1454/3451/1816
f 1449/3452/1817 1438/3453/1818 1459/3439/1804 1481/3438/1803
f 1439/3454/1819 1447/3455/1798 1477/3456/1820 1461/3457/1821
f 1455/3458/1815 1454/3459/1816 1475/3460/1810 1464/3461/1822
f 1487/3462/1811 1472/3463/1814 1471/3431/1796 1486/3464/1823
f 1476/3465/1824 1477/3456/1820 1460/3466/1825 1458/3467/1826
f 1440/3468/1801 1449/3452/1817 1481/3438/1803 1460/3466/1825
f 1445/3448/1813 1452/3447/1812 1451/3469/1827 1446/3470/1828
f 1438/3471/1818 1442/3472/1829 1441/3443/1808 1437/3473/1830
f 1463/3444/1809 1441/3443/1808 1442/3472/1829 1470/3474/1831
f 1473/3475/1832 1453/3476/1794 1446/3477/1828
f 1440/3436/1801 1444/3435/1800 1450/3478/1833 1449/3479/1817
f 1447/3455/1798 1440/3468/1801 1460/3466/1825 1477/3456/1820
f 1437/3480/1830 1454/3451/1816 1459/3439/1804 1438/3453/1818
f 1476/3481/1824 1458/3482/1826 1467/3483/1834 1478/3484/1835
f 1484/3485/1836 1474/3486/1795 1473/3475/1832 1485/3487/1837
f 1451/3488/1827 1485/3487/1837 1473/3475/1832 1446/3477/1828
f 1453/3489/1794 1462/3490/1797 1445/3448/1813 1446/3470/1828
f 1452/3447/1812 1443/3491/1838 1439/3492/1819 1451/3469/1827
f 1437/3473/1830 1441/3443/1808 1475/3445/1810 1454/3493/1816
f 1456/3494/1805 1455/3458/1815 1464/3461/1822 1465/3495/1839
f 1457/3496/1840 1476/3481/1824 1478/3484/1835 1466/3497/1841
f 1567/3498/1842 1569/3499/1843 1614/3500/1844 1613/3501/1845
f 1445/3448/1813 1462/3490/1797 1472/3449/1814
f 1480/3502/1802 1456/3494/1805 1465/3495/1839 1482/3503/1846
f 1449/3479/1817 1450/3478/1833 1442/3472/1829 1438/3471/1818
f 1470/3474/1831 1442/3472/1829 1450/3478/1833 1483/3504/1847
f 1483/3505/1847 1469/3506/1806 1467/3483/1834 1482/3503/1846
f 1439/3454/1819 1461/3457/1821 1485/3487/1837 1451/3488/1827
f 1458/3467/1826 1460/3466/1825 1481/3438/1803 1480/3437/1802
f 1464/3461/1822 1475/3460/1810 1463/3507/1809
f 1562/3508/1848 1564/3509/1849 1611/3510/1850 1610/3511/1851
f 1469/3506/1806 1479/3512/1807 1478/3484/1835 1467/3483/1834
f 1510/3513/1852 1631/3514/1853 1630/3515/1854 1509/3516/1855
f 1483/3504/1847 1450/3478/1833 1444/3435/1800 1469/3441/1806
f 1479/3442/1807 1448/3434/1799 1443/3491/1838 1468/3517/1856
f 1457/3518/1840 1461/3457/1821 1477/3456/1820 1476/3465/1824
f 1504/3519/1857 1625/3520/1858 1624/3521/1859 1503/3522/1860
f 1471/3431/1796 1472/3463/1814 1462/3432/1797
f 1468/3517/1856 1443/3491/1838 1452/3447/1812 1487/3446/1811
f 1479/3512/1807 1468/3523/1856 1466/3497/1841 1478/3484/1835
f 1463/3507/1809 1470/3524/1831 1465/3495/1839 1464/3461/1822
f 1473/3475/1832 1474/3486/1795 1453/3476/1794
f 1497/3525/1861 1498/3526/1862 1560/3527/1863 1565/3528/1864
f 1486/3464/1823 1484/3529/1836 1457/3496/1840 1466/3497/1841
f 1439/3492/1819 1443/3491/1838 1448/3434/1799 1447/3433/1798
f 1499/3530/1865 1489/3531/1866 1563/3532/1867 1561/3533/1868
f 1585/3534/1869 1522/3535/1870 1523/3536/1871 1584/3537/1872
f 1615/3538/1873 1616/3539/1874 1507/3540/1875 1506/3541/1876
f 1538/3542/1877 1598/3543/1878 1599/3544/1879 1539/3545/1880
f 1576/3546/1881 1530/3547/1882 1531/3548/1883 1577/3549/1884
f 1587/3550/1885 1513/3551/1886 1512/3552/1887 1586/3553/1888
f 1551/3554/1889 1545/3555/1890 1546/3556/1891 1550/3557/1892
f 1497/3525/1861 1589/3558/1893 1585/3559/1869 1498/3526/1862
f 1579/3560/1894 1526/3561/1895 1527/3562/1896 1578/3563/1897
f 1588/3564/1898 1514/3565/1899 1515/3566/1900 1592/3567/1901
f 1620/3568/1902 1503/3522/1860 1502/3569/1903 1611/3510/1850
f 1574/3570/1904 1529/3571/1905 1530/3547/1882 1576/3546/1881
f 1533/3572/1906 1551/3554/1889 1550/3557/1892 1534/3573/1907
f 1553/3574/1908 1540/3575/1909 1541/3576/1910 1552/3577/1911
f 1570/3578/1912 1571/3579/1913 1616/3539/1874 1615/3538/1873
f 1540/3575/1909 1600/3580/1914 1601/3581/1915 1541/3576/1910
f 1524/3582/1916 1559/3583/1917 1557/3584/1918 1526/3561/1895
f 1552/3577/1911 1541/3576/1910 1542/3585/1919 1554/3586/1920
f 1526/3561/1895 1557/3584/1918 1556/3587/1921 1527/3562/1896
f 1548/3588/1922 1537/3589/1923 1536/3590/1924 1559/3591/1917
f 1527/3562/1896 1556/3587/1921 1553/3592/1908 1528/3593/1925
f 1513/3551/1886 1583/3594/1926 1582/3595/1927 1512/3552/1887
f 1580/3596/1928 1532/3597/1929 1533/3572/1906 1573/3598/1930
f 1532/3597/1929 1558/3599/1931 1551/3554/1889 1533/3572/1906
f 1517/3600/1932 1574/3570/1904 1576/3546/1881 1518/3601/1933
f 1489/3531/1866 1488/3602/1934 1562/3603/1848 1563/3532/1867
f 1491/3604/1935 1492/3605/1936 1567/3606/1842 1568/3607/1937
f 1499/3530/1865 1561/3533/1868 1560/3608/1863 1498/3609/1862
f 1528/3610/1925 1553/3574/1908 1552/3577/1911 1529/3571/1905
f 1496/3611/1938 1497/3525/1861 1565/3528/1864 1566/3612/1939
f 1490/3613/1940 1588/3564/1898 1592/3567/1901 1491/3604/1935
f 1530/3547/1882 1554/3586/1920 1555/3614/1941 1531/3548/1883
f 1535/3615/1942 1549/3616/1943 1548/3588/1922 1525/3617/1944
f 1523/3536/1871 1581/3618/1945 1583/3594/1926 1513/3551/1886
f 1522/3535/1870 1572/3619/1946 1581/3618/1945 1523/3536/1871
f 1492/3620/1936 1493/3621/1947 1569/3499/1843 1567/3498/1842
f 1518/3601/1933 1576/3546/1881 1577/3549/1884 1519/3622/1948
f 1568/3607/1937 1620/3568/1902 1611/3510/1850 1564/3509/1849
f 1547/3623/1949 1607/3624/1950 1597/3625/1951 1537/3589/1923
f 1614/3500/1844 1615/3538/1873 1506/3541/1876 1505/3626/1952
f 1545/3555/1890 1605/3627/1953 1606/3628/1954 1546/3556/1891
f 1495/3629/1955 1595/3630/1956 1590/3631/1957 1496/3611/1938
f 1498/3609/1862 1585/3534/1869 1584/3537/1872 1499/3530/1865
f 1598/3632/1878 1608/3633/1958 1599/3634/1879
f 1499/3530/1865 1584/3537/1872 1587/3550/1885 1489/3531/1866
f 1521/3635/1959 1573/3598/1930 1572/3636/1946 1522/3637/1870
f 1539/3545/1880 1599/3544/1879 1600/3638/1914 1540/3639/1909
f 1542/3585/1919 1602/3640/1960 1603/3641/1961 1543/3642/1962
f 1488/3643/1934 1490/3613/1940 1564/3509/1849 1562/3508/1848
f 1512/3644/1887 1582/3645/1927 1579/3560/1894 1514/3565/1899
f 1494/3646/1963 1495/3647/1955 1571/3579/1913 1570/3578/1912
f 1493/3621/1947 1494/3646/1963 1570/3578/1912 1569/3499/1843
f 1492/3620/1936 1591/3648/1964 1593/3649/1965 1493/3621/1947
f 1519/3650/1948 1577/3651/1884 1580/3596/1928 1520/3652/1966
f 1496/3611/1938 1566/3612/1939 1571/3653/1913 1495/3629/1955
f 1520/3652/1966 1580/3596/1928 1573/3598/1930 1521/3635/1959
f 1491/3604/1935 1592/3567/1901 1591/3654/1964 1492/3605/1936
f 1515/3566/1900 1578/3563/1897 1575/3655/1967 1516/3656/1968
f 1591/3648/1964 1516/3657/1968 1517/3600/1932 1593/3649/1965
f 1529/3571/1905 1552/3577/1911 1554/3586/1920 1530/3547/1882
f 1619/3658/1969 1612/3659/1970 1509/3516/1855 1508/3660/1971
f 1470/3524/1831 1483/3505/1847 1482/3503/1846 1465/3495/1839
f 1457/3518/1840 1484/3485/1836 1485/3487/1837 1461/3457/1821
f 1610/3511/1851 1611/3510/1850 1502/3569/1903 1500/3661/1972
f 1468/3523/1856 1487/3462/1811 1486/3464/1823 1466/3497/1841
f 1586/3662/1888 1512/3644/1887 1514/3565/1899 1588/3564/1898
f 1458/3482/1826 1480/3502/1802 1482/3503/1846 1467/3483/1834
f 1618/3663/1973 1610/3664/1851 1500/3665/1972 1501/3666/1974
f 1613/3501/1845 1614/3500/1844 1505/3626/1952 1504/3667/1857
f 1511/3668/1975 1632/3669/1976 1631/3670/1853 1510/3671/1852
f 1471/3431/1796 1474/3430/1795 1484/3529/1836 1486/3464/1823
f 1589/3558/1893 1521/3635/1959 1522/3637/1870 1585/3559/1869
f 1582/3645/1927 1524/3582/1916 1526/3561/1895 1579/3560/1894
f 1550/3672/1892 1546/3673/1891 1547/3623/1949 1549/3616/1943
f 1558/3599/1931 1544/3674/1977 1545/3555/1890 1551/3554/1889
f 1581/3618/1945 1535/3615/1942 1525/3617/1944 1583/3594/1926
f 1583/3594/1926 1525/3617/1944 1524/3675/1916 1582/3595/1927
f 1491/3604/1935 1568/3607/1937 1564/3509/1849 1490/3613/1940
f 1555/3676/1941 1543/3677/1962 1544/3674/1977 1558/3599/1931
f 1549/3616/1943 1547/3623/1949 1537/3589/1923 1548/3588/1922
f 1559/3583/1917 1536/3678/1924 1538/3542/1877 1557/3584/1918
f 1525/3617/1944 1548/3588/1922 1559/3591/1917 1524/3675/1916
f 1556/3587/1921 1539/3545/1880 1540/3639/1909 1553/3592/1908
f 1514/3565/1899 1579/3560/1894 1578/3563/1897 1515/3566/1900
f 1612/3659/1970 1609/3679/1978 1510/3513/1852 1509/3516/1855
f 1572/3619/1946 1534/3680/1907 1535/3615/1942 1581/3618/1945
f 1569/3499/1843 1570/3578/1912 1615/3538/1873 1614/3500/1844
f 1617/3681/1979 1618/3663/1973 1501/3666/1974 1511/3668/1975
f 1496/3611/1938 1590/3631/1957 1589/3558/1893 1497/3525/1861
f 1584/3537/1872 1523/3536/1871 1513/3551/1886 1587/3550/1885
f 1566/3612/1939 1565/3528/1864 1612/3659/1970 1619/3658/1969
f 1620/3568/1902 1613/3682/1845 1504/3519/1857 1503/3522/1860
f 1617/3681/1979 1511/3668/1975 1510/3671/1852 1609/3683/1978
f 1565/3528/1864 1560/3527/1863 1609/3679/1978 1612/3659/1970
f 1508/3660/1971 1629/3684/1980 1628/3685/1981 1507/3686/1875
f 1619/3658/1969 1508/3660/1971 1507/3686/1875 1616/3687/1874
f 1516/3657/1968 1575/3688/1967 1574/3570/1904 1517/3600/1932
f 1494/3646/1963 1594/3689/1982 1595/3690/1956 1495/3647/1955
f 1541/3576/1910 1601/3581/1915 1602/3640/1960 1542/3585/1919
f 1537/3589/1923 1597/3625/1951 1596/3691/1983 1536/3590/1924
f 1557/3584/1918 1538/3542/1877 1539/3545/1880 1556/3587/1921
f 1596/3692/1983 1597/3693/1951 1608/3633/1958
f 1488/3643/1934 1586/3662/1888 1588/3564/1898 1490/3613/1940
f 1536/3678/1924 1596/3694/1983 1598/3543/1878 1538/3542/1877
f 1489/3531/1866 1587/3550/1885 1586/3553/1888 1488/3602/1934
f 1493/3621/1947 1593/3649/1965 1594/3689/1982 1494/3646/1963
f 1544/3674/1977 1604/3695/1984 1605/3627/1953 1545/3555/1890
f 1603/3696/1961 1608/3633/1958 1604/3697/1984
f 1628/3698/1981 1629/3699/1980 1633/3700/1985
f 1602/3701/1960 1601/3702/1915 1608/3633/1958
f 1568/3607/1937 1567/3606/1842 1613/3682/1845 1620/3568/1902
f 1502/3569/1903 1623/3703/1986 1621/3704/1987 1500/3661/1972
f 1561/3533/1868 1563/3532/1867 1618/3663/1973 1617/3681/1979
f 1500/3665/1972 1621/3705/1987 1622/3706/1988 1501/3666/1974
f 1563/3532/1867 1562/3603/1848 1610/3664/1851 1618/3663/1973
f 1598/3632/1878 1596/3692/1983 1608/3633/1958
f 1543/3677/1962 1603/3707/1961 1604/3695/1984 1544/3674/1977
f 1622/3708/1988 1633/3700/1985 1632/3709/1976
f 1631/3710/1853 1632/3709/1976 1633/3700/1985
f 1630/3711/1854 1633/3700/1985 1629/3699/1980
f 1603/3696/1961 1602/3701/1960 1608/3633/1958
f 1597/3693/1951 1607/3712/1950 1608/3633/1958
f 1509/3516/1855 1630/3515/1854 1629/3684/1980 1508/3660/1971
f 1600/3713/1914 1599/3634/1879 1608/3633/1958
f 1546/3673/1891 1606/3714/1954 1607/3624/1950 1547/3623/1949
f 1534/3680/1907 1550/3672/1892 1549/3616/1943 1535/3615/1942
f 1605/3715/1953 1604/3697/1984 1608/3633/1958
f 1561/3533/1868 1617/3681/1979 1609/3683/1978 1560/3608/1863
f 1606/3716/1954 1605/3715/1953 1608/3633/1958
f 1601/3702/1915 1600/3713/1914 1608/3633/1958
f 1501/3666/1974 1622/3706/1988 1632/3669/1976 1511/3668/1975
f 1606/3716/1954 1608/3633/1958 1607/3712/1950
f 1577/3651/1884 1531/3717/1883 1532/3597/1929 1580/3596/1928
f 1578/3563/1897 1527/3562/1896 1528/3593/1925 1575/3655/1967
f 1590/3631/1957 1520/3652/1966 1521/3635/1959 1589/3558/1893
f 1531/3717/1883 1555/3676/1941 1558/3599/1931 1532/3597/1929
f 1595/3630/1956 1519/3650/1948 1520/3652/1966 1590/3631/1957
f 1593/3649/1965 1517/3600/1932 1518/3601/1933 1594/3689/1982
f 1592/3567/1901 1515/3566/1900 1516/3656/1968 1591/3654/1964
f 1554/3586/1920 1542/3585/1919 1543/3642/1962 1555/3614/1941
f 1573/3598/1930 1533/3572/1906 1534/3573/1907 1572/3636/1946
f 1594/3689/1982 1518/3601/1933 1519/3622/1948 1595/3690/1956
f 1575/3688/1967 1528/3610/1925 1529/3571/1905 1574/3570/1904
f 1566/3612/1939 1619/3658/1969 1616/3687/1874 1571/3653/1913
f 1626/3718/1989 1633/3700/1985 1625/3719/1858
f 1627/3720/1990 1633/3700/1985 1626/3718/1989
f 1628/3698/1981 1633/3700/1985 1627/3720/1990
f 1651/3721/1991 1749/3722/1992 1649/3723/1993 1639/3724/1994
f 1722/3725/1995 1733/3726/1996 1732/3727/1997 1721/3728/1998
f 1726/3729/1999 1737/3730/2000 1736/3731/2001 1725/3732/2002
f 1723/3733/2003 1734/3734/2004 1733/3726/1996 1722/3725/1995
f 1506/3541/1876 1627/3735/1990 1626/3736/1989 1505/3626/1952
f 1503/3522/1860 1624/3521/1859 1623/3703/1986 1502/3569/1903
f 1507/3540/1875 1628/3737/1981 1627/3735/1990 1506/3541/1876
f 1505/3626/1952 1626/3736/1989 1625/3738/1858 1504/3667/1857
f 1631/3710/1853 1633/3700/1985 1630/3711/1854
f 1656/3739/2005 1667/3740/2006 1666/3741/2007 1655/3742/2008
f 1761/3743/2009 1641/3744/2010 1640/3745/2011 1635/3746/2012
f 1649/3723/1993 1768/3747/2013 1634/3748/2014 1638/3749/2015
f 1732/3750/1997 1743/3751/2016 1742/3752/2017 1731/3753/2018
f 1642/3754/2019 1654/3755/2020 1653/3756/2021 1641/3744/2010
f 1765/3757/2022 1646/3758/2023 1645/3759/2024 1764/3760/2025
f 1706/3761/2026 1694/3762/2027 1705/3763/2028 1695/3764/2029
f 1636/3765/2030 1642/3754/2019 1641/3744/2010 1761/3743/2009
f 1724/3766/2031 1735/3767/2032 1734/3734/2004 1723/3733/2003
f 1635/3746/2012 1640/3745/2011 1639/3724/1994 1760/3768/2033
f 1767/3769/2034 1660/3770/2035 1648/3771/2036
f 1643/3772/2037 1655/3742/2008 1654/3773/2020 1642/3774/2019
f 1749/3722/1992 1778/3775/2038 1768/3747/2013 1649/3723/1993
f 1623/3776/1986 1624/3777/1859 1633/3700/1985
f 1763/3778/2039 1644/3779/2040 1643/3772/2037 1762/3780/2041
f 1731/3781/2018 1742/3782/2017 1741/3783/2042 1730/3784/2043
f 1762/3780/2041 1643/3772/2037 1642/3774/2019 1636/3785/2030
f 1623/3776/1986 1633/3700/1985 1621/3786/1987
f 1625/3719/1858 1633/3700/1985 1624/3777/1859
f 1664/3787/2044 1675/3788/2045 1674/3789/2046 1663/3790/2047
f 1637/3791/2048 1647/3792/2049 1646/3758/2023 1765/3757/2022
f 1621/3786/1987 1633/3700/1985 1622/3708/1988
f 1648/3771/2036 1660/3770/2035 1659/3793/2050 1647/3792/2049
f 1766/3794/2051 1648/3771/2036 1647/3792/2049 1637/3791/2048
f 1658/3795/2052 1669/3796/2053 1668/3797/2054 1657/3798/2055
f 1657/3798/2055 1668/3797/2054 1667/3740/2006 1656/3739/2005
f 1736/3799/2001 1747/3800/2056 1746/3801/2057 1735/3802/2032
f 1652/3803/2058 1663/3804/2047 1662/3805/2059 1651/3721/1991
f 1647/3792/2049 1659/3793/2050 1658/3795/2052 1646/3758/2023
f 1752/3806/2060 1761/3807/2009 1635/3808/2012 1751/3809/2061
f 1719/3810/2062 1730/3811/2043 1729/3812/2063 1718/3813/2064
f 1666/3814/2007 1677/3815/2065 1676/3816/2066 1665/3817/2067
f 1705/3818/2028 1774/3819/2068 1775/3820/2069 1716/3821/2070
f 1758/3822/2071 1637/3823/2048 1765/3824/2022 1757/3825/2072
f 1660/3770/2035 1671/3826/2073 1670/3827/2074 1659/3793/2050
f 1670/3828/2074 1681/3829/2075 1680/3830/2076 1669/3831/2053
f 1741/3783/2042 1752/3806/2060 1751/3809/2061 1740/3832/2077
f 1742/3782/2017 1753/3833/2078 1752/3806/2060 1741/3783/2042
f 1702/3834/2079 1713/3835/2080 1712/3836/2081 1701/3837/2082
f 1668/3838/2054 1679/3839/2083 1678/3840/2084 1667/3841/2006
f 1728/3842/2085 1672/3843/2086 1683/3844/2087 1717/3845/2088
f 1760/3846/2033 1638/3847/2015 1650/3848/2089 1750/3849/2090
f 1754/3850/2091 1762/3851/2041 1636/3852/2030 1753/3853/2078
f 1700/3854/2092 1711/3855/2093 1710/3856/2094 1699/3857/2095
f 1716/3821/2070 1775/3820/2069 1776/3858/2096 1727/3859/2097
f 1739/3860/2098 1661/3861/2099 1672/3862/2086 1728/3863/2085
f 1696/3864/2100 1707/3865/2101 1706/3761/2026 1695/3764/2029
f 1703/3866/2102 1714/3867/2103 1713/3835/2080 1702/3834/2079
f 1715/3868/2104 1726/3729/1999 1725/3732/2002 1714/3867/2103
f 1712/3836/2081 1723/3733/2003 1722/3725/1995 1711/3855/2093
f 1740/3832/2077 1751/3809/2061 1750/3849/2090 1739/3860/2098
f 1767/3869/2034 1715/3868/2104 1704/3870/2105
f 1729/3871/2063 1740/3832/2077 1739/3860/2098 1728/3863/2085
f 1701/3837/2082 1712/3836/2081 1711/3855/2093 1700/3854/2092
f 1746/3801/2057 1757/3825/2072 1756/3872/2106 1745/3873/2107
f 1743/3751/2016 1754/3850/2091 1753/3853/2078 1742/3752/2017
f 1755/3874/2108 1763/3875/2039 1762/3851/2041 1754/3850/2091
f 1704/3870/2105 1715/3868/2104 1714/3867/2103 1703/3866/2102
f 1687/3876/2109 1698/3877/2110 1697/3878/2111 1686/3879/2112
f 1751/3809/2061 1635/3808/2012 1760/3846/2033 1750/3849/2090
f 1677/3815/2065 1688/3880/2113 1687/3881/2109 1676/3816/2066
f 1744/3882/2114 1755/3874/2108 1754/3850/2091 1743/3751/2016
f 1767/3883/2034 1759/3884/2115 1748/3885/2116
f 1661/3861/2099 1770/3886/2117 1771/3887/2118 1672/3862/2086
f 1692/3888/2119 1703/3889/2102 1702/3890/2079 1691/3891/2120
f 1748/3885/2116 1759/3884/2115 1758/3822/2071 1747/3800/2056
f 1676/3892/2066 1687/3876/2109 1686/3879/2112 1675/3788/2045
f 1745/3873/2107 1756/3872/2106 1755/3874/2108 1744/3882/2114
f 1727/3859/2097 1776/3858/2096 1777/3893/2121 1738/3894/2122
f 1767/3883/2034 1766/3895/2051 1759/3884/2115
f 1688/3880/2113 1699/3896/2095 1698/3897/2110 1687/3881/2109
f 1711/3855/2093 1722/3725/1995 1721/3728/1998 1710/3856/2094
f 1767/3769/2034 1671/3826/2073 1660/3770/2035
f 1655/3742/2008 1666/3741/2007 1665/3898/2067 1654/3773/2020
f 1675/3788/2045 1686/3879/2112 1685/3899/2123 1674/3789/2046
f 1659/3793/2050 1670/3827/2074 1669/3796/2053 1658/3795/2052
f 1767/3869/2034 1726/3729/1999 1715/3868/2104
f 1669/3831/2053 1680/3830/2076 1679/3839/2083 1668/3838/2054
f 1681/3829/2075 1692/3888/2119 1691/3891/2120 1680/3830/2076
f 1695/3900/2029 1705/3818/2028 1716/3821/2070 1684/3901/2124
f 1663/3790/2047 1674/3789/2046 1673/3902/2125 1662/3903/2059
f 1650/3848/2089 1769/3904/2126 1770/3886/2117 1661/3861/2099
f 1686/3879/2112 1697/3878/2111 1696/3905/2100 1685/3899/2123
f 1646/3758/2023 1658/3795/2052 1657/3798/2055 1645/3759/2024
f 1678/3840/2084 1689/3906/2127 1688/3880/2113 1677/3815/2065
f 1767/3907/2034 1682/3908/2128 1671/3909/2073
f 1738/3910/2122 1777/3911/2121 1778/3775/2038 1749/3722/1992
f 1689/3906/2127 1700/3912/2092 1699/3896/2095 1688/3880/2113
f 1638/3847/2015 1634/3913/2014 1769/3904/2126 1650/3848/2089
f 1685/3899/2123 1696/3905/2100 1695/3900/2029 1684/3901/2124
f 1654/3755/2020 1665/3914/2067 1664/3915/2044 1653/3756/2021
f 1693/3916/2129 1704/3917/2105 1703/3889/2102 1692/3888/2119
f 1757/3825/2072 1765/3824/2022 1764/3918/2025 1756/3872/2106
f 1674/3789/2046 1685/3899/2123 1684/3901/2124 1673/3902/2125
f 1640/3745/2011 1652/3803/2058 1651/3721/1991 1639/3724/1994
f 1653/3756/2021 1664/3915/2044 1663/3804/2047 1652/3803/2058
f 1665/3919/2067 1676/3892/2066 1675/3788/2045 1664/3787/2044
f 1698/3920/2110 1709/3921/2130 1708/3922/2131 1697/3923/2111
f 1767/3907/2034 1693/3916/2129 1682/3908/2128
f 1682/3908/2128 1693/3916/2129 1692/3888/2119 1681/3829/2075
f 1714/3867/2103 1725/3732/2002 1724/3766/2031 1713/3835/2080
f 1680/3830/2076 1691/3891/2120 1690/3924/2132 1679/3839/2083
f 1691/3891/2120 1702/3890/2079 1701/3925/2082 1690/3924/2132
f 1684/3901/2124 1716/3821/2070 1727/3859/2097 1673/3902/2125
f 1730/3784/2043 1741/3783/2042 1740/3832/2077 1729/3871/2063
f 1671/3909/2073 1682/3908/2128 1681/3829/2075 1670/3828/2074
f 1679/3839/2083 1690/3924/2132 1689/3906/2127 1678/3840/2084
f 1699/3857/2095 1710/3856/2094 1709/3926/2130 1698/3927/2110
f 1737/3928/2000 1748/3885/2116 1747/3800/2056 1736/3799/2001
f 1644/3779/2040 1656/3739/2005 1655/3742/2008 1643/3772/2037
f 1709/3921/2130 1720/3929/2133 1719/3810/2062 1708/3922/2131
f 1697/3923/2111 1708/3922/2131 1707/3865/2101 1696/3864/2100
f 1725/3732/2002 1736/3731/2001 1735/3767/2032 1724/3766/2031
f 1672/3843/2086 1771/3930/2118 1772/3931/2134 1683/3844/2087
f 1690/3924/2132 1701/3925/2082 1700/3912/2092 1689/3906/2127
f 1662/3805/2059 1738/3910/2122 1749/3722/1992 1651/3721/1991
f 1767/3907/2034 1704/3917/2105 1693/3916/2129
f 1721/3728/1998 1732/3727/1997 1731/3932/2018 1720/3933/2133
f 1639/3724/1994 1649/3723/1993 1638/3749/2015 1760/3768/2033
f 1708/3922/2131 1719/3810/2062 1718/3813/2064 1707/3865/2101
f 1673/3902/2125 1727/3859/2097 1738/3894/2122 1662/3903/2059
f 1717/3845/2088 1683/3844/2087 1694/3762/2027 1706/3761/2026
f 1750/3849/2090 1650/3848/2089 1661/3861/2099 1739/3860/2098
f 1710/3856/2094 1721/3728/1998 1720/3933/2133 1709/3926/2130
f 1813/3934/2135 1812/3935/2136 1796/3936/2137 1802/3937/2138
f 1764/3760/2025 1645/3759/2024 1644/3779/2040 1763/3778/2039
f 1767/3883/2034 1748/3885/2116 1737/3928/2000
f 1734/3938/2004 1745/3873/2107 1744/3882/2114 1733/3939/1996
f 1773/3940/2139 1785/3941/2140 1786/3942/2141 1774/3943/2068
f 1747/3800/2056 1758/3822/2071 1757/3825/2072 1746/3801/2057
f 1735/3802/2032 1746/3801/2057 1745/3873/2107 1734/3938/2004
f 1720/3929/2133 1731/3944/2018 1730/3811/2043 1719/3810/2062
f 1777/3945/2121 1789/3946/2142 1790/3947/2143 1778/3948/2038
f 1667/3841/2006 1678/3840/2084 1677/3815/2065 1666/3814/2007
f 1775/3949/2069 1787/3950/2144 1788/3951/2145 1776/3952/2096
f 1641/3744/2010 1653/3756/2021 1652/3803/2058 1640/3745/2011
f 1713/3835/2080 1724/3766/2031 1723/3733/2003 1712/3836/2081
f 1694/3762/2027 1773/3953/2139 1774/3954/2068 1705/3763/2028
f 1683/3844/2087 1772/3931/2134 1773/3953/2139 1694/3762/2027
f 1718/3813/2064 1729/3812/2063 1728/3842/2085 1717/3845/2088
f 1767/3769/2034 1648/3771/2036 1766/3794/2051
f 1733/3939/1996 1744/3882/2114 1743/3751/2016 1732/3750/1997
f 1772/3955/2134 1784/3956/2146 1785/3941/2140 1773/3940/2139
f 1645/3759/2024 1657/3798/2055 1656/3739/2005 1644/3779/2040
f 1767/3869/2034 1737/3730/2000 1726/3729/1999
f 1778/3948/2038 1790/3947/2143 1780/3957/2147 1768/3958/2013
f 1816/3959/2148 1811/3960/2149 1798/3961/2150 1804/3962/2151
f 1771/3963/2118 1783/3964/2152 1784/3956/2146 1772/3955/2134
f 1814/3965/2153 1810/3966/2154 1794/3967/2155 1800/3968/2156
f 1634/3969/2014 1779/3970/2157 1781/3971/2158 1769/3972/2126
f 1707/3865/2101 1718/3813/2064 1717/3845/2088 1706/3761/2026
f 1770/3973/2117 1782/3974/2159 1783/3964/2152 1771/3963/2118
f 1811/3960/2149 1813/3934/2135 1802/3937/2138 1798/3961/2150
f 1774/3975/2068 1786/3942/2141 1787/3950/2144 1775/3949/2069
f 1753/3833/2078 1636/3976/2030 1761/3807/2009 1752/3806/2060
f 1768/3958/2013 1780/3957/2147 1779/3970/2157 1634/3977/2014
f 1797/3978/2160 1801/3979/2161 1813/3934/2135 1811/3960/2149
f 1793/3980/2162 1803/3981/2163 1816/3982/2148 1810/3966/2154
f 1826/3983/2164 1821/3984/2165 1820/3985/2166 1828/3986/2167
f 1823/3987/2168 1818/3988/2169 1817/3989/2170 1825/3990/2171
f 1805/3991/2172 1791/3992/2173 1809/3993/2174 1815/3994/2175
f 1800/3968/2156 1826/3983/2164 1828/3986/2167 1792/3995/2176
f 1802/3937/2138 1825/3990/2171 1827/3996/2177 1807/3997/2178
f 1810/3966/2154 1816/3982/2148 1804/3998/2151 1794/3967/2155
f 1791/3999/2173 1799/4000/2179 1814/3965/2153 1809/4001/2174
f 1808/4002/2180 1805/4003/2172 1795/4004/2181 1801/3979/2161
f 1815/3994/2175 1809/3993/2174 1792/4005/2176 1806/4006/2182
f 1801/3979/2161 1795/4004/2181 1812/3935/2136 1813/3934/2135
f 1812/4007/2136 1815/4008/2175 1806/4009/2182 1796/4010/2137
f 1804/3998/2151 1807/4011/2178 1800/3968/2156 1794/3967/2155
f 1803/4012/2163 1797/3978/2160 1811/3960/2149 1816/3959/2148
f 1824/4013/2183 1819/4014/2184 1818/4015/2169 1823/4016/2168
f 1769/3972/2126 1781/3971/2158 1782/3974/2159 1770/3973/2117
f 1799/4000/2179 1793/3980/2162 1810/3966/2154 1814/3965/2153
f 1756/3872/2106 1764/3918/2025 1763/3875/2039 1755/3874/2108
f 1825/3990/2171 1817/3989/2170 1822/4017/2185 1827/3996/2177
f 1776/3952/2096 1788/3951/2145 1789/3946/2142 1777/3945/2121
f 1822/4018/2185 1819/4019/2184 1820/3985/2166 1821/3984/2165
f 1798/3961/2150 1802/3937/2138 1807/3997/2178 1804/3962/2151
f 1759/3884/2115 1766/3895/2051 1637/3823/2048 1758/3822/2071
f 1793/3980/2162 1799/4000/2179 1808/4020/2180 1803/3981/2163
f 1827/4021/2177 1822/4018/2185 1821/3984/2165 1826/3983/2164
f 1792/4005/2176 1828/4022/2167 1824/4023/2183 1806/4006/2182
f 1817/3989/2170 1818/3988/2169 1819/4024/2184 1822/4017/2185
f 1806/4009/2182 1824/4013/2183 1823/4016/2168 1796/4010/2137
f 1807/4011/2178 1827/4021/2177 1826/3983/2164 1800/3968/2156
f 1796/3936/2137 1823/3987/2168 1825/3990/2171 1802/3937/2138
f 1809/4001/2174 1814/3965/2153 1800/3968/2156 1792/3995/2176
f 1803/4012/2163 1808/4002/2180 1801/3979/2161 1797/3978/2160
f 1799/4000/2179 1791/3999/2173 1805/4025/2172 1808/4020/2180
f 1795/4026/2181 1805/4027/2172 1815/4008/2175 1812/4007/2136
f 1828/4022/2167 1820/4028/2166 1819/4029/2184 1824/4023/2183
f 1788/3951/2145 1787/3950/2144 1786/3942/2141 1785/3941/2140 1784/3956/2146 1783/3964/2152 1782/3974/2159 1781/3971/2158 1779/3970/2157 1780/3957/2147 1790/3947/2143 1789/3946/2142
f 1845/4030/2186 1866/4031/2187 1863/4032/2188 1854/4033/2189
f 1839/4034/2190 1840/4035/2191 1836/4036/2192 1832/4037/2193
f 1872/4038/2194 1873/4039/2195 1851/4040/2196 1848/4041/2197
f 1861/4042/2198 1836/4036/2192 1840/4035/2191 1871/4043/2199
f 1833/4044/2200 1855/4045/2201 1867/4046/2202
f 1879/4047/2203 1844/4048/2204 1837/4049/2205 1864/4050/2206
f 1847/4051/2207 1848/4041/2197 1851/4040/2196 1846/4052/2208
f 1841/4053/2209 1830/4054/2210 1851/4040/2196 1873/4039/2195
f 1831/4055/2211 1839/4056/2190 1869/4057/2212 1853/4058/2213
f 1847/4059/2207 1846/4060/2208 1867/4061/2202 1856/4062/2214
f 1879/4063/2203 1864/4064/2206 1863/4032/2188 1878/4065/2215
f 1868/4066/2216 1869/4057/2212 1852/4067/2217 1850/4068/2218
f 1832/4069/2193 1841/4053/2209 1873/4039/2195 1852/4067/2217
f 1837/4049/2205 1844/4048/2204 1843/4070/2219 1838/4071/2220
f 1830/4072/2210 1834/4073/2221 1833/4044/2200 1829/4074/2222
f 1855/4045/2201 1833/4044/2200 1834/4073/2221 1862/4075/2223
f 1865/4076/2224 1845/4077/2186 1838/4078/2220
f 1832/4037/2193 1836/4036/2192 1842/4079/2225 1841/4080/2209
f 1839/4056/2190 1832/4069/2193 1852/4067/2217 1869/4057/2212
f 1829/4081/2222 1846/4052/2208 1851/4040/2196 1830/4054/2210
f 1868/4082/2216 1850/4083/2218 1859/4084/2226 1870/4085/2227
f 1876/4086/2228 1866/4087/2187 1865/4076/2224 1877/4088/2229
f 1843/4089/2219 1877/4088/2229 1865/4076/2224 1838/4078/2220
f 1845/4090/2186 1854/4091/2189 1837/4049/2205 1838/4071/2220
f 1844/4048/2204 1835/4092/2230 1831/4093/2211 1843/4070/2219
f 1829/4074/2222 1833/4044/2200 1867/4046/2202 1846/4094/2208
f 1848/4095/2197 1847/4059/2207 1856/4062/2214 1857/4096/2231
f 1849/4097/2232 1868/4082/2216 1870/4085/2227 1858/4098/2233
f 1959/4099/2234 1961/4100/2235 2006/4101/2236 2005/4102/2237
f 1837/4049/2205 1854/4091/2189 1864/4050/2206
f 1872/4103/2194 1848/4095/2197 1857/4096/2231 1874/4104/2238
f 1841/4080/2209 1842/4079/2225 1834/4073/2221 1830/4072/2210
f 1862/4075/2223 1834/4073/2221 1842/4079/2225 1875/4105/2239
f 1875/4106/2239 1861/4107/2198 1859/4084/2226 1874/4104/2238
f 1831/4055/2211 1853/4058/2213 1877/4088/2229 1843/4089/2219
f 1850/4068/2218 1852/4067/2217 1873/4039/2195 1872/4038/2194
f 1856/4062/2214 1867/4061/2202 1855/4108/2201
f 1954/4109/2240 1956/4110/2241 2003/4111/2242 2002/4112/2243
f 1861/4107/2198 1871/4113/2199 1870/4085/2227 1859/4084/2226
f 1902/4114/2244 2023/4115/2245 2022/4116/2246 1901/4117/2247
f 1875/4105/2239 1842/4079/2225 1836/4036/2192 1861/4042/2198
f 1871/4043/2199 1840/4035/2191 1835/4092/2230 1860/4118/2248
f 1849/4119/2232 1853/4058/2213 1869/4057/2212 1868/4066/2216
f 1896/4120/2249 2017/4121/2250 2016/4122/2251 1895/4123/2252
f 1863/4032/2188 1864/4064/2206 1854/4033/2189
f 1860/4118/2248 1835/4092/2230 1844/4048/2204 1879/4047/2203
f 1871/4113/2199 1860/4124/2248 1858/4098/2233 1870/4085/2227
f 1855/4108/2201 1862/4125/2223 1857/4096/2231 1856/4062/2214
f 1865/4076/2224 1866/4087/2187 1845/4077/2186
f 1889/4126/2253 1890/4127/2254 1952/4128/2255 1957/4129/2256
f 1878/4065/2215 1876/4130/2228 1849/4097/2232 1858/4098/2233
f 1831/4093/2211 1835/4092/2230 1840/4035/2191 1839/4034/2190
f 1891/4131/2257 1881/4132/2258 1955/4133/2259 1953/4134/2260
f 1977/4135/2261 1914/4136/2262 1915/4137/2263 1976/4138/2264
f 2007/4139/2265 2008/4140/2266 1899/4141/2267 1898/4142/2268
f 1930/4143/2269 1990/4144/2270 1991/4145/2271 1931/4146/2272
f 1968/4147/2273 1922/4148/2274 1923/4149/2275 1969/4150/2276
f 1979/4151/2277 1905/4152/2278 1904/4153/2279 1978/4154/2280
f 1943/4155/2281 1937/4156/2282 1938/4157/2283 1942/4158/2284
f 1889/4126/2253 1981/4159/2285 1977/4160/2261 1890/4127/2254
f 1971/4161/2286 1918/4162/2287 1919/4163/2288 1970/4164/2289
f 1980/4165/2290 1906/4166/2291 1907/4167/2292 1984/4168/2293
f 2012/4169/2294 1895/4123/2252 1894/4170/2295 2003/4111/2242
f 1966/4171/2296 1921/4172/2297 1922/4148/2274 1968/4147/2273
f 1925/4173/2298 1943/4155/2281 1942/4158/2284 1926/4174/2299
f 1945/4175/2300 1932/4176/2301 1933/4177/2302 1944/4178/2303
f 1962/4179/2304 1963/4180/2305 2008/4140/2266 2007/4139/2265
f 1932/4176/2301 1992/4181/2306 1993/4182/2307 1933/4177/2302
f 1916/4183/2308 1951/4184/2309 1949/4185/2310 1918/4162/2287
f 1944/4178/2303 1933/4177/2302 1934/4186/2311 1946/4187/2312
f 1918/4162/2287 1949/4185/2310 1948/4188/2313 1919/4163/2288
f 1940/4189/2314 1929/4190/2315 1928/4191/2316 1951/4192/2309
f 1919/4163/2288 1948/4188/2313 1945/4193/2300 1920/4194/2317
f 1905/4152/2278 1975/4195/2318 1974/4196/2319 1904/4153/2279
f 1972/4197/2320 1924/4198/2321 1925/4173/2298 1965/4199/2322
f 1924/4198/2321 1950/4200/2323 1943/4155/2281 1925/4173/2298
f 1909/4201/2324 1966/4171/2296 1968/4147/2273 1910/4202/2325
f 1881/4132/2258 1880/4203/2326 1954/4204/2240 1955/4133/2259
f 1883/4205/2327 1884/4206/2328 1959/4207/2234 1960/4208/2329
f 1891/4131/2257 1953/4134/2260 1952/4209/2255 1890/4210/2254
f 1920/4211/2317 1945/4175/2300 1944/4178/2303 1921/4172/2297
f 1888/4212/2330 1889/4126/2253 1957/4129/2256 1958/4213/2331
f 1882/4214/2332 1980/4165/2290 1984/4168/2293 1883/4205/2327
f 1922/4148/2274 1946/4187/2312 1947/4215/2333 1923/4149/2275
f 1927/4216/2334 1941/4217/2335 1940/4189/2314 1917/4218/2336
f 1915/4137/2263 1973/4219/2337 1975/4195/2318 1905/4152/2278
f 1914/4136/2262 1964/4220/2338 1973/4219/2337 1915/4137/2263
f 1884/4221/2328 1885/4222/2339 1961/4100/2235 1959/4099/2234
f 1910/4202/2325 1968/4147/2273 1969/4150/2276 1911/4223/2340
f 1960/4208/2329 2012/4169/2294 2003/4111/2242 1956/4110/2241
f 1939/4224/2341 1999/4225/2342 1989/4226/2343 1929/4190/2315
f 2006/4101/2236 2007/4139/2265 1898/4142/2268 1897/4227/2344
f 1937/4156/2282 1997/4228/2345 1998/4229/2346 1938/4157/2283
f 1887/4230/2347 1987/4231/2348 1982/4232/2349 1888/4212/2330
f 1890/4210/2254 1977/4135/2261 1976/4138/2264 1891/4131/2257
f 1990/4233/2270 2000/4234/2350 1991/4235/2271
f 1891/4131/2257 1976/4138/2264 1979/4151/2277 1881/4132/2258
f 1913/4236/2351 1965/4199/2322 1964/4237/2338 1914/4238/2262
f 1931/4146/2272 1991/4145/2271 1992/4239/2306 1932/4240/2301
f 1934/4186/2311 1994/4241/2352 1995/4242/2353 1935/4243/2354
f 1880/4244/2326 1882/4214/2332 1956/4110/2241 1954/4109/2240
f 1904/4245/2279 1974/4246/2319 1971/4161/2286 1906/4166/2291
f 1886/4247/2355 1887/4248/2347 1963/4180/2305 1962/4179/2304
f 1885/4222/2339 1886/4247/2355 1962/4179/2304 1961/4100/2235
f 1884/4221/2328 1983/4249/2356 1985/4250/2357 1885/4222/2339
f 1911/4251/2340 1969/4252/2276 1972/4197/2320 1912/4253/2358
f 1888/4212/2330 1958/4213/2331 1963/4254/2305 1887/4230/2347
f 1912/4253/2358 1972/4197/2320 1965/4199/2322 1913/4236/2351
f 1883/4205/2327 1984/4168/2293 1983/4255/2356 1884/4206/2328
f 1907/4167/2292 1970/4164/2289 1967/4256/2359 1908/4257/2360
f 1983/4249/2356 1908/4258/2360 1909/4201/2324 1985/4250/2357
f 1921/4172/2297 1944/4178/2303 1946/4187/2312 1922/4148/2274
f 2011/4259/2361 2004/4260/2362 1901/4117/2247 1900/4261/2363
f 1862/4125/2223 1875/4106/2239 1874/4104/2238 1857/4096/2231
f 1849/4119/2232 1876/4086/2228 1877/4088/2229 1853/4058/2213
f 2002/4112/2243 2003/4111/2242 1894/4170/2295 1892/4262/2364
f 1860/4124/2248 1879/4063/2203 1878/4065/2215 1858/4098/2233
f 1978/4263/2280 1904/4245/2279 1906/4166/2291 1980/4165/2290
f 1850/4083/2218 1872/4103/2194 1874/4104/2238 1859/4084/2226
f 2010/4264/2365 2002/4265/2243 1892/4266/2364 1893/4267/2366
f 2005/4102/2237 2006/4101/2236 1897/4227/2344 1896/4268/2249
f 1903/4269/2367 2024/4270/2368 2023/4271/2245 1902/4272/2244
f 1863/4032/2188 1866/4031/2187 1876/4130/2228 1878/4065/2215
f 1981/4159/2285 1913/4236/2351 1914/4238/2262 1977/4160/2261
f 1974/4246/2319 1916/4183/2308 1918/4162/2287 1971/4161/2286
f 1942/4273/2284 1938/4274/2283 1939/4224/2341 1941/4217/2335
f 1950/4200/2323 1936/4275/2369 1937/4156/2282 1943/4155/2281
f 1973/4219/2337 1927/4216/2334 1917/4218/2336 1975/4195/2318
f 1975/4195/2318 1917/4218/2336 1916/4276/2308 1974/4196/2319
f 1883/4205/2327 1960/4208/2329 1956/4110/2241 1882/4214/2332
f 1947/4277/2333 1935/4278/2354 1936/4275/2369 1950/4200/2323
f 1941/4217/2335 1939/4224/2341 1929/4190/2315 1940/4189/2314
f 1951/4184/2309 1928/4279/2316 1930/4143/2269 1949/4185/2310
f 1917/4218/2336 1940/4189/2314 1951/4192/2309 1916/4276/2308
f 1948/4188/2313 1931/4146/2272 1932/4240/2301 1945/4193/2300
f 1906/4166/2291 1971/4161/2286 1970/4164/2289 1907/4167/2292
f 2004/4260/2362 2001/4280/2370 1902/4114/2244 1901/4117/2247
f 1964/4220/2338 1926/4281/2299 1927/4216/2334 1973/4219/2337
f 1961/4100/2235 1962/4179/2304 2007/4139/2265 2006/4101/2236
f 2009/4282/2371 2010/4264/2365 1893/4267/2366 1903/4269/2367
f 1888/4212/2330 1982/4232/2349 1981/4159/2285 1889/4126/2253
f 1976/4138/2264 1915/4137/2263 1905/4152/2278 1979/4151/2277
f 1958/4213/2331 1957/4129/2256 2004/4260/2362 2011/4259/2361
f 2012/4169/2294 2005/4283/2237 1896/4120/2249 1895/4123/2252
f 2009/4282/2371 1903/4269/2367 1902/4272/2244 2001/4284/2370
f 1957/4129/2256 1952/4128/2255 2001/4280/2370 2004/4260/2362
f 1900/4261/2363 2021/4285/2372 2020/4286/2373 1899/4287/2267
f 2011/4259/2361 1900/4261/2363 1899/4287/2267 2008/4288/2266
f 1908/4258/2360 1967/4289/2359 1966/4171/2296 1909/4201/2324
f 1886/4247/2355 1986/4290/2374 1987/4291/2348 1887/4248/2347
f 1933/4177/2302 1993/4182/2307 1994/4241/2352 1934/4186/2311
f 1929/4190/2315 1989/4226/2343 1988/4292/2375 1928/4191/2316
f 1949/4185/2310 1930/4143/2269 1931/4146/2272 1948/4188/2313
f 1988/4293/2375 1989/4294/2343 2000/4234/2350
f 1880/4244/2326 1978/4263/2280 1980/4165/2290 1882/4214/2332
f 1928/4279/2316 1988/4295/2375 1990/4144/2270 1930/4143/2269
f 1881/4132/2258 1979/4151/2277 1978/4154/2280 1880/4203/2326
f 1885/4222/2339 1985/4250/2357 1986/4290/2374 1886/4247/2355
f 1936/4275/2369 1996/4296/2376 1997/4228/2345 1937/4156/2282
f 1995/4297/2353 2000/4234/2350 1996/4298/2376
f 2020/4299/2373 2021/4300/2372 2025/4301/2377
f 1994/4302/2352 1993/4303/2307 2000/4234/2350
f 1960/4208/2329 1959/4207/2234 2005/4283/2237 2012/4169/2294
f 1894/4170/2295 2015/4304/2378 2013/4305/2379 1892/4262/2364
f 1953/4134/2260 1955/4133/2259 2010/4264/2365 2009/4282/2371
f 1892/4266/2364 2013/4306/2379 2014/4307/2380 1893/4267/2366
f 1955/4133/2259 1954/4204/2240 2002/4265/2243 2010/4264/2365
f 1990/4233/2270 1988/4293/2375 2000/4234/2350
f 1935/4278/2354 1995/4308/2353 1996/4296/2376 1936/4275/2369
f 2014/4309/2380 2025/4301/2377 2024/4310/2368
f 2023/4311/2245 2024/4310/2368 2025/4301/2377
f 2022/4312/2246 2025/4301/2377 2021/4300/2372
f 1995/4297/2353 1994/4302/2352 2000/4234/2350
f 1989/4294/2343 1999/4313/2342 2000/4234/2350
f 1901/4117/2247 2022/4116/2246 2021/4285/2372 1900/4261/2363
f 1992/4314/2306 1991/4235/2271 2000/4234/2350
f 1938/4274/2283 1998/4315/2346 1999/4225/2342 1939/4224/2341
f 1926/4281/2299 1942/4273/2284 1941/4217/2335 1927/4216/2334
f 1997/4316/2345 1996/4298/2376 2000/4234/2350
f 1953/4134/2260 2009/4282/2371 2001/4284/2370 1952/4209/2255
f 1998/4317/2346 1997/4316/2345 2000/4234/2350
f 1993/4303/2307 1992/4314/2306 2000/4234/2350
f 1893/4267/2366 2014/4307/2380 2024/4270/2368 1903/4269/2367
f 1998/4317/2346 2000/4234/2350 1999/4313/2342
f 1969/4252/2276 1923/4318/2275 1924/4198/2321 1972/4197/2320
f 1970/4164/2289 1919/4163/2288 1920/4194/2317 1967/4256/2359
f 1982/4232/2349 1912/4253/2358 1913/4236/2351 1981/4159/2285
f 1923/4318/2275 1947/4277/2333 1950/4200/2323 1924/4198/2321
f 1987/4231/2348 1911/4251/2340 1912/4253/2358 1982/4232/2349
f 1985/4250/2357 1909/4201/2324 1910/4202/2325 1986/4290/2374
f 1984/4168/2293 1907/4167/2292 1908/4257/2360 1983/4255/2356
f 1946/4187/2312 1934/4186/2311 1935/4243/2354 1947/4215/2333
f 1965/4199/2322 1925/4173/2298 1926/4174/2299 1964/4237/2338
f 1986/4290/2374 1910/4202/2325 1911/4223/2340 1987/4291/2348
f 1967/4289/2359 1920/4211/2317 1921/4172/2297 1966/4171/2296
f 1958/4213/2331 2011/4259/2361 2008/4288/2266 1963/4254/2305
f 2018/4319/2381 2025/4301/2377 2017/4320/2250
f 2019/4321/2382 2025/4301/2377 2018/4319/2381
f 2020/4299/2373 2025/4301/2377 2019/4321/2382
f 2043/4322/2383 2141/4323/2384 2041/4324/2385 2031/4325/2386
f 2114/4326/2387 2125/4327/2388 2124/4328/2389 2113/4329/2390
f 2118/4330/2391 2129/4331/2392 2128/4332/2393 2117/4333/2394
f 2115/4334/2395 2126/4335/2396 2125/4327/2388 2114/4326/2387
f 1898/4142/2268 2019/4336/2382 2018/4337/2381 1897/4227/2344
f 1895/4123/2252 2016/4122/2251 2015/4304/2378 1894/4170/2295
f 1899/4141/2267 2020/4338/2373 2019/4336/2382 1898/4142/2268
f 1897/4227/2344 2018/4337/2381 2017/4339/2250 1896/4268/2249
f 2023/4311/2245 2025/4301/2377 2022/4312/2246
f 2048/4340/2397 2059/4341/2398 2058/4342/2399 2047/4343/2400
f 2153/4344/2401 2033/4345/2402 2032/4346/2403 2027/4347/2404
f 2041/4324/2385 2160/4348/2405 2026/4349/2406 2030/4350/2407
f 2124/4351/2389 2135/4352/2408 2134/4353/2409 2123/4354/2410
f 2034/4355/2411 2046/4356/2412 2045/4357/2413 2033/4345/2402
f 2157/4358/2414 2038/4359/2415 2037/4360/2416 2156/4361/2417
f 2098/4362/2418 2086/4363/2419 2097/4364/2420 2087/4365/2421
f 2028/4366/2422 2034/4355/2411 2033/4345/2402 2153/4344/2401
f 2116/4367/2423 2127/4368/2424 2126/4335/2396 2115/4334/2395
f 2027/4347/2404 2032/4346/2403 2031/4325/2386 2152/4369/2425
f 2159/4370/2426 2052/4371/2427 2040/4372/2428
f 2035/4373/2429 2047/4343/2400 2046/4374/2412 2034/4375/2411
f 2141/4323/2384 2170/4376/2430 2160/4348/2405 2041/4324/2385
f 2015/4377/2378 2016/4378/2251 2025/4301/2377
f 2155/4379/2431 2036/4380/2432 2035/4373/2429 2154/4381/2433
f 2123/4382/2410 2134/4383/2409 2133/4384/2434 2122/4385/2435
f 2154/4381/2433 2035/4373/2429 2034/4375/2411 2028/4386/2422
f 2015/4377/2378 2025/4301/2377 2013/4387/2379
f 2017/4320/2250 2025/4301/2377 2016/4378/2251
f 2056/4388/2436 2067/4389/2437 2066/4390/2438 2055/4391/2439
f 2029/4392/2440 2039/4393/2441 2038/4359/2415 2157/4358/2414
f 2013/4387/2379 2025/4301/2377 2014/4309/2380
f 2040/4372/2428 2052/4371/2427 2051/4394/2442 2039/4393/2441
f 2158/4395/2443 2040/4372/2428 2039/4393/2441 2029/4392/2440
f 2050/4396/2444 2061/4397/2445 2060/4398/2446 2049/4399/2447
f 2049/4399/2447 2060/4398/2446 2059/4341/2398 2048/4340/2397
f 2128/4400/2393 2139/4401/2448 2138/4402/2449 2127/4403/2424
f 2044/4404/2450 2055/4405/2439 2054/4406/2451 2043/4322/2383
f 2039/4393/2441 2051/4394/2442 2050/4396/2444 2038/4359/2415
f 2144/4407/2452 2153/4408/2401 2027/4409/2404 2143/4410/2453
f 2111/4411/2454 2122/4412/2435 2121/4413/2455 2110/4414/2456
f 2058/4415/2399 2069/4416/2457 2068/4417/2458 2057/4418/2459
f 2097/4419/2420 2166/4420/2460 2167/4421/2461 2108/4422/2462
f 2150/4423/2463 2029/4424/2440 2157/4425/2414 2149/4426/2464
f 2052/4371/2427 2063/4427/2465 2062/4428/2466 2051/4394/2442
f 2062/4429/2466 2073/4430/2467 2072/4431/2468 2061/4432/2445
f 2133/4384/2434 2144/4407/2452 2143/4410/2453 2132/4433/2469
f 2134/4383/2409 2145/4434/2470 2144/4407/2452 2133/4384/2434
f 2094/4435/2471 2105/4436/2472 2104/4437/2473 2093/4438/2474
f 2060/4439/2446 2071/4440/2475 2070/4441/2476 2059/4442/2398
f 2120/4443/2477 2064/4444/2478 2075/4445/2479 2109/4446/2480
f 2152/4447/2425 2030/4448/2407 2042/4449/2481 2142/4450/2482
f 2146/4451/2483 2154/4452/2433 2028/4453/2422 2145/4454/2470
f 2092/4455/2484 2103/4456/2485 2102/4457/2486 2091/4458/2487
f 2108/4422/2462 2167/4421/2461 2168/4459/2488 2119/4460/2489
f 2131/4461/2490 2053/4462/2491 2064/4463/2478 2120/4464/2477
f 2088/4465/2492 2099/4466/2493 2098/4362/2418 2087/4365/2421
f 2095/4467/2494 2106/4468/2495 2105/4436/2472 2094/4435/2471
f 2107/4469/2496 2118/4330/2391 2117/4333/2394 2106/4468/2495
f 2104/4437/2473 2115/4334/2395 2114/4326/2387 2103/4456/2485
f 2132/4433/2469 2143/4410/2453 2142/4450/2482 2131/4461/2490
f 2159/4470/2426 2107/4469/2496 2096/4471/2497
f 2121/4472/2455 2132/4433/2469 2131/4461/2490 2120/4464/2477
f 2093/4438/2474 2104/4437/2473 2103/4456/2485 2092/4455/2484
f 2138/4402/2449 2149/4426/2464 2148/4473/2498 2137/4474/2499
f 2135/4352/2408 2146/4451/2483 2145/4454/2470 2134/4353/2409
f 2147/4475/2500 2155/4476/2431 2154/4452/2433 2146/4451/2483
f 2096/4471/2497 2107/4469/2496 2106/4468/2495 2095/4467/2494
f 2079/4477/2501 2090/4478/2502 2089/4479/2503 2078/4480/2504
f 2143/4410/2453 2027/4409/2404 2152/4447/2425 2142/4450/2482
f 2069/4416/2457 2080/4481/2505 2079/4482/2501 2068/4417/2458
f 2136/4483/2506 2147/4475/2500 2146/4451/2483 2135/4352/2408
f 2159/4484/2426 2151/4485/2507 2140/4486/2508
f 2053/4462/2491 2162/4487/2509 2163/4488/2510 2064/4463/2478
f 2084/4489/2511 2095/4490/2494 2094/4491/2471 2083/4492/2512
f 2140/4486/2508 2151/4485/2507 2150/4423/2463 2139/4401/2448
f 2068/4493/2458 2079/4477/2501 2078/4480/2504 2067/4389/2437
f 2137/4474/2499 2148/4473/2498 2147/4475/2500 2136/4483/2506
f 2119/4460/2489 2168/4459/2488 2169/4494/2513 2130/4495/2514
f 2159/4484/2426 2158/4496/2443 2151/4485/2507
f 2080/4481/2505 2091/4497/2487 2090/4498/2502 2079/4482/2501
f 2103/4456/2485 2114/4326/2387 2113/4329/2390 2102/4457/2486
f 2159/4370/2426 2063/4427/2465 2052/4371/2427
f 2047/4343/2400 2058/4342/2399 2057/4499/2459 2046/4374/2412
f 2067/4389/2437 2078/4480/2504 2077/4500/2515 2066/4390/2438
f 2051/4394/2442 2062/4428/2466 2061/4397/2445 2050/4396/2444
f 2159/4470/2426 2118/4330/2391 2107/4469/2496
f 2061/4432/2445 2072/4431/2468 2071/4440/2475 2060/4439/2446
f 2073/4430/2467 2084/4489/2511 2083/4492/2512 2072/4431/2468
f 2087/4501/2421 2097/4419/2420 2108/4422/2462 2076/4502/2516
f 2055/4391/2439 2066/4390/2438 2065/4503/2517 2054/4504/2451
f 2042/4449/2481 2161/4505/2518 2162/4487/2509 2053/4462/2491
f 2078/4480/2504 2089/4479/2503 2088/4506/2492 2077/4500/2515
f 2038/4359/2415 2050/4396/2444 2049/4399/2447 2037/4360/2416
f 2070/4441/2476 2081/4507/2519 2080/4481/2505 2069/4416/2457
f 2159/4508/2426 2074/4509/2520 2063/4510/2465
f 2130/4511/2514 2169/4512/2513 2170/4376/2430 2141/4323/2384
f 2081/4507/2519 2092/4513/2484 2091/4497/2487 2080/4481/2505
f 2030/4448/2407 2026/4514/2406 2161/4505/2518 2042/4449/2481
f 2077/4500/2515 2088/4506/2492 2087/4501/2421 2076/4502/2516
f 2046/4356/2412 2057/4515/2459 2056/4516/2436 2045/4357/2413
f 2085/4517/2521 2096/4518/2497 2095/4490/2494 2084/4489/2511
f 2149/4426/2464 2157/4425/2414 2156/4519/2417 2148/4473/2498
f 2066/4390/2438 2077/4500/2515 2076/4502/2516 2065/4503/2517
f 2032/4346/2403 2044/4404/2450 2043/4322/2383 2031/4325/2386
f 2045/4357/2413 2056/4516/2436 2055/4405/2439 2044/4404/2450
f 2057/4520/2459 2068/4493/2458 2067/4389/2437 2056/4388/2436
f 2090/4521/2502 2101/4522/2522 2100/4523/2523 2089/4524/2503
f 2159/4508/2426 2085/4517/2521 2074/4509/2520
f 2074/4509/2520 2085/4517/2521 2084/4489/2511 2073/4430/2467
f 2106/4468/2495 2117/4333/2394 2116/4367/2423 2105/4436/2472
f 2072/4431/2468 2083/4492/2512 2082/4525/2524 2071/4440/2475
f 2083/4492/2512 2094/4491/2471 2093/4526/2474 2082/4525/2524
f 2076/4502/2516 2108/4422/2462 2119/4460/2489 2065/4503/2517
f 2122/4385/2435 2133/4384/2434 2132/4433/2469 2121/4472/2455
f 2063/4510/2465 2074/4509/2520 2073/4430/2467 2062/4429/2466
f 2071/4440/2475 2082/4525/2524 2081/4507/2519 2070/4441/2476
f 2091/4458/2487 2102/4457/2486 2101/4527/2522 2090/4528/2502
f 2129/4529/2392 2140/4486/2508 2139/4401/2448 2128/4400/2393
f 2036/4380/2432 2048/4340/2397 2047/4343/2400 2035/4373/2429
f 2101/4522/2522 2112/4530/2525 2111/4411/2454 2100/4523/2523
f 2089/4524/2503 2100/4523/2523 2099/4466/2493 2088/4465/2492
f 2117/4333/2394 2128/4332/2393 2127/4368/2424 2116/4367/2423
f 2064/4444/2478 2163/4531/2510 2164/4532/2526 2075/4445/2479
f 2082/4525/2524 2093/4526/2474 2092/4513/2484 2081/4507/2519
f 2054/4406/2451 2130/4511/2514 2141/4323/2384 2043/4322/2383
f 2159/4508/2426 2096/4518/2497 2085/4517/2521
f 2113/4329/2390 2124/4328/2389 2123/4533/2410 2112/4534/2525
f 2031/4325/2386 2041/4324/2385 2030/4350/2407 2152/4369/2425
f 2100/4523/2523 2111/4411/2454 2110/4414/2456 2099/4466/2493
f 2065/4503/2517 2119/4460/2489 2130/4495/2514 2054/4504/2451
f 2109/4446/2480 2075/4445/2479 2086/4363/2419 2098/4362/2418
f 2142/4450/2482 2042/4449/2481 2053/4462/2491 2131/4461/2490
f 2102/4457/2486 2113/4329/2390 2112/4534/2525 2101/4527/2522
f 2205/4535/2527 2204/4536/2528 2188/4537/2529 2194/4538/2530
f 2156/4361/2417 2037/4360/2416 2036/4380/2432 2155/4379/2431
f 2159/4484/2426 2140/4486/2508 2129/4529/2392
f 2126/4539/2396 2137/4474/2499 2136/4483/2506 2125/4540/2388
f 2165/4541/2531 2177/4542/2532 2178/4543/2533 2166/4544/2460
f 2139/4401/2448 2150/4423/2463 2149/4426/2464 2138/4402/2449
f 2127/4403/2424 2138/4402/2449 2137/4474/2499 2126/4539/2396
f 2112/4530/2525 2123/4545/2410 2122/4412/2435 2111/4411/2454
f 2169/4546/2513 2181/4547/2534 2182/4548/2535 2170/4549/2430
f 2059/4442/2398 2070/4441/2476 2069/4416/2457 2058/4415/2399
f 2167/4550/2461 2179/4551/2536 2180/4552/2537 2168/4553/2488
f 2033/4345/2402 2045/4357/2413 2044/4404/2450 2032/4346/2403
f 2105/4436/2472 2116/4367/2423 2115/4334/2395 2104/4437/2473
f 2086/4363/2419 2165/4554/2531 2166/4555/2460 2097/4364/2420
f 2075/4445/2479 2164/4532/2526 2165/4554/2531 2086/4363/2419
f 2110/4414/2456 2121/4413/2455 2120/4443/2477 2109/4446/2480
f 2159/4370/2426 2040/4372/2428 2158/4395/2443
f 2125/4540/2388 2136/4483/2506 2135/4352/2408 2124/4351/2389
f 2164/4556/2526 2176/4557/2538 2177/4542/2532 2165/4541/2531
f 2037/4360/2416 2049/4399/2447 2048/4340/2397 2036/4380/2432
f 2159/4470/2426 2129/4331/2392 2118/4330/2391
f 2170/4549/2430 2182/4548/2535 2172/4558/2539 2160/4559/2405
f 2208/4560/2540 2203/4561/2541 2190/4562/2542 2196/4563/2543
f 2163/4564/2510 2175/4565/2544 2176/4557/2538 2164/4556/2526
f 2206/4566/2545 2202/4567/2546 2186/4568/2547 2192/4569/2548
f 2026/4570/2406 2171/4571/2549 2173/4572/2550 2161/4573/2518
f 2099/4466/2493 2110/4414/2456 2109/4446/2480 2098/4362/2418
f 2162/4574/2509 2174/4575/2551 2175/4565/2544 2163/4564/2510
f 2203/4561/2541 2205/4535/2527 2194/4538/2530 2190/4562/2542
f 2166/4576/2460 2178/4543/2533 2179/4551/2536 2167/4550/2461
f 2145/4434/2470 2028/4577/2422 2153/4408/2401 2144/4407/2452
f 2160/4559/2405 2172/4558/2539 2171/4571/2549 2026/4578/2406
f 2189/4579/2552 2193/4580/2553 2205/4535/2527 2203/4561/2541
f 2185/4581/2554 2195/4582/2555 2208/4583/2540 2202/4567/2546
f 2218/4584/2556 2213/4585/2557 2212/4586/2558 2220/4587/2559
f 2215/4588/2560 2210/4589/2561 2209/4590/2562 2217/4591/2563
f 2197/4592/2564 2183/4593/2565 2201/4594/2566 2207/4595/2567
f 2192/4569/2548 2218/4584/2556 2220/4587/2559 2184/4596/2568
f 2194/4538/2530 2217/4591/2563 2219/4597/2569 2199/4598/2570
f 2202/4567/2546 2208/4583/2540 2196/4599/2543 2186/4568/2547
f 2183/4600/2565 2191/4601/2571 2206/4566/2545 2201/4602/2566
f 2200/4603/2572 2197/4604/2564 2187/4605/2573 2193/4580/2553
f 2207/4595/2567 2201/4594/2566 2184/4606/2568 2198/4607/2574
f 2193/4580/2553 2187/4605/2573 2204/4536/2528 2205/4535/2527
f 2204/4608/2528 2207/4609/2567 2198/4610/2574 2188/4611/2529
f 2196/4599/2543 2199/4612/2570 2192/4569/2548 2186/4568/2547
f 2195/4613/2555 2189/4579/2552 2203/4561/2541 2208/4560/2540
f 2216/4614/2575 2211/4615/2576 2210/4616/2561 2215/4617/2560
f 2161/4573/2518 2173/4572/2550 2174/4575/2551 2162/4574/2509
f 2191/4601/2571 2185/4581/2554 2202/4567/2546 2206/4566/2545
f 2148/4473/2498 2156/4519/2417 2155/4476/2431 2147/4475/2500
f 2217/4591/2563 2209/4590/2562 2214/4618/2577 2219/4597/2569
f 2168/4553/2488 2180/4552/2537 2181/4547/2534 2169/4546/2513
f 2214/4619/2577 2211/4620/2576 2212/4586/2558 2213/4585/2557
f 2190/4562/2542 2194/4538/2530 2199/4598/2570 2196/4563/2543
f 2151/4485/2507 2158/4496/2443 2029/4424/2440 2150/4423/2463
f 2185/4581/2554 2191/4601/2571 2200/4621/2572 2195/4582/2555
f 2219/4622/2569 2214/4619/2577 2213/4585/2557 2218/4584/2556
f 2184/4606/2568 2220/4623/2559 2216/4624/2575 2198/4607/2574
f 2209/4590/2562 2210/4589/2561 2211/4625/2576 2214/4618/2577
f 2198/4610/2574 2216/4614/2575 2215/4617/2560 2188/4611/2529
f 2199/4612/2570 2219/4622/2569 2218/4584/2556 2192/4569/2548
f 2188/4537/2529 2215/4588/2560 2217/4591/2563 2194/4538/2530
f 2201/4602/2566 2206/4566/2545 2192/4569/2548 2184/4596/2568
f 2195/4613/2555 2200/4603/2572 2193/4580/2553 2189/4579/2552
f 2191/4601/2571 2183/4600/2565 2197/4626/2564 2200/4621/2572
f 2187/4627/2573 2197/4628/2564 2207/4609/2567 2204/4608/2528
f 2220/4623/2559 2212/4629/2558 2211/4630/2576 2216/4624/2575
f 2180/4552/2537 2179/4551/2536 2178/4543/2533 2177/4542/2532 2176/4557/2538 2175/4565/2544 2174/4575/2551 2173/4572/2550 2171/4571/2549 2172/4558/2539 2182/4548/2535 2181/4547/2534
f 2237/4631/2578 2246/4632/2579 2255/4633/2580 2258/4634/2581
f 2231/4635/2582 2224/4636/2583 2228/4637/2584 2232/4638/2585
f 2264/4639/2586 2240/4640/2587 2243/4641/2588 2265/4642/2589
f 2253/4643/2590 2263/4644/2591 2232/4638/2585 2228/4637/2584
f 2225/4645/2592 2259/4646/2593 2247/4647/2594
f 2271/4648/2595 2256/4649/2596 2229/4650/2597 2236/4651/2598
f 2239/4652/2599 2238/4653/2600 2243/4641/2588 2240/4640/2587
f 2233/4654/2601 2265/4642/2589 2243/4641/2588 2222/4655/2602
f 2223/4656/2603 2245/4657/2604 2261/4658/2605 2231/4659/2582
f 2239/4660/2599 2248/4661/2606 2259/4662/2593 2238/4663/2600
f 2271/4664/2595 2270/4665/2607 2255/4633/2580 2256/4666/2596
f 2260/4667/2608 2242/4668/2609 2244/4669/2610 2261/4658/2605
f 2224/4670/2583 2244/4669/2610 2265/4642/2589 2233/4654/2601
f 2229/4650/2597 2230/4671/2611 2235/4672/2612 2236/4651/2598
f 2222/4673/2602 2221/4674/2613 2225/4645/2592 2226/4675/2614
f 2247/4647/2594 2254/4676/2615 2226/4675/2614 2225/4645/2592
f 2257/4677/2616 2230/4678/2611 2237/4679/2578
f 2224/4636/2583 2233/4680/2601 2234/4681/2617 2228/4637/2584
f 2231/4659/2582 2261/4658/2605 2244/4669/2610 2224/4670/2583
f 2221/4682/2613 2222/4655/2602 2243/4641/2588 2238/4653/2600
f 2260/4683/2608 2262/4684/2618 2251/4685/2619 2242/4686/2609
f 2268/4687/2620 2269/4688/2621 2257/4677/2616 2258/4689/2581
f 2235/4690/2612 2230/4678/2611 2257/4677/2616 2269/4688/2621
f 2237/4691/2578 2230/4671/2611 2229/4650/2597 2246/4692/2579
f 2236/4651/2598 2235/4672/2612 2223/4693/2603 2227/4694/2622
f 2221/4674/2613 2238/4695/2600 2259/4646/2593 2225/4645/2592
f 2240/4696/2587 2249/4697/2623 2248/4661/2606 2239/4660/2599
f 2241/4698/2624 2250/4699/2625 2262/4684/2618 2260/4683/2608
f 2351/4700/2626 2397/4701/2627 2398/4702/2628 2353/4703/2629
f 2229/4650/2597 2256/4649/2596 2246/4692/2579
f 2264/4704/2586 2266/4705/2630 2249/4697/2623 2240/4696/2587
f 2233/4680/2601 2222/4673/2602 2226/4675/2614 2234/4681/2617
f 2254/4676/2615 2267/4706/2631 2234/4681/2617 2226/4675/2614
f 2267/4707/2631 2266/4705/2630 2251/4685/2619 2253/4708/2590
f 2223/4656/2603 2235/4690/2612 2269/4688/2621 2245/4657/2604
f 2242/4668/2609 2264/4639/2586 2265/4642/2589 2244/4669/2610
f 2248/4661/2606 2247/4709/2594 2259/4662/2593
f 2346/4710/2632 2394/4711/2633 2395/4712/2634 2348/4713/2635
f 2253/4708/2590 2251/4685/2619 2262/4684/2618 2263/4714/2591
f 2294/4715/2636 2293/4716/2637 2414/4717/2638 2415/4718/2639
f 2267/4706/2631 2253/4643/2590 2228/4637/2584 2234/4681/2617
f 2263/4644/2591 2252/4719/2640 2227/4694/2622 2232/4638/2585
f 2241/4720/2624 2260/4667/2608 2261/4658/2605 2245/4657/2604
f 2288/4721/2641 2287/4722/2642 2408/4723/2643 2409/4724/2644
f 2255/4633/2580 2246/4632/2579 2256/4666/2596
f 2252/4719/2640 2271/4648/2595 2236/4651/2598 2227/4694/2622
f 2263/4714/2591 2262/4684/2618 2250/4699/2625 2252/4725/2640
f 2247/4709/2594 2248/4661/2606 2249/4697/2623 2254/4726/2615
f 2257/4677/2616 2237/4679/2578 2258/4689/2581
f 2281/4727/2645 2349/4728/2646 2344/4729/2647 2282/4730/2648
f 2270/4665/2607 2250/4699/2625 2241/4698/2624 2268/4731/2620
f 2223/4693/2603 2231/4635/2582 2232/4638/2585 2227/4694/2622
f 2283/4732/2649 2345/4733/2650 2347/4734/2651 2273/4735/2652
f 2369/4736/2653 2368/4737/2654 2307/4738/2655 2306/4739/2656
f 2399/4740/2657 2290/4741/2658 2291/4742/2659 2400/4743/2660
f 2322/4744/2661 2323/4745/2662 2383/4746/2663 2382/4747/2664
f 2360/4748/2665 2361/4749/2666 2315/4750/2667 2314/4751/2668
f 2371/4752/2669 2370/4753/2670 2296/4754/2671 2297/4755/2672
f 2335/4756/2673 2334/4757/2674 2330/4758/2675 2329/4759/2676
f 2281/4727/2645 2282/4730/2648 2369/4760/2653 2373/4761/2677
f 2363/4762/2678 2362/4763/2679 2311/4764/2680 2310/4765/2681
f 2372/4766/2682 2376/4767/2683 2299/4768/2684 2298/4769/2685
f 2404/4770/2686 2395/4712/2634 2286/4771/2687 2287/4722/2642
f 2358/4772/2688 2360/4748/2665 2314/4751/2668 2313/4773/2689
f 2317/4774/2690 2318/4775/2691 2334/4757/2674 2335/4756/2673
f 2337/4776/2692 2336/4777/2693 2325/4778/2694 2324/4779/2695
f 2354/4780/2696 2399/4740/2657 2400/4743/2660 2355/4781/2697
f 2324/4779/2695 2325/4778/2694 2385/4782/2698 2384/4783/2699
f 2308/4784/2700 2310/4765/2681 2341/4785/2701 2343/4786/2702
f 2336/4777/2693 2338/4787/2703 2326/4788/2704 2325/4778/2694
f 2310/4765/2681 2311/4764/2680 2340/4789/2705 2341/4785/2701
f 2332/4790/2706 2343/4791/2702 2320/4792/2707 2321/4793/2708
f 2311/4764/2680 2312/4794/2709 2337/4795/2692 2340/4789/2705
f 2297/4755/2672 2296/4754/2671 2366/4796/2710 2367/4797/2711
f 2364/4798/2712 2357/4799/2713 2317/4774/2690 2316/4800/2714
f 2316/4800/2714 2317/4774/2690 2335/4756/2673 2342/4801/2715
f 2301/4802/2716 2302/4803/2717 2360/4748/2665 2358/4772/2688
f 2273/4735/2652 2347/4734/2651 2346/4804/2632 2272/4805/2718
f 2275/4806/2719 2352/4807/2720 2351/4808/2626 2276/4809/2721
f 2283/4732/2649 2282/4810/2648 2344/4811/2647 2345/4733/2650
f 2312/4812/2709 2313/4773/2689 2336/4777/2693 2337/4776/2692
f 2280/4813/2722 2350/4814/2723 2349/4728/2646 2281/4727/2645
f 2274/4815/2724 2275/4806/2719 2376/4767/2683 2372/4766/2682
f 2314/4751/2668 2315/4750/2667 2339/4816/2725 2338/4787/2703
f 2319/4817/2726 2309/4818/2727 2332/4790/2706 2333/4819/2728
f 2307/4738/2655 2297/4755/2672 2367/4797/2711 2365/4820/2729
f 2306/4739/2656 2307/4738/2655 2365/4820/2729 2356/4821/2730
f 2276/4822/2721 2351/4700/2626 2353/4703/2629 2277/4823/2731
f 2302/4803/2717 2303/4824/2732 2361/4749/2666 2360/4748/2665
f 2352/4807/2720 2348/4713/2635 2395/4712/2634 2404/4770/2686
f 2331/4825/2733 2321/4793/2708 2381/4826/2734 2391/4827/2735
f 2398/4702/2628 2289/4828/2736 2290/4741/2658 2399/4740/2657
f 2329/4759/2676 2330/4758/2675 2390/4829/2737 2389/4830/2738
f 2279/4831/2739 2280/4813/2722 2374/4832/2740 2379/4833/2741
f 2282/4810/2648 2283/4732/2649 2368/4737/2654 2369/4736/2653
f 2382/4834/2664 2383/4835/2663 2392/4836/2742
f 2283/4732/2649 2273/4735/2652 2371/4752/2669 2368/4737/2654
f 2305/4837/2743 2306/4838/2656 2356/4839/2730 2357/4799/2713
f 2323/4745/2662 2324/4840/2695 2384/4841/2699 2383/4746/2663
f 2326/4788/2704 2327/4842/2744 2387/4843/2745 2386/4844/2746
f 2272/4845/2718 2346/4710/2632 2348/4713/2635 2274/4815/2724
f 2296/4846/2671 2298/4769/2685 2363/4762/2678 2366/4847/2710
f 2278/4848/2747 2354/4780/2696 2355/4781/2697 2279/4849/2739
f 2277/4823/2731 2353/4703/2629 2354/4780/2696 2278/4848/2747
f 2276/4822/2721 2277/4823/2731 2377/4850/2748 2375/4851/2749
f 2303/4852/2732 2304/4853/2750 2364/4798/2712 2361/4854/2666
f 2280/4813/2722 2279/4831/2739 2355/4855/2697 2350/4814/2723
f 2304/4853/2750 2305/4837/2743 2357/4799/2713 2364/4798/2712
f 2275/4806/2719 2276/4809/2721 2375/4856/2749 2376/4767/2683
f 2299/4768/2684 2300/4857/2751 2359/4858/2752 2362/4763/2679
f 2375/4851/2749 2377/4850/2748 2301/4802/2716 2300/4859/2751
f 2313/4773/2689 2314/4751/2668 2338/4787/2703 2336/4777/2693
f 2403/4860/2753 2292/4861/2754 2293/4716/2637 2396/4862/2755
f 2254/4726/2615 2249/4697/2623 2266/4705/2630 2267/4707/2631
f 2241/4720/2624 2245/4657/2604 2269/4688/2621 2268/4687/2620
f 2394/4711/2633 2284/4863/2756 2286/4771/2687 2395/4712/2634
f 2252/4725/2640 2250/4699/2625 2270/4665/2607 2271/4664/2595
f 2370/4864/2670 2372/4766/2682 2298/4769/2685 2296/4846/2671
f 2242/4686/2609 2251/4685/2619 2266/4705/2630 2264/4704/2586
f 2402/4865/2757 2285/4866/2758 2284/4867/2756 2394/4868/2633
f 2397/4701/2627 2288/4869/2641 2289/4828/2736 2398/4702/2628
f 2295/4870/2759 2294/4871/2636 2415/4872/2639 2416/4873/2760
f 2255/4633/2580 2270/4665/2607 2268/4731/2620 2258/4634/2581
f 2373/4761/2677 2369/4760/2653 2306/4838/2656 2305/4837/2743
f 2366/4847/2710 2363/4762/2678 2310/4765/2681 2308/4784/2700
f 2334/4874/2674 2333/4819/2728 2331/4825/2733 2330/4875/2675
f 2342/4801/2715 2335/4756/2673 2329/4759/2676 2328/4876/2761
f 2365/4820/2729 2367/4797/2711 2309/4818/2727 2319/4817/2726
f 2367/4797/2711 2366/4796/2710 2308/4877/2700 2309/4818/2727
f 2275/4806/2719 2274/4815/2724 2348/4713/2635 2352/4807/2720
f 2339/4878/2725 2342/4801/2715 2328/4876/2761 2327/4879/2744
f 2333/4819/2728 2332/4790/2706 2321/4793/2708 2331/4825/2733
f 2343/4786/2702 2341/4785/2701 2322/4744/2661 2320/4880/2707
f 2309/4818/2727 2308/4877/2700 2343/4791/2702 2332/4790/2706
f 2340/4789/2705 2337/4795/2692 2324/4840/2695 2323/4745/2662
f 2298/4769/2685 2299/4768/2684 2362/4763/2679 2363/4762/2678
f 2396/4862/2755 2293/4716/2637 2294/4715/2636 2393/4881/2762
f 2356/4821/2730 2365/4820/2729 2319/4817/2726 2318/4882/2691
f 2353/4703/2629 2398/4702/2628 2399/4740/2657 2354/4780/2696
f 2401/4883/2763 2295/4870/2759 2285/4866/2758 2402/4865/2757
f 2280/4813/2722 2281/4727/2645 2373/4761/2677 2374/4832/2740
f 2368/4737/2654 2371/4752/2669 2297/4755/2672 2307/4738/2655
f 2350/4814/2723 2403/4860/2753 2396/4862/2755 2349/4728/2646
f 2404/4770/2686 2287/4722/2642 2288/4721/2641 2397/4884/2627
f 2401/4883/2763 2393/4885/2762 2294/4871/2636 2295/4870/2759
f 2349/4728/2646 2396/4862/2755 2393/4881/2762 2344/4729/2647
f 2292/4861/2754 2291/4886/2659 2412/4887/2764 2413/4888/2765
f 2403/4860/2753 2400/4889/2660 2291/4886/2659 2292/4861/2754
f 2300/4859/2751 2301/4802/2716 2358/4772/2688 2359/4890/2752
f 2278/4848/2747 2279/4849/2739 2379/4891/2741 2378/4892/2766
f 2325/4778/2694 2326/4788/2704 2386/4844/2746 2385/4782/2698
f 2321/4793/2708 2320/4792/2707 2380/4893/2767 2381/4826/2734
f 2341/4785/2701 2340/4789/2705 2323/4745/2662 2322/4744/2661
f 2380/4894/2767 2392/4836/2742 2381/4895/2734
f 2272/4845/2718 2274/4815/2724 2372/4766/2682 2370/4864/2670
f 2320/4880/2707 2322/4744/2661 2382/4747/2664 2380/4896/2767
f 2273/4735/2652 2272/4805/2718 2370/4753/2670 2371/4752/2669
f 2277/4823/2731 2278/4848/2747 2378/4892/2766 2377/4850/2748
f 2328/4876/2761 2329/4759/2676 2389/4830/2738 2388/4897/2768
f 2387/4898/2745 2388/4899/2768 2392/4836/2742
f 2412/4900/2764 2417/4901/2769 2413/4902/2765
f 2386/4903/2746 2392/4836/2742 2385/4904/2698
f 2352/4807/2720 2404/4770/2686 2397/4884/2627 2351/4808/2626
f 2286/4771/2687 2284/4863/2756 2405/4905/2770 2407/4906/2771
f 2345/4733/2650 2401/4883/2763 2402/4865/2757 2347/4734/2651
f 2284/4867/2756 2285/4866/2758 2406/4907/2772 2405/4908/2770
f 2347/4734/2651 2402/4865/2757 2394/4868/2633 2346/4804/2632
f 2382/4834/2664 2392/4836/2742 2380/4894/2767
f 2327/4879/2744 2328/4876/2761 2388/4897/2768 2387/4909/2745
f 2406/4910/2772 2416/4911/2760 2417/4901/2769
f 2415/4912/2639 2417/4901/2769 2416/4911/2760
f 2414/4913/2638 2413/4902/2765 2417/4901/2769
f 2387/4898/2745 2392/4836/2742 2386/4903/2746
f 2381/4895/2734 2392/4836/2742 2391/4914/2735
f 2293/4716/2637 2292/4861/2754 2413/4888/2765 2414/4717/2638
f 2384/4915/2699 2392/4836/2742 2383/4835/2663
f 2330/4875/2675 2331/4825/2733 2391/4827/2735 2390/4916/2737
f 2318/4882/2691 2319/4817/2726 2333/4819/2728 2334/4874/2674
f 2389/4917/2738 2392/4836/2742 2388/4899/2768
f 2345/4733/2650 2344/4811/2647 2393/4885/2762 2401/4883/2763
f 2390/4918/2737 2392/4836/2742 2389/4917/2738
f 2385/4904/2698 2392/4836/2742 2384/4915/2699
f 2285/4866/2758 2295/4870/2759 2416/4873/2760 2406/4907/2772
f 2390/4918/2737 2391/4914/2735 2392/4836/2742
f 2361/4854/2666 2364/4798/2712 2316/4800/2714 2315/4919/2667
f 2362/4763/2679 2359/4858/2752 2312/4794/2709 2311/4764/2680
f 2374/4832/2740 2373/4761/2677 2305/4837/2743 2304/4853/2750
f 2315/4919/2667 2316/4800/2714 2342/4801/2715 2339/4878/2725
f 2379/4833/2741 2374/4832/2740 2304/4853/2750 2303/4852/2732
f 2377/4850/2748 2378/4892/2766 2302/4803/2717 2301/4802/2716
f 2376/4767/2683 2375/4856/2749 2300/4857/2751 2299/4768/2684
f 2338/4787/2703 2339/4816/2725 2327/4842/2744 2326/4788/2704
f 2357/4799/2713 2356/4839/2730 2318/4775/2691 2317/4774/2690
f 2378/4892/2766 2379/4891/2741 2303/4824/2732 2302/4803/2717
f 2359/4890/2752 2358/4772/2688 2313/4773/2689 2312/4812/2709
f 2350/4814/2723 2355/4855/2697 2400/4889/2660 2403/4860/2753
f 2410/4920/2773 2409/4921/2644 2417/4901/2769
f 2411/4922/2774 2410/4920/2773 2417/4901/2769
f 2412/4900/2764 2411/4922/2774 2417/4901/2769
f 2435/4923/2775 2423/4924/2776 2433/4925/2777 2533/4926/2778
f 2506/4927/2779 2505/4928/2780 2516/4929/2781 2517/4930/2782
f 2510/4931/2783 2509/4932/2784 2520/4933/2785 2521/4934/2786
f 2507/4935/2787 2506/4927/2779 2517/4930/2782 2518/4936/2788
f 2290/4741/2658 2289/4828/2736 2410/4937/2773 2411/4938/2774
f 2287/4722/2642 2286/4771/2687 2407/4906/2771 2408/4723/2643
f 2291/4742/2659 2290/4741/2658 2411/4938/2774 2412/4939/2764
f 2289/4828/2736 2288/4869/2641 2409/4940/2644 2410/4937/2773
f 2415/4912/2639 2414/4913/2638 2417/4901/2769
f 2440/4941/2789 2439/4942/2790 2450/4943/2791 2451/4944/2792
f 2545/4945/2793 2419/4946/2794 2424/4947/2795 2425/4948/2796
f 2433/4925/2777 2422/4949/2797 2418/4950/2798 2552/4951/2799
f 2516/4952/2781 2515/4953/2800 2526/4954/2801 2527/4955/2802
f 2426/4956/2803 2425/4948/2796 2437/4957/2804 2438/4958/2805
f 2549/4959/2806 2548/4960/2807 2429/4961/2808 2430/4962/2809
f 2490/4963/2810 2479/4964/2811 2489/4965/2812 2478/4966/2813
f 2420/4967/2814 2545/4945/2793 2425/4948/2796 2426/4956/2803
f 2508/4968/2815 2507/4935/2787 2518/4936/2788 2519/4969/2816
f 2419/4946/2794 2544/4970/2817 2423/4924/2776 2424/4947/2795
f 2551/4971/2818 2432/4972/2819 2444/4973/2820
f 2427/4974/2821 2426/4975/2803 2438/4976/2805 2439/4942/2790
f 2533/4926/2778 2433/4925/2777 2552/4951/2799 2562/4977/2822
f 2407/4978/2771 2417/4901/2769 2408/4979/2643
f 2547/4980/2823 2546/4981/2824 2427/4974/2821 2428/4982/2825
f 2515/4983/2800 2514/4984/2826 2525/4985/2827 2526/4986/2801
f 2546/4981/2824 2420/4987/2814 2426/4975/2803 2427/4974/2821
f 2407/4978/2771 2405/4988/2770 2417/4901/2769
f 2409/4921/2644 2408/4979/2643 2417/4901/2769
f 2448/4989/2828 2447/4990/2829 2458/4991/2830 2459/4992/2831
f 2421/4993/2832 2549/4959/2806 2430/4962/2809 2431/4994/2833
f 2405/4988/2770 2406/4910/2772 2417/4901/2769
f 2432/4972/2819 2431/4994/2833 2443/4995/2834 2444/4973/2820
f 2550/4996/2835 2421/4993/2832 2431/4994/2833 2432/4972/2819
f 2442/4997/2836 2441/4998/2837 2452/4999/2838 2453/5000/2839
f 2441/4998/2837 2440/4941/2789 2451/4944/2792 2452/4999/2838
f 2520/5001/2785 2519/5002/2816 2530/5003/2840 2531/5004/2841
f 2436/5005/2842 2435/4923/2775 2446/5006/2843 2447/5007/2829
f 2431/4994/2833 2430/4962/2809 2442/4997/2836 2443/4995/2834
f 2536/5008/2844 2535/5009/2845 2419/5010/2794 2545/5011/2793
f 2503/5012/2846 2502/5013/2847 2513/5014/2848 2514/5015/2826
f 2450/5016/2791 2449/5017/2849 2460/5018/2850 2461/5019/2851
f 2489/5020/2812 2500/5021/2852 2559/5022/2853 2558/5023/2854
f 2542/5024/2855 2541/5025/2856 2549/5026/2806 2421/5027/2832
f 2444/4973/2820 2443/4995/2834 2454/5028/2857 2455/5029/2858
f 2454/5030/2857 2453/5031/2839 2464/5032/2859 2465/5033/2860
f 2525/4985/2827 2524/5034/2861 2535/5009/2845 2536/5008/2844
f 2526/4986/2801 2525/4985/2827 2536/5008/2844 2537/5035/2862
f 2486/5036/2863 2485/5037/2864 2496/5038/2865 2497/5039/2866
f 2452/5040/2838 2451/5041/2792 2462/5042/2867 2463/5043/2868
f 2512/5044/2869 2501/5045/2870 2467/5046/2871 2456/5047/2872
f 2544/5048/2817 2534/5049/2873 2434/5050/2874 2422/5051/2797
f 2538/5052/2875 2537/5053/2862 2420/5054/2814 2546/5055/2824
f 2484/5056/2876 2483/5057/2877 2494/5058/2878 2495/5059/2879
f 2500/5021/2852 2511/5060/2880 2560/5061/2881 2559/5022/2853
f 2523/5062/2882 2512/5063/2869 2456/5064/2872 2445/5065/2883
f 2480/5066/2884 2479/4964/2811 2490/4963/2810 2491/5067/2885
f 2487/5068/2886 2486/5036/2863 2497/5039/2866 2498/5069/2887
f 2499/5070/2888 2498/5069/2887 2509/4932/2784 2510/4931/2783
f 2496/5038/2865 2495/5059/2879 2506/4927/2779 2507/4935/2787
f 2524/5034/2861 2523/5062/2882 2534/5049/2873 2535/5009/2845
f 2551/5071/2818 2488/5072/2889 2499/5070/2888
f 2513/5073/2848 2512/5063/2869 2523/5062/2882 2524/5034/2861
f 2485/5037/2864 2484/5056/2876 2495/5059/2879 2496/5038/2865
f 2530/5003/2840 2529/5074/2890 2540/5075/2891 2541/5025/2856
f 2527/4955/2802 2526/4954/2801 2537/5053/2862 2538/5052/2875
f 2539/5076/2892 2538/5052/2875 2546/5055/2824 2547/5077/2823
f 2488/5072/2889 2487/5068/2886 2498/5069/2887 2499/5070/2888
f 2471/5078/2893 2470/5079/2894 2481/5080/2895 2482/5081/2896
f 2535/5009/2845 2534/5049/2873 2544/5048/2817 2419/5010/2794
f 2461/5019/2851 2460/5018/2850 2471/5082/2893 2472/5083/2897
f 2528/5084/2898 2527/4955/2802 2538/5052/2875 2539/5076/2892
f 2551/5085/2818 2532/5086/2899 2543/5087/2900
f 2445/5065/2883 2456/5064/2872 2555/5088/2901 2554/5089/2902
f 2476/5090/2903 2475/5091/2904 2486/5092/2863 2487/5093/2886
f 2532/5086/2899 2531/5004/2841 2542/5024/2855 2543/5087/2900
f 2460/5094/2850 2459/4992/2831 2470/5079/2894 2471/5078/2893
f 2529/5074/2890 2528/5084/2898 2539/5076/2892 2540/5075/2891
f 2511/5060/2880 2522/5095/2905 2561/5096/2906 2560/5061/2881
f 2551/5085/2818 2543/5087/2900 2550/5097/2835
f 2472/5083/2897 2471/5082/2893 2482/5098/2896 2483/5099/2877
f 2495/5059/2879 2494/5058/2878 2505/4928/2780 2506/4927/2779
f 2551/4971/2818 2444/4973/2820 2455/5029/2858
f 2439/4942/2790 2438/4976/2805 2449/5100/2849 2450/4943/2791
f 2459/4992/2831 2458/4991/2830 2469/5101/2907 2470/5079/2894
f 2443/4995/2834 2442/4997/2836 2453/5000/2839 2454/5028/2857
f 2551/5071/2818 2499/5070/2888 2510/4931/2783
f 2453/5031/2839 2452/5040/2838 2463/5043/2868 2464/5032/2859
f 2465/5033/2860 2464/5032/2859 2475/5091/2904 2476/5090/2903
f 2479/5102/2811 2468/5103/2908 2500/5021/2852 2489/5020/2812
f 2447/4990/2829 2446/5104/2843 2457/5105/2909 2458/4991/2830
f 2434/5050/2874 2445/5065/2883 2554/5089/2902 2553/5106/2910
f 2470/5079/2894 2469/5101/2907 2480/5107/2884 2481/5080/2895
f 2430/4962/2809 2429/4961/2808 2441/4998/2837 2442/4997/2836
f 2462/5042/2867 2461/5019/2851 2472/5083/2897 2473/5108/2911
f 2551/5109/2818 2455/5110/2858 2466/5111/2912
f 2522/5112/2905 2533/4926/2778 2562/4977/2822 2561/5113/2906
f 2473/5108/2911 2472/5083/2897 2483/5099/2877 2484/5114/2876
f 2422/5051/2797 2434/5050/2874 2553/5106/2910 2418/5115/2798
f 2469/5101/2907 2468/5103/2908 2479/5102/2811 2480/5107/2884
f 2438/4958/2805 2437/4957/2804 2448/5116/2828 2449/5117/2849
f 2477/5118/2913 2476/5090/2903 2487/5093/2886 2488/5119/2889
f 2541/5025/2856 2540/5075/2891 2548/5120/2807 2549/5026/2806
f 2458/4991/2830 2457/5105/2909 2468/5103/2908 2469/5101/2907
f 2424/4947/2795 2423/4924/2776 2435/4923/2775 2436/5005/2842
f 2437/4957/2804 2436/5005/2842 2447/5007/2829 2448/5116/2828
f 2449/5121/2849 2448/4989/2828 2459/4992/2831 2460/5094/2850
f 2482/5122/2896 2481/5123/2895 2492/5124/2914 2493/5125/2915
f 2551/5109/2818 2466/5111/2912 2477/5118/2913
f 2466/5111/2912 2465/5033/2860 2476/5090/2903 2477/5118/2913
f 2498/5069/2887 2497/5039/2866 2508/4968/2815 2509/4932/2784
f 2464/5032/2859 2463/5043/2868 2474/5126/2916 2475/5091/2904
f 2475/5091/2904 2474/5126/2916 2485/5127/2864 2486/5092/2863
f 2468/5103/2908 2457/5105/2909 2511/5060/2880 2500/5021/2852
f 2514/4984/2826 2513/5073/2848 2524/5034/2861 2525/4985/2827
f 2455/5110/2858 2454/5030/2857 2465/5033/2860 2466/5111/2912
f 2463/5043/2868 2462/5042/2867 2473/5108/2911 2474/5126/2916
f 2483/5057/2877 2482/5128/2896 2493/5129/2915 2494/5058/2878
f 2521/5130/2786 2520/5001/2785 2531/5004/2841 2532/5086/2899
f 2428/4982/2825 2427/4974/2821 2439/4942/2790 2440/4941/2789
f 2493/5125/2915 2492/5124/2914 2503/5012/2846 2504/5131/2917
f 2481/5123/2895 2480/5066/2884 2491/5067/2885 2492/5124/2914
f 2509/4932/2784 2508/4968/2815 2519/4969/2816 2520/4933/2785
f 2456/5047/2872 2467/5046/2871 2556/5132/2918 2555/5133/2901
f 2474/5126/2916 2473/5108/2911 2484/5114/2876 2485/5127/2864
f 2446/5006/2843 2435/4923/2775 2533/4926/2778 2522/5112/2905
f 2551/5109/2818 2477/5118/2913 2488/5119/2889
f 2505/4928/2780 2504/5134/2917 2515/5135/2800 2516/4929/2781
f 2423/4924/2776 2544/4970/2817 2422/4949/2797 2433/4925/2777
f 2492/5124/2914 2491/5067/2885 2502/5013/2847 2503/5012/2846
f 2457/5105/2909 2446/5104/2843 2522/5095/2905 2511/5060/2880
f 2501/5045/2870 2490/4963/2810 2478/4966/2813 2467/5046/2871
f 2534/5049/2873 2523/5062/2882 2445/5065/2883 2434/5050/2874
f 2494/5058/2878 2493/5129/2915 2504/5134/2917 2505/4928/2780
f 2597/5136/2919 2586/5137/2920 2580/5138/2921 2596/5139/2922
f 2548/4960/2807 2547/4980/2823 2428/4982/2825 2429/4961/2808
f 2551/5085/2818 2521/5130/2786 2532/5086/2899
f 2518/5140/2788 2517/5141/2782 2528/5084/2898 2529/5074/2890
f 2557/5142/2923 2558/5143/2854 2570/5144/2924 2569/5145/2925
f 2531/5004/2841 2530/5003/2840 2541/5025/2856 2542/5024/2855
f 2519/5002/2816 2518/5140/2788 2529/5074/2890 2530/5003/2840
f 2504/5131/2917 2503/5012/2846 2514/5015/2826 2515/5146/2800
f 2561/5147/2906 2562/5148/2822 2574/5149/2926 2573/5150/2927
f 2451/5041/2792 2450/5016/2791 2461/5019/2851 2462/5042/2867
f 2559/5151/2853 2560/5152/2881 2572/5153/2928 2571/5154/2929
f 2425/4948/2796 2424/4947/2795 2436/5005/2842 2437/4957/2804
f 2497/5039/2866 2496/5038/2865 2507/4935/2787 2508/4968/2815
f 2478/4966/2813 2489/4965/2812 2558/5155/2854 2557/5156/2923
f 2467/5046/2871 2478/4966/2813 2557/5156/2923 2556/5132/2918
f 2502/5013/2847 2501/5045/2870 2512/5044/2869 2513/5014/2848
f 2551/4971/2818 2550/4996/2835 2432/4972/2819
f 2517/5141/2782 2516/4952/2781 2527/4955/2802 2528/5084/2898
f 2556/5157/2918 2557/5142/2923 2569/5145/2925 2568/5158/2930
f 2429/4961/2808 2428/4982/2825 2440/4941/2789 2441/4998/2837
f 2551/5071/2818 2510/4931/2783 2521/4934/2786
f 2562/5148/2822 2552/5159/2799 2564/5160/2931 2574/5149/2926
f 2600/5161/2932 2588/5162/2933 2582/5163/2934 2595/5164/2935
f 2555/5165/2901 2556/5157/2918 2568/5158/2930 2567/5166/2936
f 2598/5167/2937 2584/5168/2938 2578/5169/2939 2594/5170/2940
f 2418/5171/2798 2553/5172/2910 2565/5173/2941 2563/5174/2942
f 2491/5067/2885 2490/4963/2810 2501/5045/2870 2502/5013/2847
f 2554/5175/2902 2555/5165/2901 2567/5166/2936 2566/5176/2943
f 2595/5164/2935 2582/5163/2934 2586/5137/2920 2597/5136/2919
f 2558/5177/2854 2559/5151/2853 2571/5154/2929 2570/5144/2924
f 2537/5035/2862 2536/5008/2844 2545/5011/2793 2420/5178/2814
f 2552/5159/2799 2418/5179/2798 2563/5174/2942 2564/5160/2931
f 2581/5180/2944 2595/5164/2935 2597/5136/2919 2585/5181/2945
f 2577/5182/2946 2594/5170/2940 2600/5183/2932 2587/5184/2947
f 2610/5185/2948 2612/5186/2949 2604/5187/2950 2605/5188/2951
f 2607/5189/2952 2609/5190/2953 2601/5191/2954 2602/5192/2955
f 2589/5193/2956 2599/5194/2957 2593/5195/2958 2575/5196/2959
f 2584/5168/2938 2576/5197/2960 2612/5186/2949 2610/5185/2948
f 2586/5137/2920 2591/5198/2961 2611/5199/2962 2609/5190/2953
f 2594/5170/2940 2578/5169/2939 2588/5200/2933 2600/5183/2932
f 2575/5201/2959 2593/5202/2958 2598/5167/2937 2583/5203/2963
f 2592/5204/2964 2585/5181/2945 2579/5205/2965 2589/5206/2956
f 2599/5194/2957 2590/5207/2966 2576/5208/2960 2593/5195/2958
f 2585/5181/2945 2597/5136/2919 2596/5139/2922 2579/5205/2965
f 2596/5209/2922 2580/5210/2921 2590/5211/2966 2599/5212/2957
f 2588/5200/2933 2578/5169/2939 2584/5168/2938 2591/5213/2961
f 2587/5214/2947 2600/5161/2932 2595/5164/2935 2581/5180/2944
f 2608/5215/2967 2607/5216/2952 2602/5217/2955 2603/5218/2968
f 2553/5172/2910 2554/5175/2902 2566/5176/2943 2565/5173/2941
f 2583/5203/2963 2598/5167/2937 2594/5170/2940 2577/5182/2946
f 2540/5075/2891 2539/5076/2892 2547/5077/2823 2548/5120/2807
f 2609/5190/2953 2611/5199/2962 2606/5219/2969 2601/5191/2954
f 2560/5152/2881 2561/5147/2906 2573/5150/2927 2572/5153/2928
f 2606/5220/2969 2605/5188/2951 2604/5187/2950 2603/5221/2968
f 2582/5163/2934 2588/5162/2933 2591/5198/2961 2586/5137/2920
f 2543/5087/2900 2542/5024/2855 2421/5027/2832 2550/5097/2835
f 2577/5182/2946 2587/5184/2947 2592/5222/2964 2583/5203/2963
f 2611/5223/2962 2610/5185/2948 2605/5188/2951 2606/5220/2969
f 2576/5208/2960 2590/5207/2966 2608/5224/2967 2612/5225/2949
f 2601/5191/2954 2606/5219/2969 2603/5226/2968 2602/5192/2955
f 2590/5211/2966 2580/5210/2921 2607/5216/2952 2608/5215/2967
f 2591/5213/2961 2584/5168/2938 2610/5185/2948 2611/5223/2962
f 2580/5138/2921 2586/5137/2920 2609/5190/2953 2607/5189/2952
f 2593/5202/2958 2576/5197/2960 2584/5168/2938 2598/5167/2937
f 2587/5214/2947 2581/5180/2944 2585/5181/2945 2592/5204/2964
f 2583/5203/2963 2592/5222/2964 2589/5227/2956 2575/5201/2959
f 2579/5228/2965 2596/5209/2922 2599/5212/2957 2589/5229/2956
f 2612/5225/2949 2608/5224/2967 2603/5230/2968 2604/5231/2950
f 2572/5153/2928 2573/5150/2927 2574/5149/2926 2564/5160/2931 2563/5174/2942 2565/5173/2941 2566/5176/2943 2567/5166/2936 2568/5158/2930 2569/5145/2925 2570/5144/2924 2571/5154/2929
f 2614/5232/2970 2616/5233/2971 2615/5234/2972 2613/5235/2973
f 2613/5235/2973 2615/5234/2972 2972/5236/2974 2969/5237/2975
f 2784/5238/2976 2787/5239/2977 2616/5233/2971 2614/5232/2970
f 2615/5234/2972 2616/5233/2971 2618/5240/2978 2617/5241/2979
f 2972/5236/2974 2615/5234/2972 2617/5241/2979 2975/5242/2980
f 2616/5233/2971 2787/5239/2977 2790/5243/2981 2618/5240/2978
f 2786/5244/2982 2785/5245/2983 2788/5246/2984 2789/5247/2985
f 2785/5245/2983 3154/5248/2986 3158/5249/2987 2788/5246/2984
f 2784/5238/2976 2786/5244/2982 2789/5247/2985 2787/5239/2977
f 2788/5246/2984 2791/5250/2988 2792/5251/2989 2789/5247/2985
f 3158/5249/2987 3162/5252/2990 2791/5250/2988 2788/5246/2984
f 2789/5247/2985 2792/5251/2989 2790/5243/2981 2787/5239/2977
f 2971/5253/2991 2970/5254/2992 2973/5255/2993 2974/5256/2994
f 2970/5254/2992 2969/5237/2975 2972/5236/2974 2973/5255/2993
f 3153/5257/2995 2971/5253/2991 2974/5256/2994 3157/5258/2996
f 2973/5255/2993 2976/5259/2997 2977/5260/2998 2974/5256/2994
f 2972/5236/2974 2975/5242/2980 2976/5259/2997 2973/5255/2993
f 2974/5256/2994 2977/5260/2998 3161/5261/2999 3157/5258/2996
f 3156/5262/3000 3160/5263/3001 3159/5264/3002 3155/5265/3003
f 3155/5265/3003 3159/5264/3002 3158/5249/2987 3154/5248/2986
f 3153/5257/2995 3157/5258/2996 3160/5263/3001 3156/5262/3000
f 3159/5264/3002 3160/5263/3001 3164/5266/3004 3163/5267/3005
f 3158/5249/2987 3159/5264/3002 3163/5267/3005 3162/5252/2990
f 3160/5263/3001 3157/5258/2996 3161/5261/2999 3164/5266/3004
f 3356/5268/3006 3355/5269/3007 3360/5270/3008 3361/5271/3009
f 3353/5272/3010 3476/5273/3011 3483/5274/3012 3358/5275/3013
f 3357/5276/3014 3356/5268/3006 3361/5271/3009 3362/5277/3015
f 3354/5278/3016 3353/5272/3010 3358/5275/3013 3359/5279/3017
f 3482/5280/3018 3357/5276/3014 3362/5277/3015 3489/5281/3019
f 3355/5282/3007 3354/5278/3016 3359/5279/3017 3360/5283/3008
f 3362/5277/3015 3361/5271/3009 3366/5284/3020 3367/5285/3021
f 3359/5279/3017 3358/5275/3013 3363/5286/3022 3364/5287/3023
f 3489/5281/3019 3362/5277/3015 3367/5285/3021 3496/5288/3024
f 3360/5283/3008 3359/5279/3017 3364/5287/3023 3365/5289/3025
f 3361/5271/3009 3360/5270/3008 3365/5290/3025 3366/5284/3020
f 3358/5275/3013 3483/5274/3012 3490/5291/3026 3363/5286/3022
f 3367/5285/3021 3366/5284/3020 3371/5292/3027 3372/5293/3028
f 3364/5287/3023 3363/5286/3022 3368/5294/3029 3369/5295/3030
f 3496/5288/3024 3367/5285/3021 3372/5293/3028 3503/5296/3031
f 3365/5289/3025 3364/5287/3023 3369/5295/3030 3370/5297/3032
f 3366/5284/3020 3365/5290/3025 3370/5298/3032 3371/5292/3027
f 3363/5286/3022 3490/5291/3026 3497/5299/3033 3368/5294/3029
f 3369/5295/3030 3368/5294/3029 3373/5300/3034 3374/5301/3035
f 3503/5296/3031 3372/5293/3028 3377/5302/3036 3510/5303/3037
f 3370/5297/3032 3369/5295/3030 3374/5301/3035 3375/5304/3038
f 3371/5292/3027 3370/5298/3032 3375/5305/3038 3376/5306/3039
f 3368/5294/3029 3497/5299/3033 3504/5307/3040 3373/5300/3034
f 3372/5293/3028 3371/5292/3027 3376/5306/3039 3377/5302/3036
f 3374/5301/3035 3373/5300/3034 3511/5308/31
f 3510/5303/3037 3377/5302/3036 3511/5309/31
f 3375/5304/3038 3374/5301/3035 3511/5308/31
f 3376/5306/3039 3375/5305/3038 3511/5309/31
f 3373/5300/3034 3504/5307/3040 3511/5308/31
f 3377/5302/3036 3376/5306/3039 3511/5309/31
f 3381/5310/3041 3380/5311/3042 3385/5312/3043 3386/5313/3044
f 3378/5314/3045 3513/5315/3046 3520/5316/3047 3383/5317/3048
f 3382/5318/3049 3381/5310/3041 3386/5313/3044 3387/5319/3050
f 3379/5320/3051 3378/5314/3045 3383/5317/3048 3384/5321/3052
f 3512/5322/3053 3382/5318/3049 3387/5319/3050 3519/5323/3054
f 3380/5311/3042 3379/5320/3051 3384/5321/3052 3385/5312/3043
f 3384/5321/3052 3383/5317/3048 3388/5324/3055 3389/5325/3056
f 3519/5323/3054 3387/5319/3050 3392/5326/3057 3526/5327/3058
f 3385/5312/3043 3384/5321/3052 3389/5325/3056 3390/5328/3059
f 3386/5313/3044 3385/5312/3043 3390/5328/3059 3391/5329/3060
f 3383/5317/3048 3520/5316/3047 3527/5330/3061 3388/5324/3055
f 3387/5319/3050 3386/5313/3044 3391/5329/3060 3392/5326/3057
f 3389/5325/3056 3388/5324/3055 3393/5331/3062 3394/5332/3063
f 3526/5327/3058 3392/5326/3057 3397/5333/3064 3533/5334/3065
f 3390/5328/3059 3389/5325/3056 3394/5332/3063 3395/5335/3066
f 3391/5329/3060 3390/5328/3059 3395/5335/3066 3396/5336/3067
f 3388/5324/3055 3527/5330/3061 3534/5337/3068 3393/5331/3062
f 3392/5326/3057 3391/5329/3060 3396/5336/3067 3397/5333/3064
f 3410/5338/3069 3407/5339/3070 3401/5340/3071 3404/5341/3072
f 3432/5342/3073 3430/5343/3074 3399/5344/3075 3405/5345/3076
f 3434/5346/37 3431/5347/3077 3398/5348/3078 3408/5349/3079
f 3439/5350/37 3435/5351/3080 3402/5352/3081 3413/5353/37
f 3437/5354/3082 3436/5355/3083 3403/5356/3084 3406/5357/3085
f 3435/5351/3080 3437/5358/3082 3406/5359/3085 3402/5352/3081
f 3431/5347/3077 3432/5360/3073 3405/5361/3076 3398/5348/3078
f 3411/5362/3086 3410/5363/3069 3404/5364/3072 3400/5365/3087
f 3408/5349/3079 3414/5366/3088 3555/5367/3089 3551/5368/3090
f 3438/5369/3091 3597/5370/3092 3553/5371/31 3409/5372/3093
f 3433/5373/3094 3589/5374/3095 3552/5375/3096 3412/5376/3097
f 3414/5377/3088 3412/5376/3097 3552/5375/3096 3555/5378/3089
f 3405/5345/3076 3399/5344/3075 3412/5376/3097 3414/5377/3088
f 3430/5343/3074 3433/5373/3094 3412/5376/3097 3399/5344/3075
f 3436/5355/3083 3438/5369/3091 3409/5372/3093 3403/5356/3084
f 3398/5348/3078 3405/5361/3076 3414/5366/3088 3408/5349/3079
f 3549/5379/3098 3556/5380/3099 3410/5363/3069 3411/5362/3086
f 3596/5381/37 3439/5350/37 3413/5353/37 3554/5382/37
f 3590/5383/37 3434/5346/37 3408/5349/3079 3551/5368/3090
f 3556/5384/3099 3550/5385/3100 3407/5339/3070 3410/5338/3069
f 3425/5386/3101 3579/5387/3102 3573/5388/3103 3420/5389/3104
f 3427/5390/3105 3426/5391/3106 3423/5392/3107 3424/5393/3108
f 3428/5394/3109 3425/5386/3101 3420/5389/3104 3421/5395/3110
f 3583/5396/3111 3427/5390/3105 3424/5393/3108 3572/5397/3112
f 3429/5398/3113 3428/5394/3109 3421/5395/3110 3422/5399/3114
f 3426/5391/3106 3429/5400/3113 3422/5401/3114 3423/5392/3107
f 3418/5402/3115 3417/5403/3116 3429/5404/3113 3426/5405/3106
f 3417/5406/3116 3416/5407/3117 3428/5408/3109 3429/5409/3113
f 3565/5410/3118 3419/5411/3119 3427/5412/3105 3583/5413/3111
f 3416/5407/3117 3415/5414/3120 3425/5415/3101 3428/5408/3109
f 3419/5411/3119 3418/5402/3115 3426/5405/3106 3427/5412/3105
f 3415/5414/3120 3566/5416/3121 3579/5417/3102 3425/5415/3101
f 3554/5418/37 3413/5419/37 3434/5346/37 3590/5383/37
f 3403/5420/3084 3409/5421/3093 3433/5373/3094 3430/5343/3074
f 3409/5421/3093 3553/5422/31 3589/5374/3095 3433/5373/3094
f 3402/5423/3081 3406/5424/3085 3432/5360/3073 3431/5347/3077
f 3413/5419/37 3402/5423/3081 3431/5347/3077 3434/5346/37
f 3406/5425/3085 3403/5420/3084 3430/5343/3074 3432/5342/3073
f 3549/5379/3098 3411/5362/3086 3439/5350/37 3596/5381/37
f 3401/5340/3071 3407/5339/3070 3438/5369/3091 3436/5355/3083
f 3407/5339/3070 3550/5385/3100 3597/5370/3092 3438/5369/3091
f 3400/5365/3087 3404/5364/3072 3437/5358/3082 3435/5351/3080
f 3404/5341/3072 3401/5340/3071 3436/5355/3083 3437/5354/3082
f 3411/5362/3086 3400/5365/3087 3435/5351/3080 3439/5350/37
f 3573/5388/3103 3600/5426/37 3420/5389/3104
f 3420/5389/3104 3600/5426/37 3421/5395/3110
f 3421/5395/3110 3600/5426/37 3422/5399/3114
f 3422/5401/3114 3600/5427/37 3423/5392/3107
f 3423/5392/3107 3600/5427/37 3424/5393/3108
f 3424/5393/3108 3600/5427/37 3572/5397/3112
f 3415/5428/3120 3416/5429/3117 3441/5430/3122 3440/5431/3123
f 3419/5432/3119 3565/5433/3118 3601/5434/3124 3444/5435/3125
f 3416/5436/3117 3417/5437/3116 3442/5438/3126 3441/5439/3122
f 3417/5440/3116 3418/5441/3115 3443/5442/3127 3442/5443/3126
f 3566/5444/3121 3415/5445/3120 3440/5446/3123 3602/5447/3128
f 3418/5448/3115 3419/5449/3119 3444/5450/3125 3443/5451/3127
f 3602/5452/3128 3440/5453/3123 3445/5454/3129 3609/5455/34
f 3443/5456/3127 3444/5457/3125 3449/5458/3130 3448/5459/3131
f 3440/5453/3123 3441/5460/3122 3446/5461/3132 3445/5454/3129
f 3444/5457/3125 3601/5462/3124 3608/5463/33 3449/5458/3130
f 3441/5460/3122 3442/5464/3126 3447/5465/32 3446/5461/3132
f 3442/5466/3126 3443/5456/3127 3448/5459/3131 3447/5467/32
f 3450/5468/3133 3616/5469/3134 3623/5470/3135 3455/5471/3136
f 3454/5472/3137 3453/5473/3138 3458/5474/3139 3459/5475/3140
f 3451/5476/3141 3450/5468/3133 3455/5471/3136 3456/5477/3142
f 3615/5478/3143 3454/5472/3137 3459/5475/3140 3622/5479/3144
f 3452/5480/3145 3451/5476/3141 3456/5477/3142 3457/5481/3146
f 3453/5473/3138 3452/5482/3145 3457/5483/3146 3458/5474/3139
f 3622/5479/3144 3459/5475/3140 3464/5484/3147 3629/5485/3148
f 3457/5481/3146 3456/5477/3142 3461/5486/3149 3462/5487/3150
f 3458/5474/3139 3457/5483/3146 3462/5488/3150 3463/5489/3151
f 3455/5471/3136 3623/5470/3135 3630/5490/3152 3460/5491/3153
f 3459/5475/3140 3458/5474/3139 3463/5489/3151 3464/5484/3147
f 3456/5477/3142 3455/5471/3136 3460/5491/3153 3461/5486/3149
f 3629/5485/3148 3464/5484/3147 3469/5492/3154 3636/5493/3155
f 3462/5487/3150 3461/5486/3149 3466/5494/3156 3467/5495/3157
f 3463/5489/3151 3462/5488/3150 3467/5496/3157 3468/5497/3158
f 3460/5491/3153 3630/5490/3152 3637/5498/3159 3465/5499/3160
f 3464/5484/3147 3463/5489/3151 3468/5497/3158 3469/5492/3154
f 3461/5486/3149 3460/5491/3153 3465/5499/3160 3466/5494/3156
f 3467/5495/3157 3466/5494/3156 3471/5500/3161 3472/5501/3162
f 3468/5497/3158 3467/5496/3157 3472/5502/3162 3473/5503/3163
f 3465/5499/3160 3637/5498/3159 3644/5504/3164 3470/5505/3165
f 3469/5492/3154 3468/5497/3158 3473/5503/3163 3474/5506/3166
f 3466/5494/3156 3465/5499/3160 3470/5505/3165 3471/5500/3161
f 3636/5493/3155 3469/5492/3154 3474/5506/3166 3643/5507/3167
f 3643/5507/3167 3474/5506/3166 3650/5508/37
f 3472/5501/3162 3471/5500/3161 3650/5509/37
f 3473/5503/3163 3472/5502/3162 3650/5508/37
f 3470/5505/3165 3644/5504/3164 3650/5509/37
f 3474/5506/3166 3473/5503/3163 3650/5508/37
f 3471/5500/3161 3470/5505/3165 3650/5509/37
f 3378/5314/3045 3393/5510/3062 3534/5511/3068 3513/5315/3046
f 3379/5320/3051 3394/5512/3063 3393/5510/3062 3378/5314/3045
f 3380/5311/3042 3395/5513/3066 3394/5512/3063 3379/5320/3051
f 3512/5322/3053 3533/5514/3065 3397/5515/3064 3382/5318/3049
f 3382/5318/3049 3397/5515/3064 3396/5516/3067 3381/5310/3041
f 3381/5310/3041 3396/5516/3067 3395/5513/3066 3380/5311/3042
f 3480/5517/3168 3487/5518/3169 3486/5519/3170 3479/5520/3171
f 3477/5521/3172 3484/5522/3173 3483/5274/3012 3476/5273/3011
f 3481/5523/3174 3488/5524/3175 3487/5518/3169 3480/5517/3168
f 3478/5525/3176 3485/5526/3177 3484/5522/3173 3477/5521/3172
f 3482/5280/3018 3489/5281/3019 3488/5524/3175 3481/5523/3174
f 3479/5527/3171 3486/5528/3170 3485/5526/3177 3478/5525/3176
f 3488/5524/3175 3495/5529/3178 3494/5530/3179 3487/5518/3169
f 3485/5526/3177 3492/5531/3180 3491/5532/3181 3484/5522/3173
f 3489/5281/3019 3496/5288/3024 3495/5529/3178 3488/5524/3175
f 3486/5528/3170 3493/5533/3182 3492/5531/3180 3485/5526/3177
f 3487/5518/3169 3494/5530/3179 3493/5534/3182 3486/5519/3170
f 3484/5522/3173 3491/5532/3181 3490/5291/3026 3483/5274/3012
f 3495/5529/3178 3502/5535/3183 3501/5536/3184 3494/5530/3179
f 3492/5531/3180 3499/5537/3185 3498/5538/3186 3491/5532/3181
f 3496/5288/3024 3503/5296/3031 3502/5535/3183 3495/5529/3178
f 3493/5533/3182 3500/5539/3187 3499/5537/3185 3492/5531/3180
f 3494/5530/3179 3501/5536/3184 3500/5540/3187 3493/5534/3182
f 3491/5532/3181 3498/5538/3186 3497/5299/3033 3490/5291/3026
f 3499/5537/3185 3506/5541/3188 3505/5542/3189 3498/5538/3186
f 3503/5296/3031 3510/5303/3037 3509/5543/3190 3502/5535/3183
f 3500/5539/3187 3507/5544/3191 3506/5541/3188 3499/5537/3185
f 3501/5536/3184 3508/5545/3192 3507/5546/3191 3500/5540/3187
f 3498/5538/3186 3505/5542/3189 3504/5307/3040 3497/5299/3033
f 3502/5535/3183 3509/5543/3190 3508/5545/3192 3501/5536/3184
f 3506/5541/3188 3511/5308/31 3505/5542/3189
f 3510/5303/3037 3511/5309/31 3509/5543/3190
f 3507/5544/3191 3511/5308/31 3506/5541/3188
f 3508/5545/3192 3511/5309/31 3507/5546/3191
f 3505/5542/3189 3511/5308/31 3504/5307/3040
f 3509/5543/3190 3511/5309/31 3508/5545/3192
f 3517/5547/3193 3524/5548/3194 3523/5549/3195 3516/5550/3196
f 3514/5551/3197 3521/5552/3198 3520/5316/3047 3513/5315/3046
f 3518/5553/3199 3525/5554/3200 3524/5548/3194 3517/5547/3193
f 3515/5555/3201 3522/5556/3202 3521/5552/3198 3514/5551/3197
f 3512/5322/3053 3519/5323/3054 3525/5554/3200 3518/5553/3199
f 3516/5550/3196 3523/5549/3195 3522/5556/3202 3515/5555/3201
f 3522/5556/3202 3529/5557/3203 3528/5558/3204 3521/5552/3198
f 3519/5323/3054 3526/5327/3058 3532/5559/3205 3525/5554/3200
f 3523/5549/3195 3530/5560/3206 3529/5557/3203 3522/5556/3202
f 3524/5548/3194 3531/5561/3207 3530/5560/3206 3523/5549/3195
f 3521/5552/3198 3528/5558/3204 3527/5330/3061 3520/5316/3047
f 3525/5554/3200 3532/5559/3205 3531/5561/3207 3524/5548/3194
f 3529/5557/3203 3536/5562/3208 3535/5563/3209 3528/5558/3204
f 3526/5327/3058 3533/5334/3065 3539/5564/3210 3532/5559/3205
f 3530/5560/3206 3537/5565/3211 3536/5562/3208 3529/5557/3203
f 3531/5561/3207 3538/5566/3212 3537/5565/3211 3530/5560/3206
f 3528/5558/3204 3535/5563/3209 3534/5337/3068 3527/5330/3061
f 3532/5559/3205 3539/5564/3210 3538/5566/3212 3531/5561/3207
f 3560/5567/3213 3546/5568/3214 3543/5569/3215 3557/5570/3216
f 3588/5571/3217 3547/5572/3218 3541/5573/3219 3586/5574/3220
f 3592/5575/37 3558/5576/3221 3540/5577/3222 3587/5578/3223
f 3599/5579/37 3563/5580/37 3544/5581/3224 3593/5582/3225
f 3595/5583/3226 3548/5584/3227 3545/5585/3228 3594/5586/3229
f 3593/5582/3225 3544/5581/3224 3548/5587/3227 3595/5588/3226
f 3587/5578/3223 3540/5577/3222 3547/5589/3218 3588/5590/3217
f 3561/5591/3230 3542/5592/3231 3546/5593/3214 3560/5594/3213
f 3558/5576/3221 3551/5368/3090 3555/5367/3089 3564/5595/3232
f 3598/5596/3233 3559/5597/3234 3553/5371/31 3597/5370/3092
f 3591/5598/3235 3562/5599/3236 3552/5375/3096 3589/5374/3095
f 3564/5600/3232 3555/5378/3089 3552/5375/3096 3562/5599/3236
f 3547/5572/3218 3564/5600/3232 3562/5599/3236 3541/5573/3219
f 3586/5574/3220 3541/5573/3219 3562/5599/3236 3591/5598/3235
f 3594/5586/3229 3545/5585/3228 3559/5597/3234 3598/5596/3233
f 3540/5577/3222 3558/5576/3221 3564/5595/3232 3547/5589/3218
f 3549/5379/3098 3561/5591/3230 3560/5594/3213 3556/5380/3099
f 3596/5381/37 3554/5382/37 3563/5580/37 3599/5579/37
f 3590/5383/37 3551/5368/3090 3558/5576/3221 3592/5575/37
f 3556/5384/3099 3560/5567/3213 3557/5570/3216 3550/5385/3100
f 3580/5601/3237 3574/5602/3238 3573/5388/3103 3579/5387/3102
f 3582/5603/3239 3578/5604/3240 3577/5605/3241 3581/5606/3242
f 3584/5607/3243 3575/5608/3244 3574/5602/3238 3580/5601/3237
f 3583/5396/3111 3572/5397/3112 3578/5604/3240 3582/5603/3239
f 3585/5609/3245 3576/5610/3246 3575/5608/3244 3584/5607/3243
f 3581/5606/3242 3577/5605/3241 3576/5611/3246 3585/5612/3245
f 3570/5613/3247 3581/5614/3242 3585/5615/3245 3569/5616/3248
f 3569/5617/3248 3585/5618/3245 3584/5619/3243 3568/5620/3249
f 3565/5410/3118 3583/5413/3111 3582/5621/3239 3571/5622/3250
f 3568/5620/3249 3584/5619/3243 3580/5623/3237 3567/5624/3251
f 3571/5622/3250 3582/5621/3239 3581/5614/3242 3570/5613/3247
f 3567/5624/3251 3580/5623/3237 3579/5417/3102 3566/5416/3121
f 3554/5418/37 3590/5383/37 3592/5575/37 3563/5625/37
f 3545/5626/3228 3586/5574/3220 3591/5598/3235 3559/5627/3234
f 3559/5627/3234 3591/5598/3235 3589/5374/3095 3553/5422/31
f 3544/5628/3224 3587/5578/3223 3588/5590/3217 3548/5629/3227
f 3563/5625/37 3592/5575/37 3587/5578/3223 3544/5628/3224
f 3548/5630/3227 3588/5571/3217 3586/5574/3220 3545/5626/3228
f 3549/5379/3098 3596/5381/37 3599/5579/37 3561/5591/3230
f 3543/5569/3215 3594/5586/3229 3598/5596/3233 3557/5570/3216
f 3557/5570/3216 3598/5596/3233 3597/5370/3092 3550/5385/3100
f 3542/5592/3231 3593/5582/3225 3595/5588/3226 3546/5593/3214
f 3546/5568/3214 3595/5583/3226 3594/5586/3229 3543/5569/3215
f 3561/5591/3230 3599/5579/37 3593/5582/3225 3542/5592/3231
f 3573/5388/3103 3574/5602/3238 3600/5426/37
f 3574/5602/3238 3575/5608/3244 3600/5426/37
f 3575/5608/3244 3576/5610/3246 3600/5426/37
f 3576/5611/3246 3577/5605/3241 3600/5427/37
f 3577/5605/3241 3578/5604/3240 3600/5427/37
f 3578/5604/3240 3572/5397/3112 3600/5427/37
f 3567/5631/3251 3603/5632/3252 3604/5633/3253 3568/5634/3249
f 3571/5635/3250 3607/5636/3254 3601/5434/3124 3565/5433/3118
f 3568/5637/3249 3604/5638/3253 3605/5639/3255 3569/5640/3248
f 3569/5641/3248 3605/5642/3255 3606/5643/3256 3570/5644/3247
f 3566/5444/3121 3602/5447/3128 3603/5645/3252 3567/5646/3251
f 3570/5647/3247 3606/5648/3256 3607/5649/3254 3571/5650/3250
f 3602/5452/3128 3609/5455/34 3610/5651/3257 3603/5652/3252
f 3606/5653/3256 3613/5654/3258 3614/5655/3259 3607/5656/3254
f 3603/5652/3252 3610/5651/3257 3611/5657/3260 3604/5658/3253
f 3607/5656/3254 3614/5655/3259 3608/5463/33 3601/5462/3124
f 3604/5658/3253 3611/5657/3260 3612/5659/36 3605/5660/3255
f 3605/5661/3255 3612/5662/36 3613/5654/3258 3606/5653/3256
f 3617/5663/3261 3624/5664/3262 3623/5470/3135 3616/5469/3134
f 3621/5665/3263 3628/5666/3264 3627/5667/3265 3620/5668/3266
f 3618/5669/3267 3625/5670/3268 3624/5664/3262 3617/5663/3261
f 3615/5478/3143 3622/5479/3144 3628/5666/3264 3621/5665/3263
f 3619/5671/3269 3626/5672/3270 3625/5670/3268 3618/5669/3267
f 3620/5668/3266 3627/5667/3265 3626/5673/3270 3619/5674/3269
f 3622/5479/3144 3629/5485/3148 3635/5675/3271 3628/5666/3264
f 3626/5672/3270 3633/5676/3272 3632/5677/3273 3625/5670/3268
f 3627/5667/3265 3634/5678/3274 3633/5679/3272 3626/5673/3270
f 3624/5664/3262 3631/5680/3275 3630/5490/3152 3623/5470/3135
f 3628/5666/3264 3635/5675/3271 3634/5678/3274 3627/5667/3265
f 3625/5670/3268 3632/5677/3273 3631/5680/3275 3624/5664/3262
f 3629/5485/3148 3636/5493/3155 3642/5681/3276 3635/5675/3271
f 3633/5676/3272 3640/5682/3277 3639/5683/3278 3632/5677/3273
f 3634/5678/3274 3641/5684/3279 3640/5685/3277 3633/5679/3272
f 3631/5680/3275 3638/5686/3280 3637/5498/3159 3630/5490/3152
f 3635/5675/3271 3642/5681/3276 3641/5684/3279 3634/5678/3274
f 3632/5677/3273 3639/5683/3278 3638/5686/3280 3631/5680/3275
f 3640/5682/3277 3647/5687/3281 3646/5688/3282 3639/5683/3278
f 3641/5684/3279 3648/5689/3283 3647/5690/3281 3640/5685/3277
f 3638/5686/3280 3645/5691/3284 3644/5504/3164 3637/5498/3159
f 3642/5681/3276 3649/5692/3285 3648/5689/3283 3641/5684/3279
f 3639/5683/3278 3646/5688/3282 3645/5691/3284 3638/5686/3280
f 3636/5493/3155 3643/5507/3167 3649/5692/3285 3642/5681/3276
f 3643/5507/3167 3650/5508/37 3649/5692/3285
f 3647/5687/3281 3650/5509/37 3646/5688/3282
f 3648/5689/3283 3650/5508/37 3647/5690/3281
f 3645/5691/3284 3650/5509/37 3644/5504/3164
f 3649/5692/3285 3650/5508/37 3648/5689/3283
f 3646/5688/3282 3650/5509/37 3645/5691/3284
f 3514/5551/3197 3513/5315/3046 3534/5511/3068 3535/5693/3209
f 3515/5555/3201 3514/5551/3197 3535/5693/3209 3536/5694/3208
f 3516/5550/3196 3515/5555/3201 3536/5694/3208 3537/5695/3211
f 3512/5322/3053 3518/5553/3199 3539/5696/3210 3533/5514/3065
f 3518/5553/3199 3517/5547/3193 3538/5697/3212 3539/5696/3210
f 3517/5547/3193 3516/5550/3196 3537/5695/3211 3538/5697/3212
